
############ STAGE 01_build_universe.py ############
2026-10-02 16:47:20
16:47:22 INFO    vrp.wrds_conn: Opening WRDS connection as aek234 ...
Loading library list...
Done
16:47:24 INFO    vrp.wrds_conn: WRDS connection established in 1.3s
Approximately 2064 rows in crsp.dsp500list.
16:47:24 INFO    vrp.wrds_conn: cache hit  sp500_membership__30d4646f0d815b46.parquet
membership spans: 1,279 rows, 1,248 distinct permnos
Approximately 5153763 rows in crsp.msf.
16:47:24 INFO    vrp.wrds_conn: cache hit  msf_mktcap__9a3ea01c4d09c948.parquet
monthly market caps: 280,597 rows
universe: 54,000 (month, permno) rows, 515 distinct permnos, 360 entry months
Approximately 117859 rows in crsp.dsenames.
16:47:25 INFO    vrp.wrds_conn: cache hit  crsp_names__38be1e50209e97ef.parquet

wrote data\interim\universe.parquet

turnover (first and last 6 entry months):
entry_month   n  entries  exits
    1994-02 150      NaN    NaN
    1994-03 150      4.0    4.0
    1994-04 150      6.0    6.0
    1994-05 150      5.0    5.0
    1994-06 150      3.0    3.0
    1994-07 150      5.0    5.0
    2023-08 150      5.0    5.0
    2023-09 150      4.0    4.0
    2023-10 150      3.0    3.0
    2023-11 150      2.0    2.0
    2023-12 150      4.0    4.0
    2024-01 150      4.0    4.0

==================================================================================================================
CHECKPOINT 1 -- point-in-time universe
==================================================================================================================
  [PASS] member count per month in [480, 520]                                                   min=499, max=506
  [PASS] TSLA absent before 2020-12-21 index add, present after                                 member 30d before=False, 30d after=True
  [PASS] a mid-sample deletion disappears from the universe                                     permno 24678 exited 2000-06-20; 0 universe rows after that month
  [PASS] expected large caps present in their months (XOM/GE in 2017, AAPL/MSFT/AMZN in 2020)   all present
  [PASS] no permno appears twice within a month                                                 0 duplicate (month, permno) rows
  [PASS] ranks are 1..150 with no gaps in every month                                           all months have contiguous ranks (sizes 150-150)
  [PASS] distinct permnos across the sample > 200 (a static ~150 means survivorship bias)       515 distinct permnos
------------------------------------------------------------------------------------------------------------------
  ALL CHECKS PASSED

--> 01_build_universe.py exit 0

############ STAGE 02_pull_crsp.py ############
2026-10-02 16:47:31
universe: 54,000 (month, permno) cells over 515 permnos
16:47:34 INFO    vrp.wrds_conn: Opening WRDS connection as aek234 ...
Loading library list...
Done
16:47:36 INFO    vrp.wrds_conn: WRDS connection established in 1.3s
Approximately 107682104 rows in crsp.dsf.
16:47:36 INFO    vrp.wrds_conn: cache hit  dsf_prices__e5800bd511fe7479.parquet
daily prices: 2,720,819 rows, 1994-01-03 to 2024-02-29
  quote-average days (prc < 0): 307
  missing-price days:           5,232
Approximately 38872 rows in crsp.dsedelist.
16:47:39 INFO    vrp.wrds_conn: cache hit  dsedelist__144971703295d5c3.parquet
delisting events in window: 212
16:47:39 INFO    vrp.wrds_conn: cache hit  opcrsphist__9acdc66f29061de3.parquet
link rows (score <= 5, permno not null): 582, 569 secids for 510 permnos
ambiguous permnos: 58 carrying 127 candidate secids -- counting option rows to adjudicate
16:47:39 INFO    vrp.wrds_conn: cache hit  secid_activity__8665aadca331a164.parquet
  82 of 127 candidate secids have option data
link coverage: 99.96% of universe cells; 5 permnos unlinked

entry calendar [first_trading_day_after_monthly_expiry]: 362 dates, 1994-01-24 to 2024-02-20
  median offset vs the first-of-month rule: +20 days
wrote output\figures\split_adjustment.png

=======================================================================================
CHECKPOINT 2a -- CRSP prices and the OM<->CRSP link
=======================================================================================
  [PASS] no duplicate (permno, date) price rows                      0 duplicates over 2,720,819 rows
  [PASS] known splits show no jump in the adjusted series            AAPL 2020-08-31: raw 499.23->129.04 (logchg -1.353), adj 124.81->129.04 (logchg +0.033); NVDA 2021-07-20: raw 751.19->186.12 (logchg -1.395), adj 18.78->18.61 (logchg -0.009)
  [PASS] adjusted price return reconciles with CRSP retx             price 1.8595 vs retx 1.8595 (rel err 3.44e-06); implied dividend yield 1.51%
  [PASS] link coverage of universe (permno, month) cells > 98%       99.96% of 54,000 cells; 5 of 515 permnos unlinked e.g. [11626, 18032, 23341, 26681, 27087]
  [PASS] every ambiguous link resolves to a secid with option data   75,860 conflicted cells across 51 permnos; all resolved to live chains
  [PASS] delisting events counted for the Q7 exclusion               212 delisting rows in window, 212 on universe names
---------------------------------------------------------------------------------------
  ALL CHECKS PASSED

--> 02_pull_crsp.py exit 0

############ STAGE 03_pull_options.py ############
2026-10-02 16:48:02
entry spec: 50,400 stock-months, 497 permnos, 336 months, 28 years
  without a secid on the entry date: 77
16:48:07 INFO    vrp.wrds_conn: Opening WRDS connection as aek234 ...
Loading library list...
Done
16:48:08 INFO    vrp.wrds_conn: WRDS connection established in 1.2s
16:48:08 INFO    vrp.data.option_chains: Pass A 1996: 175 secids x 12 entry dates
16:48:08 INFO    vrp.wrds_conn: cache miss opt_candidates_1996__b25cabf3e11cf771.parquet -- querying WRDS
16:48:09 INFO    vrp.wrds_conn:   17,946 rows in 0.9s
16:48:09 INFO    vrp.data.option_chains:   17,946 rows
16:48:09 INFO    vrp.data.option_chains: Pass A 1997: 176 secids x 12 entry dates
16:48:09 INFO    vrp.wrds_conn: cache miss opt_candidates_1997__9bce5277c4b99bf9.parquet -- querying WRDS
16:48:10 INFO    vrp.wrds_conn:   24,817 rows in 1.1s
16:48:11 INFO    vrp.data.option_chains:   24,817 rows
16:48:11 INFO    vrp.data.option_chains: Pass A 1998: 185 secids x 12 entry dates
16:48:11 INFO    vrp.wrds_conn: cache miss opt_candidates_1998__508696d8b6fa0c2d.parquet -- querying WRDS
16:48:12 INFO    vrp.wrds_conn:   28,717 rows in 1.4s
16:48:12 INFO    vrp.data.option_chains:   28,717 rows
16:48:12 INFO    vrp.data.option_chains: Pass A 1999: 175 secids x 12 entry dates
16:48:12 INFO    vrp.wrds_conn: cache miss opt_candidates_1999__fbfd29387177769a.parquet -- querying WRDS
16:48:15 INFO    vrp.wrds_conn:   33,247 rows in 2.2s
16:48:15 INFO    vrp.data.option_chains:   33,247 rows
16:48:15 INFO    vrp.data.option_chains: Pass A 2000: 197 secids x 12 entry dates
16:48:15 INFO    vrp.wrds_conn: cache miss opt_candidates_2000__2f95b374474c430c.parquet -- querying WRDS
16:48:17 INFO    vrp.wrds_conn:   51,392 rows in 2.3s
16:48:17 INFO    vrp.data.option_chains:   51,392 rows
16:48:17 INFO    vrp.data.option_chains: Pass A 2001: 193 secids x 12 entry dates
16:48:17 INFO    vrp.wrds_conn: cache miss opt_candidates_2001__edf2be0f755434e6.parquet -- querying WRDS
16:48:19 INFO    vrp.wrds_conn:   46,140 rows in 2.0s
16:48:20 INFO    vrp.data.option_chains:   46,140 rows
16:48:20 INFO    vrp.data.option_chains: Pass A 2002: 190 secids x 12 entry dates
16:48:20 INFO    vrp.wrds_conn: cache miss opt_candidates_2002__6ed563bef45e6074.parquet -- querying WRDS
16:48:21 INFO    vrp.wrds_conn:   40,411 rows in 1.6s
16:48:21 INFO    vrp.data.option_chains:   40,411 rows
16:48:21 INFO    vrp.data.option_chains: Pass A 2003: 175 secids x 12 entry dates
16:48:21 INFO    vrp.wrds_conn: cache miss opt_candidates_2003__c5af9570d5b1b68f.parquet -- querying WRDS
16:48:23 INFO    vrp.wrds_conn:   34,966 rows in 1.3s
16:48:23 INFO    vrp.data.option_chains:   34,966 rows
16:48:23 INFO    vrp.data.option_chains: Pass A 2004: 179 secids x 12 entry dates
16:48:23 INFO    vrp.wrds_conn: cache miss opt_candidates_2004__553e04fb67b01b4b.parquet -- querying WRDS
16:48:24 INFO    vrp.wrds_conn:   40,650 rows in 1.5s
16:48:25 INFO    vrp.data.option_chains:   40,650 rows
16:48:25 INFO    vrp.data.option_chains: Pass A 2005: 180 secids x 12 entry dates
16:48:25 INFO    vrp.wrds_conn: cache miss opt_candidates_2005__0a1672d179c7006b.parquet -- querying WRDS
16:48:27 INFO    vrp.wrds_conn:   43,274 rows in 1.8s
16:48:27 INFO    vrp.data.option_chains:   43,274 rows
16:48:27 INFO    vrp.data.option_chains: Pass A 2006: 171 secids x 12 entry dates
16:48:27 INFO    vrp.wrds_conn: cache miss opt_candidates_2006__47a3c81145e89cfb.parquet -- querying WRDS
16:48:29 INFO    vrp.wrds_conn:   43,706 rows in 2.0s
16:48:29 INFO    vrp.data.option_chains:   43,706 rows
16:48:29 INFO    vrp.data.option_chains: Pass A 2007: 180 secids x 12 entry dates
16:48:29 INFO    vrp.wrds_conn: cache miss opt_candidates_2007__093266bfeb4c16e0.parquet -- querying WRDS
16:48:31 INFO    vrp.wrds_conn:   47,798 rows in 2.2s
16:48:32 INFO    vrp.data.option_chains:   47,798 rows
16:48:32 INFO    vrp.data.option_chains: Pass A 2008: 189 secids x 12 entry dates
16:48:32 INFO    vrp.wrds_conn: cache miss opt_candidates_2008__37240101791ba2da.parquet -- querying WRDS
16:48:34 INFO    vrp.wrds_conn:   60,606 rows in 2.5s
16:48:35 INFO    vrp.data.option_chains:   60,606 rows
16:48:35 INFO    vrp.data.option_chains: Pass A 2009: 177 secids x 12 entry dates
16:48:35 INFO    vrp.wrds_conn: cache miss opt_candidates_2009__6cd0282ff46ebfc4.parquet -- querying WRDS
16:48:37 INFO    vrp.wrds_conn:   68,109 rows in 2.8s
16:48:38 INFO    vrp.data.option_chains:   68,109 rows
16:48:38 INFO    vrp.data.option_chains: Pass A 2010: 173 secids x 12 entry dates
16:48:38 INFO    vrp.wrds_conn: cache miss opt_candidates_2010__c1ca63cda584dadd.parquet -- querying WRDS
16:48:41 INFO    vrp.wrds_conn:   67,996 rows in 2.9s
16:48:41 INFO    vrp.data.option_chains:   67,996 rows
16:48:41 INFO    vrp.data.option_chains: Pass A 2011: 177 secids x 12 entry dates
16:48:41 INFO    vrp.wrds_conn: cache miss opt_candidates_2011__d5a834e674adf433.parquet -- querying WRDS
16:48:45 INFO    vrp.wrds_conn:   84,219 rows in 3.6s
16:48:45 INFO    vrp.data.option_chains:   84,219 rows
16:48:45 INFO    vrp.data.option_chains: Pass A 2012: 170 secids x 12 entry dates
16:48:45 INFO    vrp.wrds_conn: cache miss opt_candidates_2012__9886e92139d2879d.parquet -- querying WRDS
16:48:49 INFO    vrp.wrds_conn:   97,461 rows in 4.3s
16:48:50 INFO    vrp.data.option_chains:   97,461 rows
16:48:50 INFO    vrp.data.option_chains: Pass A 2013: 176 secids x 12 entry dates
16:48:50 INFO    vrp.wrds_conn: cache miss opt_candidates_2013__e114a4d742ec5704.parquet -- querying WRDS
16:48:56 INFO    vrp.wrds_conn:   148,218 rows in 6.6s
16:48:57 INFO    vrp.data.option_chains:   148,218 rows
16:48:57 INFO    vrp.data.option_chains: Pass A 2014: 166 secids x 12 entry dates
16:48:57 INFO    vrp.wrds_conn: cache miss opt_candidates_2014__52fd95293d6cc901.parquet -- querying WRDS
16:49:18 INFO    vrp.wrds_conn:   386,794 rows in 20.8s
16:49:19 INFO    vrp.data.option_chains:   386,794 rows
16:49:19 INFO    vrp.data.option_chains: Pass A 2015: 177 secids x 12 entry dates
16:49:19 INFO    vrp.wrds_conn: cache miss opt_candidates_2015__8c2a80bb418e5510.parquet -- querying WRDS
16:49:46 INFO    vrp.wrds_conn:   576,936 rows in 26.6s
16:49:48 INFO    vrp.data.option_chains:   576,936 rows
16:49:48 INFO    vrp.data.option_chains: Pass A 2016: 175 secids x 12 entry dates
16:49:48 INFO    vrp.wrds_conn: cache hit  opt_candidates_2016__998d0175bad2e14a.parquet
16:49:49 INFO    vrp.data.option_chains:   554,006 rows
16:49:49 INFO    vrp.data.option_chains: Pass A 2017: 173 secids x 12 entry dates
16:49:49 INFO    vrp.wrds_conn: cache hit  opt_candidates_2017__3eb394fb52ea83c3.parquet
16:49:49 INFO    vrp.data.option_chains:   573,740 rows
16:49:49 INFO    vrp.data.option_chains: Pass A 2018: 170 secids x 12 entry dates
16:49:49 INFO    vrp.wrds_conn: cache hit  opt_candidates_2018__7bc523f856b282dd.parquet
16:49:50 INFO    vrp.data.option_chains:   573,674 rows
16:49:50 INFO    vrp.data.option_chains: Pass A 2019: 172 secids x 12 entry dates
16:49:50 INFO    vrp.wrds_conn: cache hit  opt_candidates_2019__f2d215208c2b86cc.parquet
16:49:51 INFO    vrp.data.option_chains:   553,295 rows
16:49:51 INFO    vrp.data.option_chains: Pass A 2020: 175 secids x 12 entry dates
16:49:51 INFO    vrp.wrds_conn: cache hit  opt_candidates_2020__b117bcecb052033d.parquet
16:49:51 INFO    vrp.data.option_chains:   706,890 rows
16:49:51 INFO    vrp.data.option_chains: Pass A 2021: 173 secids x 12 entry dates
16:49:51 INFO    vrp.wrds_conn: cache hit  opt_candidates_2021__33d4cba1942b553a.parquet
16:49:52 INFO    vrp.data.option_chains:   730,992 rows
16:49:52 INFO    vrp.data.option_chains: Pass A 2022: 172 secids x 12 entry dates
16:49:52 INFO    vrp.wrds_conn: cache hit  opt_candidates_2022__e8615b6d9eca53d9.parquet
16:49:53 INFO    vrp.data.option_chains:   677,666 rows
16:49:53 INFO    vrp.data.option_chains: Pass A 2023: 176 secids x 12 entry dates
16:49:53 INFO    vrp.wrds_conn: cache hit  opt_candidates_2023__a968888c013f57c6.parquet
16:49:54 INFO    vrp.data.option_chains:   699,068 rows

Pass A candidates: 7,012,734 rows
  496 secids, 336 entry dates, 7,012,730 distinct contracts
  dte range 17-46, calls 3,506,875 / puts 3,505,859
16:50:07 INFO    vrp.wrds_conn: cache hit  zerocd__2f943ecd0bedd50c.parquet

zero curve: 300,165 rows, 1-3669 day tenors, r from 0.0006 to 0.0798
16:50:07 INFO    vrp.wrds_conn: cache miss distrd__060f568d35bc72db.parquet -- querying WRDS
16:50:08 INFO    vrp.wrds_conn:   28,289 rows in 0.7s
dividends: 28,289 ordinary cash rows for 414 secids; declaration lead median 20d, 34% declared >=30d before ex-date

wrote data\interim/{entry_spec,option_candidates,zero_curve,dividends}.parquet
--> 03_pull_options.py exit 0

############ STAGE 04_select_contracts.py ############
2026-10-02 16:50:35
candidates: 7,012,734 rows; spot: 2,524,901 (secid, date) cells

screen cascade (primary IV cap 300%):
                                     screen  rows_in  rows_out  rows_dropped  stock_months_out
                             raw candidates  7012734   7012734             0             58962
       standard settlement (ss_flag == '0')  7012734   6938601         74133             58938
standard deliverable (contract_size == 100)  6938601   6938601             0             58938
                               positive bid  6938601   5789731       1148870             58938
                   offer strictly above bid  5789731   5785421          4310             58938
                          open interest > 0  5785421   2973708       2811713             58541
                 implied volatility present  2973708   2768026        205682             58483
           implied volatility in [1%, 300%]  2768026   2768026             0             58483
                standard monthly expiration  2768026   1157285       1610741             58483
                              delta present  1157285   1157285             0             58483
          arbitrage bounds on the mid quote  1157285   1157270            15             58483

selected: 98,435 positions (49,188 calls, 49,247 puts)
  at BK's literal 100% IV cap: 97,875 positions (+560 difference)

position-level exclusions:
                                         filter  positions_in  positions_out  dropped                                                      note
               underlying has a resolved permno         98435          98435        0                                                          
underlying does not delist during the hold (Q7)         98435          98290      145 option is early-terminated or converted; CRSP prices stop
           stock price available through expiry         98290          97783      507       Stage 4's terminal value is intrinsic and needs S_T
  surviving positions: 97,783

coverage by year:
 group  stock_months  with_call  with_put  coverage
  1996          1796       1145      1098  0.676503
  1997          1795       1374      1335  0.795543
  1998          1791       1459      1437  0.843663
  1999          1795       1392      1375  0.805571
  2000          1791       1446      1428  0.841988
  2001          1796       1407      1417  0.826837
  2002          1798       1315      1362  0.784205
  2003          1799       1150      1172  0.669817
  2004          1797       1083      1096  0.628269
  2005          1798       1045      1043  0.605117
  2006          1796       1189      1165  0.686526
  2007          1797       1327      1312  0.759599
  2008          1799       1591      1595  0.892162
  2009          1796       1564      1585  0.886414
  2010          1799       1558      1585  0.884936
  2011          1799       1665      1681  0.940523
  2012          1799       1666      1692  0.949416
  2013          1799       1642      1665  0.935520
  2014          1800       1617      1640  0.925000
  2015          1798       1655      1669  0.937709
  2016          1794       1644      1661  0.937570
  2017          1797       1586      1583  0.904841
  2018          1797       1701      1700  0.956594
  2019          1800       1684      1685  0.948889
  2020          1798       1760      1768  0.987208
  2021          1800       1745      1747  0.976111
  2022          1800       1770      1773  0.986667
  2023          1799       1740      1730  0.972763
16:52:38 INFO    vrp.wrds_conn: Opening WRDS connection as aek234 ...
Loading library list...
Done
16:52:39 INFO    vrp.wrds_conn: WRDS connection established in 1.5s
16:52:40 INFO    vrp.data.option_chains: Pass B 1996: 2505 contracts, 1996-01-22..1997-01-18 (unioned with 1997)
16:52:40 INFO    vrp.wrds_conn: cache miss opt_paths_1996__72fb2be694808f23.parquet -- querying WRDS
16:52:45 INFO    vrp.wrds_conn:   145,229 rows in 5.3s
16:52:46 INFO    vrp.data.option_chains:   145,229 rows
16:52:46 INFO    vrp.data.option_chains: Pass B 1997: 3037 contracts, 1997-01-20..1998-01-17 (unioned with 1998)
16:52:46 INFO    vrp.wrds_conn: cache miss opt_paths_1997__3538485c1e5b843c.parquet -- querying WRDS
16:52:52 INFO    vrp.wrds_conn:   184,939 rows in 6.6s
16:52:53 INFO    vrp.data.option_chains:   184,939 rows
16:52:53 INFO    vrp.data.option_chains: Pass B 1998: 3479 contracts, 1998-01-20..1999-01-16 (unioned with 1999)
16:52:53 INFO    vrp.wrds_conn: cache miss opt_paths_1998__a82f4cd78d47bfac.parquet -- querying WRDS
16:53:01 INFO    vrp.wrds_conn:   219,497 rows in 8.2s
16:53:02 INFO    vrp.data.option_chains:   219,497 rows
16:53:02 INFO    vrp.data.option_chains: Pass B 1999: 3189 contracts, 1999-02-22..2000-01-22 (unioned with 2000)
16:53:02 INFO    vrp.wrds_conn: cache miss opt_paths_1999__619fa3c1f4d58ca3.parquet -- querying WRDS
16:53:10 INFO    vrp.wrds_conn:   203,747 rows in 7.7s
16:53:10 INFO    vrp.data.option_chains:   203,747 rows
16:53:10 INFO    vrp.data.option_chains: Pass B 2000: 3711 contracts, 2000-01-24..2001-01-20 (unioned with 2001)
16:53:10 INFO    vrp.wrds_conn: cache miss opt_paths_2000__be1207634b00f6c4.parquet -- querying WRDS
16:53:19 INFO    vrp.wrds_conn:   238,585 rows in 8.9s
16:53:20 INFO    vrp.data.option_chains:   238,585 rows
16:53:20 INFO    vrp.data.option_chains: Pass B 2001: 3587 contracts, 2001-01-22..2002-01-19 (unioned with 2002)
16:53:20 INFO    vrp.wrds_conn: cache miss opt_paths_2001__e040b7fc1f9dc185.parquet -- querying WRDS
16:53:29 INFO    vrp.wrds_conn:   244,607 rows in 9.5s
16:53:30 INFO    vrp.data.option_chains:   244,607 rows
16:53:30 INFO    vrp.data.option_chains: Pass B 2002: 3302 contracts, 2002-01-22..2003-01-18 (unioned with 2003)
16:53:30 INFO    vrp.wrds_conn: cache miss opt_paths_2002__ee5c486dcb02e380.parquet -- querying WRDS
16:53:39 INFO    vrp.wrds_conn:   226,030 rows in 8.8s
16:53:39 INFO    vrp.data.option_chains:   226,030 rows
16:53:39 INFO    vrp.data.option_chains: Pass B 2003: 2670 contracts, 2003-01-21..2004-01-17 (unioned with 2004)
16:53:39 INFO    vrp.wrds_conn: cache miss opt_paths_2003__e030c3b472f59211.parquet -- querying WRDS
16:53:47 INFO    vrp.wrds_conn:   182,362 rows in 7.1s
16:53:47 INFO    vrp.data.option_chains:   182,362 rows
16:53:47 INFO    vrp.data.option_chains: Pass B 2004: 2576 contracts, 2004-01-20..2005-01-22 (unioned with 2005)
16:53:47 INFO    vrp.wrds_conn: cache miss opt_paths_2004__79c7d282006fa2ef.parquet -- querying WRDS
16:53:55 INFO    vrp.wrds_conn:   193,548 rows in 7.6s
16:53:55 INFO    vrp.data.option_chains:   193,548 rows
16:53:55 INFO    vrp.data.option_chains: Pass B 2005: 2506 contracts, 2005-01-24..2006-01-21 (unioned with 2006)
16:53:55 INFO    vrp.wrds_conn: cache miss opt_paths_2005__bccdc7390b608bdd.parquet -- querying WRDS
16:54:05 INFO    vrp.wrds_conn:   189,829 rows in 9.9s
16:54:06 INFO    vrp.data.option_chains:   189,829 rows
16:54:06 INFO    vrp.data.option_chains: Pass B 2006: 2669 contracts, 2006-01-23..2007-01-20 (unioned with 2007)
16:54:06 INFO    vrp.wrds_conn: cache miss opt_paths_2006__11a9d2981b2605a4.parquet -- querying WRDS
16:54:14 INFO    vrp.wrds_conn:   199,021 rows in 8.4s
16:54:15 INFO    vrp.data.option_chains:   199,021 rows
16:54:15 INFO    vrp.data.option_chains: Pass B 2007: 3112 contracts, 2007-01-22..2008-01-19 (unioned with 2008)
16:54:15 INFO    vrp.wrds_conn: cache miss opt_paths_2007__4abc426562124e52.parquet -- querying WRDS
16:54:25 INFO    vrp.wrds_conn:   233,508 rows in 9.7s
16:54:26 INFO    vrp.data.option_chains:   233,508 rows
16:54:26 INFO    vrp.data.option_chains: Pass B 2008: 3914 contracts, 2008-01-22..2009-01-17 (unioned with 2009)
16:54:26 INFO    vrp.wrds_conn: cache miss opt_paths_2008__ec9d66a0a1759d50.parquet -- querying WRDS
16:54:37 INFO    vrp.wrds_conn:   275,364 rows in 10.9s
16:54:37 INFO    vrp.data.option_chains:   275,364 rows
16:54:37 INFO    vrp.data.option_chains: Pass B 2009: 3678 contracts, 2009-01-20..2010-01-16 (unioned with 2010)
16:54:37 INFO    vrp.wrds_conn: cache miss opt_paths_2009__028adf62e2ff33c2.parquet -- querying WRDS
16:54:50 INFO    vrp.wrds_conn:   256,153 rows in 12.8s
16:54:51 INFO    vrp.data.option_chains:   256,153 rows
16:54:51 INFO    vrp.data.option_chains: Pass B 2010: 3591 contracts, 2010-01-19..2011-01-22 (unioned with 2011)
16:54:51 INFO    vrp.wrds_conn: cache miss opt_paths_2010__4fc0f987996a7fb3.parquet -- querying WRDS
16:55:03 INFO    vrp.wrds_conn:   263,873 rows in 12.6s
16:55:04 INFO    vrp.data.option_chains:   263,873 rows
16:55:04 INFO    vrp.data.option_chains: Pass B 2011: 3900 contracts, 2011-01-24..2012-01-21 (unioned with 2012)
16:55:04 INFO    vrp.wrds_conn: cache miss opt_paths_2011__27b68206db011fba.parquet -- querying WRDS
16:55:18 INFO    vrp.wrds_conn:   287,325 rows in 13.5s
16:55:19 INFO    vrp.data.option_chains:   287,325 rows
16:55:19 INFO    vrp.data.option_chains: Pass B 2012: 3738 contracts, 2012-01-23..2013-01-19 (unioned with 2013)
16:55:19 INFO    vrp.wrds_conn: cache miss opt_paths_2012__30880c9de9e695d2.parquet -- querying WRDS
16:55:34 INFO    vrp.wrds_conn:   290,979 rows in 15.0s
16:55:34 INFO    vrp.data.option_chains:   290,979 rows
16:55:34 INFO    vrp.data.option_chains: Pass B 2013: 3849 contracts, 2013-01-22..2014-01-18 (unioned with 2014)
16:55:34 INFO    vrp.wrds_conn: cache miss opt_paths_2013__7c1ac2df1fc3c5ea.parquet -- querying WRDS
16:55:51 INFO    vrp.wrds_conn:   303,810 rows in 16.6s
16:55:52 INFO    vrp.data.option_chains:   303,810 rows
16:55:52 INFO    vrp.data.option_chains: Pass B 2014: 3598 contracts, 2014-01-21..2015-01-17 (unioned with 2015)
16:55:52 INFO    vrp.wrds_conn: cache miss opt_paths_2014__ae1e938363d25bf6.parquet -- querying WRDS
16:56:10 INFO    vrp.wrds_conn:   289,320 rows in 17.4s
16:56:10 INFO    vrp.data.option_chains:   289,320 rows
16:56:10 INFO    vrp.data.option_chains: Pass B 2015: 3837 contracts, 2015-01-20..2016-01-15 (unioned with 2016)
16:56:10 INFO    vrp.wrds_conn: cache miss opt_paths_2015__bc0abe12778899a4.parquet -- querying WRDS
16:56:31 INFO    vrp.wrds_conn:   311,363 rows in 20.4s
16:56:32 INFO    vrp.data.option_chains:   311,363 rows
16:56:32 INFO    vrp.data.option_chains: Pass B 2016: 3822 contracts, 2016-01-19..2017-01-20 (unioned with 2017)
16:56:32 INFO    vrp.wrds_conn: cache miss opt_paths_2016__baf1c95129f177f0.parquet -- querying WRDS
16:56:50 INFO    vrp.wrds_conn:   315,339 rows in 18.2s
16:56:51 INFO    vrp.data.option_chains:   315,339 rows
16:56:51 INFO    vrp.data.option_chains: Pass B 2017: 3646 contracts, 2017-01-23..2018-01-19 (unioned with 2018)
16:56:51 INFO    vrp.wrds_conn: cache miss opt_paths_2017__d799b10e441d38ef.parquet -- querying WRDS
16:57:12 INFO    vrp.wrds_conn:   301,763 rows in 21.2s
16:57:13 INFO    vrp.data.option_chains:   301,763 rows
16:57:13 INFO    vrp.data.option_chains: Pass B 2018: 3825 contracts, 2018-01-22..2019-01-18 (unioned with 2019)
16:57:13 INFO    vrp.wrds_conn: cache miss opt_paths_2018__03b7d414e653d6fa.parquet -- querying WRDS
16:57:37 INFO    vrp.wrds_conn:   328,353 rows in 23.9s
16:57:38 INFO    vrp.data.option_chains:   328,353 rows
16:57:38 INFO    vrp.data.option_chains: Pass B 2019: 3820 contracts, 2019-01-22..2020-01-17 (unioned with 2020)
16:57:38 INFO    vrp.wrds_conn: cache miss opt_paths_2019__7706907850525270.parquet -- querying WRDS
16:58:00 INFO    vrp.wrds_conn:   319,311 rows in 22.2s
16:58:01 INFO    vrp.data.option_chains:   319,311 rows
16:58:01 INFO    vrp.data.option_chains: Pass B 2020: 4080 contracts, 2020-01-21..2021-01-15 (unioned with 2021)
16:58:01 INFO    vrp.wrds_conn: cache miss opt_paths_2020__80d6f8d2b0d39658.parquet -- querying WRDS
16:58:27 INFO    vrp.wrds_conn:   345,008 rows in 26.7s
16:58:28 INFO    vrp.data.option_chains:   345,008 rows
16:58:28 INFO    vrp.data.option_chains: Pass B 2021: 4025 contracts, 2021-01-19..2022-01-21 (unioned with 2022)
16:58:28 INFO    vrp.wrds_conn: cache miss opt_paths_2021__08adbe312ee81bb7.parquet -- querying WRDS
16:58:55 INFO    vrp.wrds_conn:   359,343 rows in 26.2s
16:58:56 INFO    vrp.data.option_chains:   359,343 rows
16:58:56 INFO    vrp.data.option_chains: Pass B 2022: 4071 contracts, 2022-01-24..2023-01-20 (unioned with 2023)
16:58:56 INFO    vrp.wrds_conn: cache miss opt_paths_2022__b3c30f2b85cdc55b.parquet -- querying WRDS
16:59:23 INFO    vrp.wrds_conn:   371,395 rows in 27.0s
16:59:24 INFO    vrp.data.option_chains:   371,395 rows
16:59:24 INFO    vrp.data.option_chains: Pass B 2023: 4046 contracts, 2023-01-23..2024-01-19 (unioned with 2024)
16:59:24 INFO    vrp.wrds_conn: cache miss opt_paths_2023__29f685d9574512f4.parquet -- querying WRDS
16:59:50 INFO    vrp.wrds_conn:   359,848 rows in 26.6s
16:59:51 INFO    vrp.data.option_chains:   359,848 rows

Pass B paths: 2,047,632 rows over 97,783 contracts

===========================================================================================================
CHECKPOINT 2b -- option chains, screens and contract selection
===========================================================================================================
  [PASS] exactly one contract per (secid, entry date, cp_flag)                           0 duplicates across 97,783 positions over 334 entry dates
  [PASS] every contract has dte in [20, 40] and |delta| in [0.35, 0.65]                  dte 24-33, |delta| 0.350-0.650
  [PASS] median |delta| within 0.02 of 0.50 (a sign or convention error shows up here)   median |delta| 0.4996 (calls 0.5010, puts 0.4984)
  [PASS] selected strike within +-10% of spot                                            0.16% of contracts outside +-10%; median |K/S - 1| = 1.018%
  [PASS] put-call parity implies the spot forward (units/wiring check)                   449,853 same-strike pairs; median error -3.9 bp, IQR 24.0 bp
  [PASS] Pass B path length ~21 trading days per position                                2,047,632 rows over 97,783 contracts; median 20 days (min 1, max 25)
  [PASS] every selected position survives to expiry with a price (Q7)                    97,783 positions after the delisting and price-coverage filters
  [PASS] December cohorts span the year boundary (the UNION trap)                        8073 of 8073 December contracts expiring in January have January quotes
-----------------------------------------------------------------------------------------------------------
  ALL CHECKS PASSED

--> 04_select_contracts.py exit 0

############ STAGE 05_build_vol.py ############
2026-10-02 17:00:39
prices: 2,720,819 rows over 515 permnos, 1994-01-03 to 2024-02-29
17:00:46 INFO    vrp.vol: returns: 2,715,072 rows over 515 permnos

vol panel: 2,715,072 (permno, date) rows
  vol_h      n=2,710,383  median  27.0%  p01  9.3%  p99 121.0%
  vol_h_alt  n=2,710,392  median  27.8%  p01 10.7%  p99 117.2%
  vol_g      n=2,143,033  median  29.2%  p01 13.5%  p99 103.3%
  vol_hedge  n=2,710,383  median  28.8%  p01 12.2%  p99 107.4%

GARCH fits: 11,222 stock-years (518 burn-in, 10,704 fittable), 82.1% converged
  failure reasons: {'degenerate: alpha=0.0000 (ARCH term off)': 1237, 'non-stationary: alpha+beta=1.0000': 385, 'degenerate: alpha=0.0067 (ARCH term off)': 7}

wrote data\interim\vol_panel.parquet
wrote output\figures\volatility_estimators.png

=============================================================================================================
CHECKPOINT 3 -- physical volatility
=============================================================================================================
  [PASS] estimators recover a known sigma = 25% (VOL^h on GBM, VOL^g on a GARCH process)   median VOL^h 24.2%, median VOL^g 22.1%
  [PASS] AAPL 2019 VOL^h in a plausible 15-35% band                                        median 22.5% (min 12.0%, max 55.4%)
  [FAIL] March 2020 VOL^h spikes to 60-120% for the typical large cap                      median across names of the peak: 120.4%  (a 20% reading here means the annualisation or window is wrong)
  [PASS] GARCH fitting completes numerically for >= 95% of stock-years                     99.4% of 10,704 fittable stock-years (62 numerical failures)
  [PASS] degenerate and non-stationary fits are measured and fall back to VOL^h            82.1% usable; 1470 degenerate (alpha below floor, 13.7%), 385 non-stationary
  [PASS] corr(VOL^h, VOL^g) > 0.85 in logs (a low value means one is broken)               log 0.872 | level 0.878 | within-stock median 0.846, over 2,143,033 cells
  [PASS] every panel row has an attributable hedge volatility                              garch 78.9%, none 0.2%, realized_fallback 20.9%
-------------------------------------------------------------------------------------------------------------
  CHECKPOINT FAILED -- do not proceed to the next stage

--> 05_build_vol.py exit 1
FAILURE in 05_build_vol.py (exit 1); stopping.

############ STAGE 01_build_universe.py ############
2026-10-02 17:16:56
17:16:58 INFO    vrp.wrds_conn: Opening WRDS connection as aek234 ...
Loading library list...
Done
17:17:00 INFO    vrp.wrds_conn: WRDS connection established in 1.4s
Approximately 2064 rows in crsp.dsp500list.
17:17:00 INFO    vrp.wrds_conn: cache hit  sp500_membership__30d4646f0d815b46.parquet
membership spans: 1,279 rows, 1,248 distinct permnos
Approximately 5153763 rows in crsp.msf.
17:17:00 INFO    vrp.wrds_conn: cache hit  msf_mktcap__9a3ea01c4d09c948.parquet
monthly market caps: 280,597 rows
universe: 54,000 (month, permno) rows, 515 distinct permnos, 360 entry months
Approximately 117859 rows in crsp.dsenames.
17:17:01 INFO    vrp.wrds_conn: cache hit  crsp_names__38be1e50209e97ef.parquet

wrote data\interim\universe.parquet

turnover (first and last 6 entry months):
entry_month   n  entries  exits
    1994-02 150      NaN    NaN
    1994-03 150      4.0    4.0
    1994-04 150      6.0    6.0
    1994-05 150      5.0    5.0
    1994-06 150      3.0    3.0
    1994-07 150      5.0    5.0
    2023-08 150      5.0    5.0
    2023-09 150      4.0    4.0
    2023-10 150      3.0    3.0
    2023-11 150      2.0    2.0
    2023-12 150      4.0    4.0
    2024-01 150      4.0    4.0

==================================================================================================================
CHECKPOINT 1 -- point-in-time universe
==================================================================================================================
  [PASS] member count per month in [480, 520]                                                   min=499, max=506
  [PASS] TSLA absent before 2020-12-21 index add, present after                                 member 30d before=False, 30d after=True
  [PASS] a mid-sample deletion disappears from the universe                                     permno 24678 exited 2000-06-20; 0 universe rows after that month
  [PASS] expected large caps present in their months (XOM/GE in 2017, AAPL/MSFT/AMZN in 2020)   all present
  [PASS] no permno appears twice within a month                                                 0 duplicate (month, permno) rows
  [PASS] ranks are 1..150 with no gaps in every month                                           all months have contiguous ranks (sizes 150-150)
  [PASS] distinct permnos across the sample > 200 (a static ~150 means survivorship bias)       515 distinct permnos
------------------------------------------------------------------------------------------------------------------
  ALL CHECKS PASSED

--> 01_build_universe.py exit 0

############ STAGE 02_pull_crsp.py ############
2026-10-02 17:17:08
universe: 54,000 (month, permno) cells over 515 permnos
17:17:12 INFO    vrp.wrds_conn: Opening WRDS connection as aek234 ...
Loading library list...
Done
17:17:14 INFO    vrp.wrds_conn: WRDS connection established in 1.3s
Approximately 107682104 rows in crsp.dsf.
17:17:14 INFO    vrp.wrds_conn: cache hit  dsf_prices__e5800bd511fe7479.parquet
daily prices: 2,720,819 rows, 1994-01-03 to 2024-02-29
  quote-average days (prc < 0): 307
  missing-price days:           5,232
Approximately 38872 rows in crsp.dsedelist.
17:17:17 INFO    vrp.wrds_conn: cache hit  dsedelist__144971703295d5c3.parquet
delisting events in window: 212
17:17:17 INFO    vrp.wrds_conn: cache hit  opcrsphist__9acdc66f29061de3.parquet
link rows (score <= 5, permno not null): 582, 569 secids for 510 permnos
ambiguous permnos: 58 carrying 127 candidate secids -- counting option rows to adjudicate
17:17:17 INFO    vrp.wrds_conn: cache hit  secid_activity__8665aadca331a164.parquet
  82 of 127 candidate secids have option data
link coverage: 99.96% of universe cells; 5 permnos unlinked

entry calendar [first_trading_day_after_monthly_expiry]: 362 dates, 1994-01-24 to 2024-02-20
  median offset vs the first-of-month rule: +20 days
wrote output\figures\split_adjustment.png

=======================================================================================
CHECKPOINT 2a -- CRSP prices and the OM<->CRSP link
=======================================================================================
  [PASS] no duplicate (permno, date) price rows                      0 duplicates over 2,720,819 rows
  [PASS] known splits show no jump in the adjusted series            AAPL 2020-08-31: raw 499.23->129.04 (logchg -1.353), adj 124.81->129.04 (logchg +0.033); NVDA 2021-07-20: raw 751.19->186.12 (logchg -1.395), adj 18.78->18.61 (logchg -0.009)
  [PASS] adjusted price return reconciles with CRSP retx             price 1.8595 vs retx 1.8595 (rel err 3.44e-06); implied dividend yield 1.51%
  [PASS] link coverage of universe (permno, month) cells > 98%       99.96% of 54,000 cells; 5 of 515 permnos unlinked e.g. [11626, 18032, 23341, 26681, 27087]
  [PASS] every ambiguous link resolves to a secid with option data   75,860 conflicted cells across 51 permnos; all resolved to live chains
  [PASS] delisting events counted for the Q7 exclusion               212 delisting rows in window, 212 on universe names
---------------------------------------------------------------------------------------
  ALL CHECKS PASSED

--> 02_pull_crsp.py exit 0

############ STAGE 03_pull_options.py ############
2026-10-02 17:17:40
entry spec: 50,400 stock-months, 497 permnos, 336 months, 28 years
  without a secid on the entry date: 77
17:17:45 INFO    vrp.wrds_conn: Opening WRDS connection as aek234 ...
Loading library list...
Done
17:17:46 INFO    vrp.wrds_conn: WRDS connection established in 1.3s
17:17:46 INFO    vrp.data.option_chains: Pass A 1996: 175 secids x 12 entry dates
17:17:46 INFO    vrp.wrds_conn: cache hit  opt_candidates_1996__b25cabf3e11cf771.parquet
17:17:46 INFO    vrp.data.option_chains:   17,946 rows
17:17:46 INFO    vrp.data.option_chains: Pass A 1997: 176 secids x 12 entry dates
17:17:46 INFO    vrp.wrds_conn: cache hit  opt_candidates_1997__9bce5277c4b99bf9.parquet
17:17:46 INFO    vrp.data.option_chains:   24,817 rows
17:17:46 INFO    vrp.data.option_chains: Pass A 1998: 185 secids x 12 entry dates
17:17:46 INFO    vrp.wrds_conn: cache hit  opt_candidates_1998__508696d8b6fa0c2d.parquet
17:17:46 INFO    vrp.data.option_chains:   28,717 rows
17:17:46 INFO    vrp.data.option_chains: Pass A 1999: 175 secids x 12 entry dates
17:17:46 INFO    vrp.wrds_conn: cache hit  opt_candidates_1999__fbfd29387177769a.parquet
17:17:46 INFO    vrp.data.option_chains:   33,247 rows
17:17:46 INFO    vrp.data.option_chains: Pass A 2000: 197 secids x 12 entry dates
17:17:46 INFO    vrp.wrds_conn: cache hit  opt_candidates_2000__2f95b374474c430c.parquet
17:17:47 INFO    vrp.data.option_chains:   51,392 rows
17:17:47 INFO    vrp.data.option_chains: Pass A 2001: 193 secids x 12 entry dates
17:17:47 INFO    vrp.wrds_conn: cache hit  opt_candidates_2001__edf2be0f755434e6.parquet
17:17:47 INFO    vrp.data.option_chains:   46,140 rows
17:17:47 INFO    vrp.data.option_chains: Pass A 2002: 190 secids x 12 entry dates
17:17:47 INFO    vrp.wrds_conn: cache hit  opt_candidates_2002__6ed563bef45e6074.parquet
17:17:47 INFO    vrp.data.option_chains:   40,411 rows
17:17:47 INFO    vrp.data.option_chains: Pass A 2003: 175 secids x 12 entry dates
17:17:47 INFO    vrp.wrds_conn: cache hit  opt_candidates_2003__c5af9570d5b1b68f.parquet
17:17:47 INFO    vrp.data.option_chains:   34,966 rows
17:17:47 INFO    vrp.data.option_chains: Pass A 2004: 179 secids x 12 entry dates
17:17:47 INFO    vrp.wrds_conn: cache hit  opt_candidates_2004__553e04fb67b01b4b.parquet
17:17:47 INFO    vrp.data.option_chains:   40,650 rows
17:17:47 INFO    vrp.data.option_chains: Pass A 2005: 180 secids x 12 entry dates
17:17:47 INFO    vrp.wrds_conn: cache hit  opt_candidates_2005__0a1672d179c7006b.parquet
17:17:47 INFO    vrp.data.option_chains:   43,274 rows
17:17:47 INFO    vrp.data.option_chains: Pass A 2006: 171 secids x 12 entry dates
17:17:47 INFO    vrp.wrds_conn: cache hit  opt_candidates_2006__47a3c81145e89cfb.parquet
17:17:47 INFO    vrp.data.option_chains:   43,706 rows
17:17:47 INFO    vrp.data.option_chains: Pass A 2007: 180 secids x 12 entry dates
17:17:47 INFO    vrp.wrds_conn: cache hit  opt_candidates_2007__093266bfeb4c16e0.parquet
17:17:47 INFO    vrp.data.option_chains:   47,798 rows
17:17:47 INFO    vrp.data.option_chains: Pass A 2008: 189 secids x 12 entry dates
17:17:47 INFO    vrp.wrds_conn: cache hit  opt_candidates_2008__37240101791ba2da.parquet
17:17:48 INFO    vrp.data.option_chains:   60,606 rows
17:17:48 INFO    vrp.data.option_chains: Pass A 2009: 177 secids x 12 entry dates
17:17:48 INFO    vrp.wrds_conn: cache hit  opt_candidates_2009__6cd0282ff46ebfc4.parquet
17:17:48 INFO    vrp.data.option_chains:   68,109 rows
17:17:48 INFO    vrp.data.option_chains: Pass A 2010: 173 secids x 12 entry dates
17:17:48 INFO    vrp.wrds_conn: cache hit  opt_candidates_2010__c1ca63cda584dadd.parquet
17:17:48 INFO    vrp.data.option_chains:   67,996 rows
17:17:48 INFO    vrp.data.option_chains: Pass A 2011: 177 secids x 12 entry dates
17:17:48 INFO    vrp.wrds_conn: cache hit  opt_candidates_2011__d5a834e674adf433.parquet
17:17:48 INFO    vrp.data.option_chains:   84,219 rows
17:17:48 INFO    vrp.data.option_chains: Pass A 2012: 170 secids x 12 entry dates
17:17:48 INFO    vrp.wrds_conn: cache hit  opt_candidates_2012__9886e92139d2879d.parquet
17:17:48 INFO    vrp.data.option_chains:   97,461 rows
17:17:48 INFO    vrp.data.option_chains: Pass A 2013: 176 secids x 12 entry dates
17:17:48 INFO    vrp.wrds_conn: cache hit  opt_candidates_2013__e114a4d742ec5704.parquet
17:17:48 INFO    vrp.data.option_chains:   148,218 rows
17:17:48 INFO    vrp.data.option_chains: Pass A 2014: 166 secids x 12 entry dates
17:17:48 INFO    vrp.wrds_conn: cache hit  opt_candidates_2014__52fd95293d6cc901.parquet
17:17:49 INFO    vrp.data.option_chains:   386,794 rows
17:17:49 INFO    vrp.data.option_chains: Pass A 2015: 177 secids x 12 entry dates
17:17:49 INFO    vrp.wrds_conn: cache hit  opt_candidates_2015__8c2a80bb418e5510.parquet
17:17:50 INFO    vrp.data.option_chains:   576,936 rows
17:17:50 INFO    vrp.data.option_chains: Pass A 2016: 175 secids x 12 entry dates
17:17:50 INFO    vrp.wrds_conn: cache hit  opt_candidates_2016__998d0175bad2e14a.parquet
17:17:50 INFO    vrp.data.option_chains:   554,006 rows
17:17:50 INFO    vrp.data.option_chains: Pass A 2017: 173 secids x 12 entry dates
17:17:50 INFO    vrp.wrds_conn: cache hit  opt_candidates_2017__3eb394fb52ea83c3.parquet
17:17:51 INFO    vrp.data.option_chains:   573,740 rows
17:17:51 INFO    vrp.data.option_chains: Pass A 2018: 170 secids x 12 entry dates
17:17:51 INFO    vrp.wrds_conn: cache hit  opt_candidates_2018__7bc523f856b282dd.parquet
17:17:52 INFO    vrp.data.option_chains:   573,674 rows
17:17:52 INFO    vrp.data.option_chains: Pass A 2019: 172 secids x 12 entry dates
17:17:52 INFO    vrp.wrds_conn: cache hit  opt_candidates_2019__f2d215208c2b86cc.parquet
17:17:52 INFO    vrp.data.option_chains:   553,295 rows
17:17:52 INFO    vrp.data.option_chains: Pass A 2020: 175 secids x 12 entry dates
17:17:52 INFO    vrp.wrds_conn: cache hit  opt_candidates_2020__b117bcecb052033d.parquet
17:17:53 INFO    vrp.data.option_chains:   706,890 rows
17:17:53 INFO    vrp.data.option_chains: Pass A 2021: 173 secids x 12 entry dates
17:17:53 INFO    vrp.wrds_conn: cache hit  opt_candidates_2021__33d4cba1942b553a.parquet
17:17:54 INFO    vrp.data.option_chains:   730,992 rows
17:17:54 INFO    vrp.data.option_chains: Pass A 2022: 172 secids x 12 entry dates
17:17:54 INFO    vrp.wrds_conn: cache hit  opt_candidates_2022__e8615b6d9eca53d9.parquet
17:17:55 INFO    vrp.data.option_chains:   677,666 rows
17:17:55 INFO    vrp.data.option_chains: Pass A 2023: 176 secids x 12 entry dates
17:17:55 INFO    vrp.wrds_conn: cache hit  opt_candidates_2023__a968888c013f57c6.parquet
17:17:56 INFO    vrp.data.option_chains:   699,068 rows

Pass A candidates: 7,012,734 rows
  496 secids, 336 entry dates, 7,012,730 distinct contracts
  dte range 17-46, calls 3,506,875 / puts 3,505,859
17:18:05 INFO    vrp.wrds_conn: cache hit  zerocd__2f943ecd0bedd50c.parquet

zero curve: 300,165 rows, 1-3669 day tenors, r from 0.0006 to 0.0798
17:18:06 INFO    vrp.wrds_conn: cache hit  distrd__060f568d35bc72db.parquet
dividends: 28,289 ordinary cash rows for 414 secids; declaration lead median 20d, 34% declared >=30d before ex-date

wrote data\interim/{entry_spec,option_candidates,zero_curve,dividends}.parquet
--> 03_pull_options.py exit 0

############ STAGE 04_select_contracts.py ############
2026-10-02 17:18:28
candidates: 7,012,734 rows; spot: 2,524,901 (secid, date) cells

screen cascade (primary IV cap 300%):
                                     screen  rows_in  rows_out  rows_dropped  stock_months_out
                             raw candidates  7012734   7012734             0             58962
       standard settlement (ss_flag == '0')  7012734   6938601         74133             58938
standard deliverable (contract_size == 100)  6938601   6938601             0             58938
                               positive bid  6938601   5789731       1148870             58938
                   offer strictly above bid  5789731   5785421          4310             58938
                          open interest > 0  5785421   2973708       2811713             58541
                 implied volatility present  2973708   2768026        205682             58483
           implied volatility in [1%, 300%]  2768026   2768026             0             58483
                standard monthly expiration  2768026   1157285       1610741             58483
                              delta present  1157285   1157285             0             58483
          arbitrage bounds on the mid quote  1157285   1157270            15             58483

selected: 98,435 positions (49,188 calls, 49,247 puts)
  at BK's literal 100% IV cap: 97,875 positions (+560 difference)

position-level exclusions:
                                         filter  positions_in  positions_out  dropped                                                      note
               underlying has a resolved permno         98435          98435        0                                                          
underlying does not delist during the hold (Q7)         98435          98290      145 option is early-terminated or converted; CRSP prices stop
           stock price available through expiry         98290          97783      507       Stage 4's terminal value is intrinsic and needs S_T
  surviving positions: 97,783

coverage by year:
 group  stock_months  with_call  with_put  coverage
  1996          1796       1145      1098  0.676503
  1997          1795       1374      1335  0.795543
  1998          1791       1459      1437  0.843663
  1999          1795       1392      1375  0.805571
  2000          1791       1446      1428  0.841988
  2001          1796       1407      1417  0.826837
  2002          1798       1315      1362  0.784205
  2003          1799       1150      1172  0.669817
  2004          1797       1083      1096  0.628269
  2005          1798       1045      1043  0.605117
  2006          1796       1189      1165  0.686526
  2007          1797       1327      1312  0.759599
  2008          1799       1591      1595  0.892162
  2009          1796       1564      1585  0.886414
  2010          1799       1558      1585  0.884936
  2011          1799       1665      1681  0.940523
  2012          1799       1666      1692  0.949416
  2013          1799       1642      1665  0.935520
  2014          1800       1617      1640  0.925000
  2015          1798       1655      1669  0.937709
  2016          1794       1644      1661  0.937570
  2017          1797       1586      1583  0.904841
  2018          1797       1701      1700  0.956594
  2019          1800       1684      1685  0.948889
  2020          1798       1760      1768  0.987208
  2021          1800       1745      1747  0.976111
  2022          1800       1770      1773  0.986667
  2023          1799       1740      1730  0.972763
17:20:29 INFO    vrp.wrds_conn: Opening WRDS connection as aek234 ...
Loading library list...
Done
17:20:30 INFO    vrp.wrds_conn: WRDS connection established in 1.5s
17:20:31 INFO    vrp.data.option_chains: Pass B 1996: 2505 contracts, 1996-01-22..1997-01-18 (unioned with 1997)
17:20:31 INFO    vrp.wrds_conn: cache hit  opt_paths_1996__72fb2be694808f23.parquet
17:20:31 INFO    vrp.data.option_chains:   145,229 rows
17:20:31 INFO    vrp.data.option_chains: Pass B 1997: 3037 contracts, 1997-01-20..1998-01-17 (unioned with 1998)
17:20:31 INFO    vrp.wrds_conn: cache hit  opt_paths_1997__3538485c1e5b843c.parquet
17:20:31 INFO    vrp.data.option_chains:   184,939 rows
17:20:31 INFO    vrp.data.option_chains: Pass B 1998: 3479 contracts, 1998-01-20..1999-01-16 (unioned with 1999)
17:20:31 INFO    vrp.wrds_conn: cache hit  opt_paths_1998__a82f4cd78d47bfac.parquet
17:20:31 INFO    vrp.data.option_chains:   219,497 rows
17:20:32 INFO    vrp.data.option_chains: Pass B 1999: 3189 contracts, 1999-02-22..2000-01-22 (unioned with 2000)
17:20:32 INFO    vrp.wrds_conn: cache hit  opt_paths_1999__619fa3c1f4d58ca3.parquet
17:20:32 INFO    vrp.data.option_chains:   203,747 rows
17:20:32 INFO    vrp.data.option_chains: Pass B 2000: 3711 contracts, 2000-01-24..2001-01-20 (unioned with 2001)
17:20:32 INFO    vrp.wrds_conn: cache hit  opt_paths_2000__be1207634b00f6c4.parquet
17:20:32 INFO    vrp.data.option_chains:   238,585 rows
17:20:32 INFO    vrp.data.option_chains: Pass B 2001: 3587 contracts, 2001-01-22..2002-01-19 (unioned with 2002)
17:20:32 INFO    vrp.wrds_conn: cache hit  opt_paths_2001__e040b7fc1f9dc185.parquet
17:20:32 INFO    vrp.data.option_chains:   244,607 rows
17:20:32 INFO    vrp.data.option_chains: Pass B 2002: 3302 contracts, 2002-01-22..2003-01-18 (unioned with 2003)
17:20:32 INFO    vrp.wrds_conn: cache hit  opt_paths_2002__ee5c486dcb02e380.parquet
17:20:33 INFO    vrp.data.option_chains:   226,030 rows
17:20:33 INFO    vrp.data.option_chains: Pass B 2003: 2670 contracts, 2003-01-21..2004-01-17 (unioned with 2004)
17:20:33 INFO    vrp.wrds_conn: cache hit  opt_paths_2003__e030c3b472f59211.parquet
17:20:33 INFO    vrp.data.option_chains:   182,362 rows
17:20:33 INFO    vrp.data.option_chains: Pass B 2004: 2576 contracts, 2004-01-20..2005-01-22 (unioned with 2005)
17:20:33 INFO    vrp.wrds_conn: cache hit  opt_paths_2004__79c7d282006fa2ef.parquet
17:20:33 INFO    vrp.data.option_chains:   193,548 rows
17:20:33 INFO    vrp.data.option_chains: Pass B 2005: 2506 contracts, 2005-01-24..2006-01-21 (unioned with 2006)
17:20:33 INFO    vrp.wrds_conn: cache hit  opt_paths_2005__bccdc7390b608bdd.parquet
17:20:33 INFO    vrp.data.option_chains:   189,829 rows
17:20:33 INFO    vrp.data.option_chains: Pass B 2006: 2669 contracts, 2006-01-23..2007-01-20 (unioned with 2007)
17:20:33 INFO    vrp.wrds_conn: cache hit  opt_paths_2006__11a9d2981b2605a4.parquet
17:20:33 INFO    vrp.data.option_chains:   199,021 rows
17:20:34 INFO    vrp.data.option_chains: Pass B 2007: 3112 contracts, 2007-01-22..2008-01-19 (unioned with 2008)
17:20:34 INFO    vrp.wrds_conn: cache hit  opt_paths_2007__4abc426562124e52.parquet
17:20:34 INFO    vrp.data.option_chains:   233,508 rows
17:20:34 INFO    vrp.data.option_chains: Pass B 2008: 3914 contracts, 2008-01-22..2009-01-17 (unioned with 2009)
17:20:34 INFO    vrp.wrds_conn: cache hit  opt_paths_2008__ec9d66a0a1759d50.parquet
17:20:34 INFO    vrp.data.option_chains:   275,364 rows
17:20:34 INFO    vrp.data.option_chains: Pass B 2009: 3678 contracts, 2009-01-20..2010-01-16 (unioned with 2010)
17:20:34 INFO    vrp.wrds_conn: cache hit  opt_paths_2009__028adf62e2ff33c2.parquet
17:20:34 INFO    vrp.data.option_chains:   256,153 rows
17:20:34 INFO    vrp.data.option_chains: Pass B 2010: 3591 contracts, 2010-01-19..2011-01-22 (unioned with 2011)
17:20:34 INFO    vrp.wrds_conn: cache hit  opt_paths_2010__4fc0f987996a7fb3.parquet
17:20:35 INFO    vrp.data.option_chains:   263,873 rows
17:20:35 INFO    vrp.data.option_chains: Pass B 2011: 3900 contracts, 2011-01-24..2012-01-21 (unioned with 2012)
17:20:35 INFO    vrp.wrds_conn: cache hit  opt_paths_2011__27b68206db011fba.parquet
17:20:35 INFO    vrp.data.option_chains:   287,325 rows
17:20:35 INFO    vrp.data.option_chains: Pass B 2012: 3738 contracts, 2012-01-23..2013-01-19 (unioned with 2013)
17:20:35 INFO    vrp.wrds_conn: cache hit  opt_paths_2012__30880c9de9e695d2.parquet
17:20:35 INFO    vrp.data.option_chains:   290,979 rows
17:20:35 INFO    vrp.data.option_chains: Pass B 2013: 3849 contracts, 2013-01-22..2014-01-18 (unioned with 2014)
17:20:35 INFO    vrp.wrds_conn: cache hit  opt_paths_2013__7c1ac2df1fc3c5ea.parquet
17:20:36 INFO    vrp.data.option_chains:   303,810 rows
17:20:36 INFO    vrp.data.option_chains: Pass B 2014: 3598 contracts, 2014-01-21..2015-01-17 (unioned with 2015)
17:20:36 INFO    vrp.wrds_conn: cache hit  opt_paths_2014__ae1e938363d25bf6.parquet
17:20:36 INFO    vrp.data.option_chains:   289,320 rows
17:20:36 INFO    vrp.data.option_chains: Pass B 2015: 3837 contracts, 2015-01-20..2016-01-15 (unioned with 2016)
17:20:36 INFO    vrp.wrds_conn: cache hit  opt_paths_2015__bc0abe12778899a4.parquet
17:20:36 INFO    vrp.data.option_chains:   311,363 rows
17:20:36 INFO    vrp.data.option_chains: Pass B 2016: 3822 contracts, 2016-01-19..2017-01-20 (unioned with 2017)
17:20:36 INFO    vrp.wrds_conn: cache hit  opt_paths_2016__baf1c95129f177f0.parquet
17:20:37 INFO    vrp.data.option_chains:   315,339 rows
17:20:37 INFO    vrp.data.option_chains: Pass B 2017: 3646 contracts, 2017-01-23..2018-01-19 (unioned with 2018)
17:20:37 INFO    vrp.wrds_conn: cache hit  opt_paths_2017__d799b10e441d38ef.parquet
17:20:37 INFO    vrp.data.option_chains:   301,763 rows
17:20:37 INFO    vrp.data.option_chains: Pass B 2018: 3825 contracts, 2018-01-22..2019-01-18 (unioned with 2019)
17:20:37 INFO    vrp.wrds_conn: cache hit  opt_paths_2018__03b7d414e653d6fa.parquet
17:20:37 INFO    vrp.data.option_chains:   328,353 rows
17:20:37 INFO    vrp.data.option_chains: Pass B 2019: 3820 contracts, 2019-01-22..2020-01-17 (unioned with 2020)
17:20:37 INFO    vrp.wrds_conn: cache hit  opt_paths_2019__7706907850525270.parquet
17:20:37 INFO    vrp.data.option_chains:   319,311 rows
17:20:37 INFO    vrp.data.option_chains: Pass B 2020: 4080 contracts, 2020-01-21..2021-01-15 (unioned with 2021)
17:20:37 INFO    vrp.wrds_conn: cache hit  opt_paths_2020__80d6f8d2b0d39658.parquet
17:20:38 INFO    vrp.data.option_chains:   345,008 rows
17:20:38 INFO    vrp.data.option_chains: Pass B 2021: 4025 contracts, 2021-01-19..2022-01-21 (unioned with 2022)
17:20:38 INFO    vrp.wrds_conn: cache hit  opt_paths_2021__08adbe312ee81bb7.parquet
17:20:38 INFO    vrp.data.option_chains:   359,343 rows
17:20:38 INFO    vrp.data.option_chains: Pass B 2022: 4071 contracts, 2022-01-24..2023-01-20 (unioned with 2023)
17:20:38 INFO    vrp.wrds_conn: cache hit  opt_paths_2022__b3c30f2b85cdc55b.parquet
17:20:38 INFO    vrp.data.option_chains:   371,395 rows
17:20:38 INFO    vrp.data.option_chains: Pass B 2023: 4046 contracts, 2023-01-23..2024-01-19 (unioned with 2024)
17:20:38 INFO    vrp.wrds_conn: cache hit  opt_paths_2023__29f685d9574512f4.parquet
17:20:39 INFO    vrp.data.option_chains:   359,848 rows

Pass B paths: 2,047,632 rows over 97,783 contracts

===========================================================================================================
CHECKPOINT 2b -- option chains, screens and contract selection
===========================================================================================================
  [PASS] exactly one contract per (secid, entry date, cp_flag)                           0 duplicates across 97,783 positions over 334 entry dates
  [PASS] every contract has dte in [20, 40] and |delta| in [0.35, 0.65]                  dte 24-33, |delta| 0.350-0.650
  [PASS] median |delta| within 0.02 of 0.50 (a sign or convention error shows up here)   median |delta| 0.4996 (calls 0.5010, puts 0.4984)
  [PASS] selected strike within +-10% of spot                                            0.16% of contracts outside +-10%; median |K/S - 1| = 1.018%
  [PASS] put-call parity implies the spot forward (units/wiring check)                   449,853 same-strike pairs; median error -3.9 bp, IQR 24.0 bp
  [PASS] Pass B path length ~21 trading days per position                                2,047,632 rows over 97,783 contracts; median 20 days (min 1, max 25)
  [PASS] every selected position survives to expiry with a price (Q7)                    97,783 positions after the delisting and price-coverage filters
  [PASS] December cohorts span the year boundary (the UNION trap)                        8073 of 8073 December contracts expiring in January have January quotes
-----------------------------------------------------------------------------------------------------------
  ALL CHECKS PASSED

--> 04_select_contracts.py exit 0

############ STAGE 05_build_vol.py ############
2026-10-02 17:21:25
prices: 2,720,819 rows over 515 permnos, 1994-01-03 to 2024-02-29
17:21:31 INFO    vrp.vol: returns: 2,715,072 rows over 515 permnos

vol panel: 2,715,072 (permno, date) rows
  vol_h      n=2,710,383  median  27.0%  p01  9.3%  p99 121.0%
  vol_h_alt  n=2,710,392  median  27.8%  p01 10.7%  p99 117.2%
  vol_g      n=2,143,033  median  29.2%  p01 13.5%  p99 103.3%
  vol_hedge  n=2,710,383  median  28.8%  p01 12.2%  p99 107.4%

GARCH fits: 11,222 stock-years (518 burn-in, 10,704 fittable), 82.1% converged
  failure reasons: {'degenerate: alpha=0.0000 (ARCH term off)': 1237, 'non-stationary: alpha+beta=1.0000': 385, 'degenerate: alpha=0.0067 (ARCH term off)': 7}

wrote data\interim\vol_panel.parquet
wrote output\figures\volatility_estimators.png

=============================================================================================================
CHECKPOINT 3 -- physical volatility
=============================================================================================================
  [PASS] estimators recover a known sigma = 25% (VOL^h on GBM, VOL^g on a GARCH process)   median VOL^h 24.2%, median VOL^g 22.1%
  [PASS] AAPL 2019 VOL^h in a plausible 15-35% band                                        median 22.5% (min 12.0%, max 55.4%)
  [PASS] March 2020 VOL^h spikes to 60-200% for the typical large cap                      median across names of the peak: 120.4%  (a 20% reading here means the annualisation or window is wrong)
  [PASS] GARCH fitting completes numerically for >= 95% of stock-years                     99.4% of 10,704 fittable stock-years (62 numerical failures)
  [PASS] degenerate and non-stationary fits are measured and fall back to VOL^h            82.1% usable; 1470 degenerate (alpha below floor, 13.7%), 385 non-stationary
  [PASS] corr(VOL^h, VOL^g) > 0.85 in logs (a low value means one is broken)               log 0.872 | level 0.878 | within-stock median 0.846, over 2,143,033 cells
  [PASS] every panel row has an attributable hedge volatility                              garch 78.9%, none 0.2%, realized_fallback 20.9%
-------------------------------------------------------------------------------------------------------------
  ALL CHECKS PASSED

--> 05_build_vol.py exit 0

############ STAGE 06_run_hedge.py ############
2026-10-02 17:34:10
Running Checkpoint 4(a): the zero-VRP synthetic test ...

=============================================================================================
CHECKPOINT 4(a) -- zero-VRP synthetic validation
=============================================================================================
  [PASS] zero-VRP synthetic: mean pi indistinguishable from zero (calls)   mean +0.0084 (pi/S +0.0084%), se 0.0136, t = +0.62
  [PASS] zero-VRP synthetic: mean pi indistinguishable from zero (puts)    mean +0.0084 (pi/S +0.0084%), se 0.0136, t = +0.62
  [PASS] hedging-error dispersion falls as 1/sqrt(N) (Boyle-Emanuel)       std(pi) 0.9031 at N=10 -> 0.4502 at N=40; ratio 2.01 vs sqrt(40/10) = 2.00
  [PASS] mean pi still indistinguishable from zero at N=40                 mean -0.0177, t = -1.52
---------------------------------------------------------------------------------------------
  ALL CHECKS PASSED


positions: 97,783 (48,863 calls, 48,920 puts), vol input = vol_hedge
hedging:   0%|          | 0/97783 [00:00<?, ?pos/s]hedging:   0%|          | 3/97783 [00:00<1:06:04, 24.66pos/s]hedging:   0%|          | 7/97783 [00:00<55:50, 29.19pos/s]  hedging:   0%|          | 11/97783 [00:00<53:07, 30.67pos/s]hedging:   0%|          | 15/97783 [00:00<52:46, 30.87pos/s]hedging:   0%|          | 19/97783 [00:00<49:51, 32.68pos/s]hedging:   0%|          | 23/97783 [00:00<50:01, 32.57pos/s]hedging:   0%|          | 27/97783 [00:00<50:53, 32.01pos/s]hedging:   0%|          | 31/97783 [00:00<51:25, 31.68pos/s]hedging:   0%|          | 35/97783 [00:01<51:15, 31.78pos/s]hedging:   0%|          | 39/97783 [00:01<50:44, 32.11pos/s]hedging:   0%|          | 43/97783 [00:01<49:47, 32.72pos/s]hedging:   0%|          | 47/97783 [00:01<48:57, 33.27pos/s]hedging:   0%|          | 51/97783 [00:01<49:50, 32.69pos/s]hedging:   0%|          | 55/97783 [00:01<48:34, 33.53pos/s]hedging:   0%|          | 59/97783 [00:01<48:28, 33.60pos/s]hedging:   0%|          | 63/97783 [00:01<48:14, 33.76pos/s]hedging:   0%|          | 67/97783 [00:02<48:20, 33.69pos/s]hedging:   0%|          | 71/97783 [00:02<48:31, 33.56pos/s]hedging:   0%|          | 75/97783 [00:02<48:35, 33.51pos/s]hedging:   0%|          | 79/97783 [00:02<49:08, 33.14pos/s]hedging:   0%|          | 83/97783 [00:02<48:49, 33.36pos/s]hedging:   0%|          | 87/97783 [00:02<49:17, 33.04pos/s]hedging:   0%|          | 91/97783 [00:02<50:28, 32.26pos/s]hedging:   0%|          | 95/97783 [00:02<48:35, 33.51pos/s]hedging:   0%|          | 99/97783 [00:03<49:24, 32.95pos/s]hedging:   0%|          | 103/97783 [00:03<50:13, 32.42pos/s]hedging:   0%|          | 107/97783 [00:03<49:22, 32.98pos/s]hedging:   0%|          | 111/97783 [00:03<48:08, 33.81pos/s]hedging:   0%|          | 115/97783 [00:03<49:24, 32.95pos/s]hedging:   0%|          | 119/97783 [00:03<50:41, 32.11pos/s]hedging:   0%|          | 123/97783 [00:03<50:26, 32.27pos/s]hedging:   0%|          | 127/97783 [00:03<50:25, 32.28pos/s]hedging:   0%|          | 131/97783 [00:04<50:23, 32.30pos/s]hedging:   0%|          | 135/97783 [00:04<50:56, 31.95pos/s]hedging:   0%|          | 139/97783 [00:04<51:02, 31.88pos/s]hedging:   0%|          | 143/97783 [00:04<50:29, 32.22pos/s]hedging:   0%|          | 147/97783 [00:04<51:07, 31.83pos/s]hedging:   0%|          | 151/97783 [00:04<51:09, 31.80pos/s]hedging:   0%|          | 155/97783 [00:04<51:11, 31.78pos/s]hedging:   0%|          | 159/97783 [00:04<50:33, 32.19pos/s]hedging:   0%|          | 163/97783 [00:05<50:31, 32.20pos/s]hedging:   0%|          | 167/97783 [00:05<50:42, 32.08pos/s]hedging:   0%|          | 171/97783 [00:05<50:43, 32.08pos/s]hedging:   0%|          | 175/97783 [00:05<48:21, 33.64pos/s]hedging:   0%|          | 179/97783 [00:05<48:55, 33.25pos/s]hedging:   0%|          | 183/97783 [00:05<48:26, 33.58pos/s]hedging:   0%|          | 187/97783 [00:05<47:45, 34.05pos/s]hedging:   0%|          | 191/97783 [00:05<47:54, 33.95pos/s]hedging:   0%|          | 195/97783 [00:05<49:17, 33.00pos/s]hedging:   0%|          | 199/97783 [00:06<48:52, 33.28pos/s]hedging:   0%|          | 203/97783 [00:06<49:46, 32.67pos/s]hedging:   0%|          | 207/97783 [00:06<49:51, 32.62pos/s]hedging:   0%|          | 211/97783 [00:06<50:15, 32.36pos/s]hedging:   0%|          | 215/97783 [00:06<49:30, 32.84pos/s]hedging:   0%|          | 219/97783 [00:06<49:52, 32.60pos/s]hedging:   0%|          | 223/97783 [00:06<49:58, 32.53pos/s]hedging:   0%|          | 227/97783 [00:06<51:02, 31.85pos/s]hedging:   0%|          | 231/97783 [00:07<49:31, 32.83pos/s]hedging:   0%|          | 235/97783 [00:07<50:50, 31.98pos/s]hedging:   0%|          | 239/97783 [00:07<50:29, 32.19pos/s]hedging:   0%|          | 243/97783 [00:07<50:22, 32.27pos/s]hedging:   0%|          | 247/97783 [00:07<51:26, 31.60pos/s]hedging:   0%|          | 251/97783 [00:07<51:58, 31.27pos/s]hedging:   0%|          | 255/97783 [00:07<50:36, 32.12pos/s]hedging:   0%|          | 259/97783 [00:07<50:16, 32.33pos/s]hedging:   0%|          | 263/97783 [00:08<50:27, 32.21pos/s]hedging:   0%|          | 267/97783 [00:08<51:53, 31.32pos/s]hedging:   0%|          | 271/97783 [00:08<51:14, 31.71pos/s]hedging:   0%|          | 275/97783 [00:08<51:22, 31.64pos/s]hedging:   0%|          | 279/97783 [00:08<51:10, 31.75pos/s]hedging:   0%|          | 283/97783 [00:08<50:33, 32.14pos/s]hedging:   0%|          | 287/97783 [00:08<51:41, 31.43pos/s]hedging:   0%|          | 291/97783 [00:08<50:12, 32.37pos/s]hedging:   0%|          | 295/97783 [00:09<50:20, 32.27pos/s]hedging:   0%|          | 299/97783 [00:09<50:50, 31.96pos/s]hedging:   0%|          | 303/97783 [00:09<51:01, 31.84pos/s]hedging:   0%|          | 307/97783 [00:09<50:09, 32.39pos/s]hedging:   0%|          | 311/97783 [00:09<50:09, 32.39pos/s]hedging:   0%|          | 315/97783 [00:09<52:03, 31.20pos/s]hedging:   0%|          | 319/97783 [00:09<52:52, 30.72pos/s]hedging:   0%|          | 323/97783 [00:09<52:34, 30.89pos/s]hedging:   0%|          | 327/97783 [00:10<50:17, 32.30pos/s]hedging:   0%|          | 331/97783 [00:10<49:15, 32.97pos/s]hedging:   0%|          | 335/97783 [00:10<49:43, 32.66pos/s]hedging:   0%|          | 339/97783 [00:10<50:13, 32.34pos/s]hedging:   0%|          | 343/97783 [00:10<52:02, 31.21pos/s]hedging:   0%|          | 347/97783 [00:10<57:13, 28.38pos/s]hedging:   0%|          | 350/97783 [00:10<57:00, 28.49pos/s]hedging:   0%|          | 354/97783 [00:11<53:48, 30.18pos/s]hedging:   0%|          | 358/97783 [00:11<52:21, 31.01pos/s]hedging:   0%|          | 362/97783 [00:11<51:58, 31.24pos/s]hedging:   0%|          | 366/97783 [00:11<51:11, 31.72pos/s]hedging:   0%|          | 370/97783 [00:11<50:18, 32.27pos/s]hedging:   0%|          | 374/97783 [00:11<49:23, 32.87pos/s]hedging:   0%|          | 378/97783 [00:11<49:06, 33.06pos/s]hedging:   0%|          | 382/97783 [00:11<49:08, 33.03pos/s]hedging:   0%|          | 386/97783 [00:11<48:57, 33.16pos/s]hedging:   0%|          | 390/97783 [00:12<49:25, 32.84pos/s]hedging:   0%|          | 394/97783 [00:12<48:55, 33.18pos/s]hedging:   0%|          | 398/97783 [00:12<47:48, 33.95pos/s]hedging:   0%|          | 402/97783 [00:12<48:08, 33.71pos/s]hedging:   0%|          | 406/97783 [00:12<50:37, 32.06pos/s]hedging:   0%|          | 410/97783 [00:12<51:02, 31.79pos/s]hedging:   0%|          | 414/97783 [00:12<50:29, 32.14pos/s]hedging:   0%|          | 418/97783 [00:12<48:16, 33.62pos/s]hedging:   0%|          | 422/97783 [00:13<49:00, 33.11pos/s]hedging:   0%|          | 426/97783 [00:13<49:39, 32.68pos/s]hedging:   0%|          | 430/97783 [00:13<48:37, 33.37pos/s]hedging:   0%|          | 434/97783 [00:13<47:30, 34.15pos/s]hedging:   0%|          | 438/97783 [00:13<47:59, 33.80pos/s]hedging:   0%|          | 442/97783 [00:13<47:54, 33.87pos/s]hedging:   0%|          | 446/97783 [00:13<47:43, 33.99pos/s]hedging:   0%|          | 450/97783 [00:13<50:39, 32.03pos/s]hedging:   0%|          | 454/97783 [00:14<50:11, 32.32pos/s]hedging:   0%|          | 458/97783 [00:14<50:38, 32.03pos/s]hedging:   0%|          | 462/97783 [00:14<50:26, 32.16pos/s]hedging:   0%|          | 466/97783 [00:14<49:27, 32.79pos/s]hedging:   0%|          | 470/97783 [00:14<49:49, 32.55pos/s]hedging:   0%|          | 474/97783 [00:14<49:13, 32.95pos/s]hedging:   0%|          | 478/97783 [00:14<48:33, 33.40pos/s]hedging:   0%|          | 482/97783 [00:14<48:56, 33.14pos/s]hedging:   0%|          | 486/97783 [00:14<49:06, 33.02pos/s]hedging:   1%|          | 490/97783 [00:15<49:55, 32.48pos/s]hedging:   1%|          | 494/97783 [00:15<50:29, 32.11pos/s]hedging:   1%|          | 498/97783 [00:15<51:28, 31.50pos/s]hedging:   1%|          | 502/97783 [00:15<51:12, 31.66pos/s]hedging:   1%|          | 506/97783 [00:15<52:40, 30.77pos/s]hedging:   1%|          | 510/97783 [00:15<51:24, 31.54pos/s]hedging:   1%|          | 514/97783 [00:15<51:32, 31.46pos/s]hedging:   1%|          | 518/97783 [00:16<52:04, 31.13pos/s]hedging:   1%|          | 522/97783 [00:16<52:13, 31.04pos/s]hedging:   1%|          | 526/97783 [00:16<52:21, 30.96pos/s]hedging:   1%|          | 530/97783 [00:16<53:15, 30.43pos/s]hedging:   1%|          | 534/97783 [00:16<51:30, 31.46pos/s]hedging:   1%|          | 538/97783 [00:16<52:59, 30.59pos/s]hedging:   1%|          | 542/97783 [00:16<53:03, 30.54pos/s]hedging:   1%|          | 546/97783 [00:16<52:55, 30.62pos/s]hedging:   1%|          | 550/97783 [00:17<51:58, 31.18pos/s]hedging:   1%|          | 554/97783 [00:17<50:08, 32.32pos/s]hedging:   1%|          | 558/97783 [00:17<49:28, 32.75pos/s]hedging:   1%|          | 562/97783 [00:17<49:55, 32.46pos/s]hedging:   1%|          | 566/97783 [00:17<49:36, 32.66pos/s]hedging:   1%|          | 570/97783 [00:17<48:47, 33.21pos/s]hedging:   1%|          | 574/97783 [00:17<48:14, 33.58pos/s]hedging:   1%|          | 578/97783 [00:17<48:27, 33.43pos/s]hedging:   1%|          | 582/97783 [00:18<47:41, 33.97pos/s]hedging:   1%|          | 586/97783 [00:18<50:23, 32.15pos/s]hedging:   1%|          | 590/97783 [00:18<51:09, 31.66pos/s]hedging:   1%|          | 594/97783 [00:18<51:08, 31.67pos/s]hedging:   1%|          | 598/97783 [00:18<51:07, 31.68pos/s]hedging:   1%|          | 602/97783 [00:18<53:44, 30.14pos/s]hedging:   1%|          | 606/97783 [00:18<1:00:35, 26.73pos/s]hedging:   1%|          | 610/97783 [00:19<58:24, 27.73pos/s]  hedging:   1%|          | 613/97783 [00:19<58:34, 27.65pos/s]hedging:   1%|          | 616/97783 [00:19<58:11, 27.83pos/s]hedging:   1%|          | 619/97783 [00:19<59:33, 27.19pos/s]hedging:   1%|          | 622/97783 [00:19<1:02:30, 25.90pos/s]hedging:   1%|          | 625/97783 [00:19<1:03:40, 25.43pos/s]hedging:   1%|          | 629/97783 [00:19<58:57, 27.46pos/s]  hedging:   1%|          | 633/97783 [00:19<55:35, 29.12pos/s]hedging:   1%|          | 637/97783 [00:19<54:42, 29.60pos/s]hedging:   1%|          | 640/97783 [00:20<54:38, 29.63pos/s]hedging:   1%|          | 644/97783 [00:20<51:50, 31.23pos/s]hedging:   1%|          | 648/97783 [00:20<51:24, 31.49pos/s]hedging:   1%|          | 652/97783 [00:20<52:57, 30.57pos/s]hedging:   1%|          | 656/97783 [00:20<52:55, 30.59pos/s]hedging:   1%|          | 660/97783 [00:20<52:39, 30.74pos/s]hedging:   1%|          | 664/97783 [00:20<52:11, 31.02pos/s]hedging:   1%|          | 668/97783 [00:20<51:16, 31.56pos/s]hedging:   1%|          | 672/97783 [00:21<51:01, 31.72pos/s]hedging:   1%|          | 676/97783 [00:21<51:46, 31.26pos/s]hedging:   1%|          | 680/97783 [00:21<50:04, 32.32pos/s]hedging:   1%|          | 684/97783 [00:21<49:41, 32.56pos/s]hedging:   1%|          | 688/97783 [00:21<50:41, 31.92pos/s]hedging:   1%|          | 692/97783 [00:21<50:02, 32.34pos/s]hedging:   1%|          | 696/97783 [00:21<49:14, 32.86pos/s]hedging:   1%|          | 700/97783 [00:21<48:58, 33.04pos/s]hedging:   1%|          | 704/97783 [00:22<49:51, 32.45pos/s]hedging:   1%|          | 708/97783 [00:22<49:58, 32.38pos/s]hedging:   1%|          | 712/97783 [00:22<48:51, 33.12pos/s]hedging:   1%|          | 716/97783 [00:22<49:02, 32.98pos/s]hedging:   1%|          | 720/97783 [00:22<49:22, 32.76pos/s]hedging:   1%|          | 724/97783 [00:22<49:27, 32.71pos/s]hedging:   1%|          | 728/97783 [00:22<50:54, 31.78pos/s]hedging:   1%|          | 732/97783 [00:22<50:07, 32.27pos/s]hedging:   1%|          | 736/97783 [00:23<51:01, 31.70pos/s]hedging:   1%|          | 740/97783 [00:23<53:40, 30.13pos/s]hedging:   1%|          | 744/97783 [00:23<52:17, 30.93pos/s]hedging:   1%|          | 748/97783 [00:23<52:05, 31.05pos/s]hedging:   1%|          | 752/97783 [00:23<52:51, 30.60pos/s]hedging:   1%|          | 756/97783 [00:23<52:29, 30.80pos/s]hedging:   1%|          | 760/97783 [00:23<51:52, 31.18pos/s]hedging:   1%|          | 764/97783 [00:23<51:52, 31.18pos/s]hedging:   1%|          | 768/97783 [00:24<51:01, 31.69pos/s]hedging:   1%|          | 772/97783 [00:24<51:11, 31.59pos/s]hedging:   1%|          | 776/97783 [00:24<52:24, 30.85pos/s]hedging:   1%|          | 780/97783 [00:24<51:52, 31.16pos/s]hedging:   1%|          | 784/97783 [00:24<51:14, 31.55pos/s]hedging:   1%|          | 788/97783 [00:24<52:25, 30.84pos/s]hedging:   1%|          | 792/97783 [00:24<53:04, 30.46pos/s]hedging:   1%|          | 796/97783 [00:24<50:51, 31.79pos/s]hedging:   1%|          | 800/97783 [00:25<50:38, 31.92pos/s]hedging:   1%|          | 804/97783 [00:25<50:16, 32.15pos/s]hedging:   1%|          | 808/97783 [00:25<50:44, 31.85pos/s]hedging:   1%|          | 812/97783 [00:25<50:59, 31.69pos/s]hedging:   1%|          | 816/97783 [00:25<50:44, 31.85pos/s]hedging:   1%|          | 820/97783 [00:25<50:58, 31.71pos/s]hedging:   1%|          | 824/97783 [00:25<50:26, 32.03pos/s]hedging:   1%|          | 828/97783 [00:25<51:24, 31.43pos/s]hedging:   1%|          | 832/97783 [00:26<50:36, 31.92pos/s]hedging:   1%|          | 836/97783 [00:26<50:27, 32.03pos/s]hedging:   1%|          | 840/97783 [00:26<50:34, 31.95pos/s]hedging:   1%|          | 844/97783 [00:26<53:48, 30.03pos/s]hedging:   1%|          | 848/97783 [00:26<52:35, 30.72pos/s]hedging:   1%|          | 852/97783 [00:26<52:49, 30.58pos/s]hedging:   1%|          | 856/97783 [00:26<51:58, 31.09pos/s]hedging:   1%|          | 860/97783 [00:27<51:37, 31.30pos/s]hedging:   1%|          | 864/97783 [00:27<51:33, 31.33pos/s]hedging:   1%|          | 868/97783 [00:27<52:23, 30.83pos/s]hedging:   1%|          | 872/97783 [00:27<52:49, 30.57pos/s]hedging:   1%|          | 876/97783 [00:27<52:51, 30.56pos/s]hedging:   1%|          | 880/97783 [00:27<51:58, 31.07pos/s]hedging:   1%|          | 884/97783 [00:27<52:27, 30.79pos/s]hedging:   1%|          | 888/97783 [00:27<51:59, 31.06pos/s]hedging:   1%|          | 892/97783 [00:28<52:21, 30.84pos/s]hedging:   1%|          | 896/97783 [00:28<52:05, 31.00pos/s]hedging:   1%|          | 900/97783 [00:28<52:16, 30.89pos/s]hedging:   1%|          | 904/97783 [00:28<52:31, 30.74pos/s]hedging:   1%|          | 908/97783 [00:28<50:59, 31.66pos/s]hedging:   1%|          | 912/97783 [00:28<50:16, 32.12pos/s]hedging:   1%|          | 916/97783 [00:28<50:25, 32.01pos/s]hedging:   1%|          | 920/97783 [00:28<50:05, 32.22pos/s]hedging:   1%|          | 924/97783 [00:29<49:22, 32.69pos/s]hedging:   1%|          | 928/97783 [00:29<50:15, 32.12pos/s]hedging:   1%|          | 932/97783 [00:29<51:00, 31.64pos/s]hedging:   1%|          | 936/97783 [00:29<50:37, 31.88pos/s]hedging:   1%|          | 940/97783 [00:29<50:14, 32.12pos/s]hedging:   1%|          | 944/97783 [00:29<51:35, 31.28pos/s]hedging:   1%|          | 948/97783 [00:29<52:51, 30.53pos/s]hedging:   1%|          | 952/97783 [00:29<52:57, 30.47pos/s]hedging:   1%|          | 956/97783 [00:30<52:07, 30.96pos/s]hedging:   1%|          | 960/97783 [00:30<51:50, 31.13pos/s]hedging:   1%|          | 964/97783 [00:30<52:00, 31.02pos/s]hedging:   1%|          | 968/97783 [00:30<52:19, 30.84pos/s]hedging:   1%|          | 972/97783 [00:30<51:32, 31.31pos/s]hedging:   1%|          | 976/97783 [00:30<51:19, 31.43pos/s]hedging:   1%|1         | 980/97783 [00:30<51:17, 31.46pos/s]hedging:   1%|1         | 984/97783 [00:30<50:15, 32.10pos/s]hedging:   1%|1         | 988/97783 [00:31<49:58, 32.28pos/s]hedging:   1%|1         | 992/97783 [00:31<49:00, 32.91pos/s]hedging:   1%|1         | 996/97783 [00:31<48:32, 33.24pos/s]hedging:   1%|1         | 1000/97783 [00:31<48:13, 33.45pos/s]hedging:   1%|1         | 1004/97783 [00:31<47:29, 33.96pos/s]hedging:   1%|1         | 1008/97783 [00:31<47:16, 34.11pos/s]hedging:   1%|1         | 1012/97783 [00:31<47:25, 34.01pos/s]hedging:   1%|1         | 1016/97783 [00:31<48:05, 33.53pos/s]hedging:   1%|1         | 1020/97783 [00:32<48:25, 33.31pos/s]hedging:   1%|1         | 1024/97783 [00:32<49:11, 32.78pos/s]hedging:   1%|1         | 1028/97783 [00:32<49:24, 32.64pos/s]hedging:   1%|1         | 1032/97783 [00:32<49:00, 32.91pos/s]hedging:   1%|1         | 1036/97783 [00:32<48:57, 32.94pos/s]hedging:   1%|1         | 1040/97783 [00:32<49:44, 32.41pos/s]hedging:   1%|1         | 1044/97783 [00:32<51:04, 31.57pos/s]hedging:   1%|1         | 1048/97783 [00:32<52:25, 30.75pos/s]hedging:   1%|1         | 1052/97783 [00:33<52:54, 30.47pos/s]hedging:   1%|1         | 1056/97783 [00:33<52:07, 30.93pos/s]hedging:   1%|1         | 1060/97783 [00:33<53:49, 29.95pos/s]hedging:   1%|1         | 1064/97783 [00:33<52:53, 30.48pos/s]hedging:   1%|1         | 1068/97783 [00:33<52:45, 30.56pos/s]hedging:   1%|1         | 1072/97783 [00:33<53:39, 30.04pos/s]hedging:   1%|1         | 1076/97783 [00:33<53:08, 30.33pos/s]hedging:   1%|1         | 1080/97783 [00:33<51:44, 31.15pos/s]hedging:   1%|1         | 1084/97783 [00:34<52:45, 30.55pos/s]hedging:   1%|1         | 1088/97783 [00:34<52:07, 30.92pos/s]hedging:   1%|1         | 1092/97783 [00:34<50:47, 31.73pos/s]hedging:   1%|1         | 1096/97783 [00:34<51:53, 31.06pos/s]hedging:   1%|1         | 1100/97783 [00:34<51:59, 31.00pos/s]hedging:   1%|1         | 1104/97783 [00:34<52:05, 30.93pos/s]hedging:   1%|1         | 1108/97783 [00:34<52:58, 30.42pos/s]hedging:   1%|1         | 1112/97783 [00:35<51:10, 31.48pos/s]hedging:   1%|1         | 1116/97783 [00:35<50:26, 31.94pos/s]hedging:   1%|1         | 1120/97783 [00:35<49:40, 32.44pos/s]hedging:   1%|1         | 1124/97783 [00:35<50:09, 32.12pos/s]hedging:   1%|1         | 1128/97783 [00:35<50:16, 32.04pos/s]hedging:   1%|1         | 1132/97783 [00:35<50:25, 31.95pos/s]hedging:   1%|1         | 1136/97783 [00:35<50:04, 32.17pos/s]hedging:   1%|1         | 1140/97783 [00:35<48:48, 33.00pos/s]hedging:   1%|1         | 1144/97783 [00:35<49:00, 32.87pos/s]hedging:   1%|1         | 1148/97783 [00:36<48:43, 33.06pos/s]hedging:   1%|1         | 1152/97783 [00:36<49:08, 32.77pos/s]hedging:   1%|1         | 1156/97783 [00:36<49:07, 32.78pos/s]hedging:   1%|1         | 1160/97783 [00:36<47:45, 33.72pos/s]hedging:   1%|1         | 1164/97783 [00:36<47:40, 33.78pos/s]hedging:   1%|1         | 1168/97783 [00:36<47:16, 34.06pos/s]hedging:   1%|1         | 1172/97783 [00:36<47:21, 34.00pos/s]hedging:   1%|1         | 1176/97783 [00:36<47:11, 34.12pos/s]hedging:   1%|1         | 1180/97783 [00:37<48:53, 32.93pos/s]hedging:   1%|1         | 1184/97783 [00:37<48:25, 33.25pos/s]hedging:   1%|1         | 1188/97783 [00:37<48:51, 32.95pos/s]hedging:   1%|1         | 1192/97783 [00:37<48:18, 33.33pos/s]hedging:   1%|1         | 1196/97783 [00:37<49:18, 32.64pos/s]hedging:   1%|1         | 1200/97783 [00:37<48:49, 32.97pos/s]hedging:   1%|1         | 1204/97783 [00:37<48:28, 33.20pos/s]hedging:   1%|1         | 1208/97783 [00:37<48:11, 33.40pos/s]hedging:   1%|1         | 1212/97783 [00:38<48:45, 33.01pos/s]hedging:   1%|1         | 1216/97783 [00:38<49:23, 32.58pos/s]hedging:   1%|1         | 1220/97783 [00:38<49:03, 32.81pos/s]hedging:   1%|1         | 1224/97783 [00:38<48:13, 33.37pos/s]hedging:   1%|1         | 1228/97783 [00:38<47:33, 33.83pos/s]hedging:   1%|1         | 1232/97783 [00:38<48:33, 33.14pos/s]hedging:   1%|1         | 1236/97783 [00:38<50:07, 32.10pos/s]hedging:   1%|1         | 1240/97783 [00:38<51:32, 31.22pos/s]hedging:   1%|1         | 1244/97783 [00:39<53:42, 29.95pos/s]hedging:   1%|1         | 1248/97783 [00:39<54:21, 29.60pos/s]hedging:   1%|1         | 1252/97783 [00:39<53:40, 29.98pos/s]hedging:   1%|1         | 1256/97783 [00:39<53:17, 30.19pos/s]hedging:   1%|1         | 1260/97783 [00:39<51:40, 31.13pos/s]hedging:   1%|1         | 1264/97783 [00:39<50:31, 31.84pos/s]hedging:   1%|1         | 1268/97783 [00:39<49:26, 32.53pos/s]hedging:   1%|1         | 1272/97783 [00:39<49:30, 32.49pos/s]hedging:   1%|1         | 1276/97783 [00:40<50:12, 32.03pos/s]hedging:   1%|1         | 1280/97783 [00:40<48:27, 33.19pos/s]hedging:   1%|1         | 1284/97783 [00:40<47:55, 33.56pos/s]hedging:   1%|1         | 1288/97783 [00:40<47:50, 33.61pos/s]hedging:   1%|1         | 1292/97783 [00:40<48:16, 33.31pos/s]hedging:   1%|1         | 1296/97783 [00:40<48:36, 33.08pos/s]hedging:   1%|1         | 1300/97783 [00:40<51:22, 31.30pos/s]hedging:   1%|1         | 1304/97783 [00:40<51:22, 31.30pos/s]hedging:   1%|1         | 1308/97783 [00:41<52:13, 30.79pos/s]hedging:   1%|1         | 1312/97783 [00:41<51:26, 31.25pos/s]hedging:   1%|1         | 1316/97783 [00:41<50:18, 31.96pos/s]hedging:   1%|1         | 1320/97783 [00:41<49:50, 32.26pos/s]hedging:   1%|1         | 1324/97783 [00:41<52:20, 30.71pos/s]hedging:   1%|1         | 1328/97783 [00:41<52:12, 30.79pos/s]hedging:   1%|1         | 1332/97783 [00:41<50:48, 31.63pos/s]hedging:   1%|1         | 1336/97783 [00:41<50:58, 31.54pos/s]hedging:   1%|1         | 1340/97783 [00:42<49:37, 32.39pos/s]hedging:   1%|1         | 1344/97783 [00:42<50:14, 32.00pos/s]hedging:   1%|1         | 1348/97783 [00:42<50:31, 31.81pos/s]hedging:   1%|1         | 1352/97783 [00:42<49:37, 32.39pos/s]hedging:   1%|1         | 1356/97783 [00:42<49:31, 32.45pos/s]hedging:   1%|1         | 1360/97783 [00:42<50:33, 31.78pos/s]hedging:   1%|1         | 1364/97783 [00:42<50:12, 32.01pos/s]hedging:   1%|1         | 1368/97783 [00:42<49:19, 32.57pos/s]hedging:   1%|1         | 1372/97783 [00:43<49:37, 32.38pos/s]hedging:   1%|1         | 1376/97783 [00:43<49:49, 32.25pos/s]hedging:   1%|1         | 1380/97783 [00:43<49:00, 32.79pos/s]hedging:   1%|1         | 1384/97783 [00:43<49:14, 32.63pos/s]hedging:   1%|1         | 1388/97783 [00:43<50:00, 32.12pos/s]hedging:   1%|1         | 1392/97783 [00:43<51:04, 31.45pos/s]hedging:   1%|1         | 1396/97783 [00:43<49:58, 32.14pos/s]hedging:   1%|1         | 1400/97783 [00:43<50:36, 31.74pos/s]hedging:   1%|1         | 1404/97783 [00:44<50:42, 31.68pos/s]hedging:   1%|1         | 1408/97783 [00:44<50:38, 31.72pos/s]hedging:   1%|1         | 1412/97783 [00:44<48:38, 33.02pos/s]hedging:   1%|1         | 1416/97783 [00:44<48:03, 33.42pos/s]hedging:   1%|1         | 1420/97783 [00:44<48:24, 33.18pos/s]hedging:   1%|1         | 1424/97783 [00:44<47:50, 33.57pos/s]hedging:   1%|1         | 1428/97783 [00:44<49:06, 32.71pos/s]hedging:   1%|1         | 1432/97783 [00:44<49:06, 32.71pos/s]hedging:   1%|1         | 1436/97783 [00:45<48:49, 32.89pos/s]hedging:   1%|1         | 1440/97783 [00:45<48:38, 33.02pos/s]hedging:   1%|1         | 1444/97783 [00:45<49:42, 32.30pos/s]hedging:   1%|1         | 1448/97783 [00:45<49:56, 32.14pos/s]hedging:   1%|1         | 1452/97783 [00:45<50:10, 31.99pos/s]hedging:   1%|1         | 1456/97783 [00:45<50:24, 31.85pos/s]hedging:   1%|1         | 1460/97783 [00:45<51:00, 31.47pos/s]hedging:   1%|1         | 1464/97783 [00:45<50:49, 31.59pos/s]hedging:   2%|1         | 1468/97783 [00:46<50:57, 31.50pos/s]hedging:   2%|1         | 1472/97783 [00:46<51:20, 31.26pos/s]hedging:   2%|1         | 1476/97783 [00:46<51:12, 31.35pos/s]hedging:   2%|1         | 1480/97783 [00:46<51:48, 30.98pos/s]hedging:   2%|1         | 1484/97783 [00:46<53:31, 29.98pos/s]hedging:   2%|1         | 1488/97783 [00:46<53:30, 29.99pos/s]hedging:   2%|1         | 1492/97783 [00:46<54:02, 29.70pos/s]hedging:   2%|1         | 1496/97783 [00:46<52:25, 30.61pos/s]hedging:   2%|1         | 1500/97783 [00:47<52:04, 30.81pos/s]hedging:   2%|1         | 1504/97783 [00:47<51:51, 30.94pos/s]hedging:   2%|1         | 1508/97783 [00:47<51:10, 31.35pos/s]hedging:   2%|1         | 1512/97783 [00:47<49:28, 32.44pos/s]hedging:   2%|1         | 1516/97783 [00:47<51:22, 31.23pos/s]hedging:   2%|1         | 1520/97783 [00:47<51:31, 31.14pos/s]hedging:   2%|1         | 1524/97783 [00:47<50:06, 32.02pos/s]hedging:   2%|1         | 1528/97783 [00:47<49:20, 32.51pos/s]hedging:   2%|1         | 1532/97783 [00:48<49:06, 32.67pos/s]hedging:   2%|1         | 1536/97783 [00:48<47:19, 33.90pos/s]hedging:   2%|1         | 1540/97783 [00:48<47:13, 33.97pos/s]hedging:   2%|1         | 1544/97783 [00:48<49:02, 32.71pos/s]hedging:   2%|1         | 1548/97783 [00:48<49:23, 32.47pos/s]hedging:   2%|1         | 1552/97783 [00:48<50:02, 32.05pos/s]hedging:   2%|1         | 1556/97783 [00:48<50:00, 32.07pos/s]hedging:   2%|1         | 1560/97783 [00:48<48:49, 32.85pos/s]hedging:   2%|1         | 1564/97783 [00:49<47:18, 33.90pos/s]hedging:   2%|1         | 1568/97783 [00:49<49:43, 32.25pos/s]hedging:   2%|1         | 1572/97783 [00:49<50:55, 31.48pos/s]hedging:   2%|1         | 1576/97783 [00:49<50:48, 31.56pos/s]hedging:   2%|1         | 1580/97783 [00:49<52:08, 30.75pos/s]hedging:   2%|1         | 1584/97783 [00:49<52:37, 30.46pos/s]hedging:   2%|1         | 1588/97783 [00:49<51:33, 31.10pos/s]hedging:   2%|1         | 1592/97783 [00:49<50:49, 31.54pos/s]hedging:   2%|1         | 1596/97783 [00:50<51:52, 30.90pos/s]hedging:   2%|1         | 1600/97783 [00:50<52:04, 30.78pos/s]hedging:   2%|1         | 1604/97783 [00:50<51:13, 31.29pos/s]hedging:   2%|1         | 1608/97783 [00:50<51:05, 31.38pos/s]hedging:   2%|1         | 1612/97783 [00:50<51:38, 31.04pos/s]hedging:   2%|1         | 1616/97783 [00:50<52:13, 30.69pos/s]hedging:   2%|1         | 1620/97783 [00:50<53:51, 29.76pos/s]hedging:   2%|1         | 1624/97783 [00:50<52:38, 30.44pos/s]hedging:   2%|1         | 1628/97783 [00:51<56:59, 28.12pos/s]hedging:   2%|1         | 1631/97783 [00:51<56:21, 28.44pos/s]hedging:   2%|1         | 1635/97783 [00:51<53:15, 30.09pos/s]hedging:   2%|1         | 1639/97783 [00:51<52:34, 30.48pos/s]hedging:   2%|1         | 1643/97783 [00:51<52:15, 30.66pos/s]hedging:   2%|1         | 1647/97783 [00:51<51:03, 31.38pos/s]hedging:   2%|1         | 1651/97783 [00:51<51:39, 31.01pos/s]hedging:   2%|1         | 1655/97783 [00:52<50:55, 31.46pos/s]hedging:   2%|1         | 1659/97783 [00:52<50:20, 31.83pos/s]hedging:   2%|1         | 1663/97783 [00:52<50:04, 31.99pos/s]hedging:   2%|1         | 1667/97783 [00:52<49:21, 32.46pos/s]hedging:   2%|1         | 1671/97783 [00:52<50:00, 32.03pos/s]hedging:   2%|1         | 1675/97783 [00:52<49:20, 32.46pos/s]hedging:   2%|1         | 1679/97783 [00:52<50:30, 31.71pos/s]hedging:   2%|1         | 1683/97783 [00:52<50:47, 31.53pos/s]hedging:   2%|1         | 1687/97783 [00:53<51:21, 31.18pos/s]hedging:   2%|1         | 1691/97783 [00:53<52:03, 30.76pos/s]hedging:   2%|1         | 1695/97783 [00:53<51:22, 31.17pos/s]hedging:   2%|1         | 1699/97783 [00:53<52:40, 30.40pos/s]hedging:   2%|1         | 1703/97783 [00:53<52:51, 30.30pos/s]hedging:   2%|1         | 1707/97783 [00:53<52:35, 30.44pos/s]hedging:   2%|1         | 1711/97783 [00:53<51:58, 30.81pos/s]hedging:   2%|1         | 1715/97783 [00:53<51:25, 31.14pos/s]hedging:   2%|1         | 1719/97783 [00:54<50:03, 31.98pos/s]hedging:   2%|1         | 1723/97783 [00:54<50:14, 31.87pos/s]hedging:   2%|1         | 1727/97783 [00:54<50:05, 31.96pos/s]hedging:   2%|1         | 1731/97783 [00:54<49:54, 32.08pos/s]hedging:   2%|1         | 1735/97783 [00:54<50:46, 31.52pos/s]hedging:   2%|1         | 1739/97783 [00:54<50:55, 31.43pos/s]hedging:   2%|1         | 1743/97783 [00:54<50:19, 31.81pos/s]hedging:   2%|1         | 1747/97783 [00:54<50:50, 31.49pos/s]hedging:   2%|1         | 1751/97783 [00:55<49:13, 32.52pos/s]hedging:   2%|1         | 1755/97783 [00:55<49:22, 32.42pos/s]hedging:   2%|1         | 1759/97783 [00:55<50:08, 31.91pos/s]hedging:   2%|1         | 1763/97783 [00:55<50:59, 31.38pos/s]hedging:   2%|1         | 1767/97783 [00:55<49:39, 32.23pos/s]hedging:   2%|1         | 1771/97783 [00:55<49:20, 32.44pos/s]hedging:   2%|1         | 1775/97783 [00:55<49:50, 32.11pos/s]hedging:   2%|1         | 1779/97783 [00:55<49:40, 32.21pos/s]hedging:   2%|1         | 1783/97783 [00:56<48:48, 32.79pos/s]hedging:   2%|1         | 1787/97783 [00:56<49:41, 32.20pos/s]hedging:   2%|1         | 1791/97783 [00:56<49:10, 32.53pos/s]hedging:   2%|1         | 1795/97783 [00:56<50:05, 31.93pos/s]hedging:   2%|1         | 1799/97783 [00:56<50:01, 31.98pos/s]hedging:   2%|1         | 1803/97783 [00:56<51:11, 31.25pos/s]hedging:   2%|1         | 1807/97783 [00:56<52:59, 30.19pos/s]hedging:   2%|1         | 1811/97783 [00:56<52:48, 30.29pos/s]hedging:   2%|1         | 1815/97783 [00:57<52:25, 30.51pos/s]hedging:   2%|1         | 1819/97783 [00:57<52:02, 30.74pos/s]hedging:   2%|1         | 1823/97783 [00:57<51:26, 31.09pos/s]hedging:   2%|1         | 1827/97783 [00:57<50:49, 31.47pos/s]hedging:   2%|1         | 1831/97783 [00:57<49:20, 32.41pos/s]hedging:   2%|1         | 1835/97783 [00:57<49:20, 32.41pos/s]hedging:   2%|1         | 1839/97783 [00:57<48:33, 32.93pos/s]hedging:   2%|1         | 1843/97783 [00:57<47:41, 33.53pos/s]hedging:   2%|1         | 1847/97783 [00:58<47:32, 33.63pos/s]hedging:   2%|1         | 1851/97783 [00:58<47:46, 33.47pos/s]hedging:   2%|1         | 1855/97783 [00:58<47:49, 33.43pos/s]hedging:   2%|1         | 1859/97783 [00:58<47:23, 33.73pos/s]hedging:   2%|1         | 1863/97783 [00:58<47:00, 34.00pos/s]hedging:   2%|1         | 1867/97783 [00:58<47:32, 33.62pos/s]hedging:   2%|1         | 1871/97783 [00:58<49:02, 32.59pos/s]hedging:   2%|1         | 1875/97783 [00:58<49:14, 32.46pos/s]hedging:   2%|1         | 1879/97783 [00:59<50:18, 31.78pos/s]hedging:   2%|1         | 1883/97783 [00:59<49:47, 32.10pos/s]hedging:   2%|1         | 1887/97783 [00:59<51:11, 31.22pos/s]hedging:   2%|1         | 1891/97783 [00:59<50:03, 31.93pos/s]hedging:   2%|1         | 1895/97783 [00:59<50:08, 31.87pos/s]hedging:   2%|1         | 1899/97783 [00:59<50:40, 31.53pos/s]hedging:   2%|1         | 1903/97783 [00:59<49:37, 32.20pos/s]hedging:   2%|1         | 1907/97783 [00:59<48:47, 32.75pos/s]hedging:   2%|1         | 1911/97783 [01:00<47:50, 33.40pos/s]hedging:   2%|1         | 1915/97783 [01:00<48:08, 33.18pos/s]hedging:   2%|1         | 1919/97783 [01:00<49:30, 32.27pos/s]hedging:   2%|1         | 1923/97783 [01:00<49:27, 32.31pos/s]hedging:   2%|1         | 1927/97783 [01:00<49:37, 32.19pos/s]hedging:   2%|1         | 1931/97783 [01:00<50:17, 31.76pos/s]hedging:   2%|1         | 1935/97783 [01:00<50:19, 31.75pos/s]hedging:   2%|1         | 1939/97783 [01:00<50:16, 31.77pos/s]hedging:   2%|1         | 1943/97783 [01:01<49:46, 32.09pos/s]hedging:   2%|1         | 1947/97783 [01:01<49:50, 32.05pos/s]hedging:   2%|1         | 1951/97783 [01:01<48:48, 32.72pos/s]hedging:   2%|1         | 1955/97783 [01:01<49:38, 32.18pos/s]hedging:   2%|2         | 1959/97783 [01:01<50:37, 31.55pos/s]hedging:   2%|2         | 1963/97783 [01:01<50:38, 31.54pos/s]hedging:   2%|2         | 1967/97783 [01:01<52:04, 30.66pos/s]hedging:   2%|2         | 1971/97783 [01:01<53:32, 29.83pos/s]hedging:   2%|2         | 1975/97783 [01:02<51:56, 30.74pos/s]hedging:   2%|2         | 1979/97783 [01:02<51:27, 31.03pos/s]hedging:   2%|2         | 1983/97783 [01:02<52:13, 30.57pos/s]hedging:   2%|2         | 1987/97783 [01:02<51:00, 31.30pos/s]hedging:   2%|2         | 1991/97783 [01:02<49:47, 32.07pos/s]hedging:   2%|2         | 1995/97783 [01:02<48:46, 32.73pos/s]hedging:   2%|2         | 1999/97783 [01:02<48:14, 33.09pos/s]hedging:   2%|2         | 2003/97783 [01:02<48:36, 32.84pos/s]hedging:   2%|2         | 2007/97783 [01:03<48:41, 32.78pos/s]hedging:   2%|2         | 2011/97783 [01:03<49:01, 32.56pos/s]hedging:   2%|2         | 2015/97783 [01:03<47:33, 33.56pos/s]hedging:   2%|2         | 2019/97783 [01:03<49:01, 32.56pos/s]hedging:   2%|2         | 2023/97783 [01:03<48:31, 32.89pos/s]hedging:   2%|2         | 2027/97783 [01:03<49:16, 32.39pos/s]hedging:   2%|2         | 2031/97783 [01:03<49:38, 32.15pos/s]hedging:   2%|2         | 2035/97783 [01:03<49:49, 32.03pos/s]hedging:   2%|2         | 2039/97783 [01:04<49:10, 32.45pos/s]hedging:   2%|2         | 2043/97783 [01:04<49:42, 32.10pos/s]hedging:   2%|2         | 2047/97783 [01:04<50:14, 31.76pos/s]hedging:   2%|2         | 2051/97783 [01:04<50:07, 31.84pos/s]hedging:   2%|2         | 2055/97783 [01:04<49:35, 32.18pos/s]hedging:   2%|2         | 2059/97783 [01:04<49:58, 31.92pos/s]hedging:   2%|2         | 2063/97783 [01:04<49:31, 32.21pos/s]hedging:   2%|2         | 2067/97783 [01:04<48:26, 32.93pos/s]hedging:   2%|2         | 2071/97783 [01:05<49:56, 31.94pos/s]hedging:   2%|2         | 2075/97783 [01:05<49:12, 32.41pos/s]hedging:   2%|2         | 2079/97783 [01:05<48:24, 32.96pos/s]hedging:   2%|2         | 2083/97783 [01:05<48:31, 32.86pos/s]hedging:   2%|2         | 2087/97783 [01:05<50:08, 31.81pos/s]hedging:   2%|2         | 2091/97783 [01:05<51:08, 31.19pos/s]hedging:   2%|2         | 2095/97783 [01:05<54:23, 29.32pos/s]hedging:   2%|2         | 2098/97783 [01:05<55:42, 28.63pos/s]hedging:   2%|2         | 2101/97783 [01:06<55:07, 28.93pos/s]hedging:   2%|2         | 2105/97783 [01:06<53:28, 29.82pos/s]hedging:   2%|2         | 2109/97783 [01:06<49:08, 32.44pos/s]hedging:   2%|2         | 2113/97783 [01:06<47:18, 33.70pos/s]hedging:   2%|2         | 2117/97783 [01:06<45:13, 35.26pos/s]hedging:   2%|2         | 2122/97783 [01:06<43:18, 36.81pos/s]hedging:   2%|2         | 2126/97783 [01:06<43:59, 36.24pos/s]hedging:   2%|2         | 2137/97783 [01:06<28:23, 56.14pos/s]hedging:   2%|2         | 2143/97783 [01:06<28:15, 56.39pos/s]hedging:   2%|2         | 2149/97783 [01:07<31:44, 50.23pos/s]hedging:   2%|2         | 2155/97783 [01:07<35:24, 45.02pos/s]hedging:   2%|2         | 2160/97783 [01:07<37:50, 42.11pos/s]hedging:   2%|2         | 2165/97783 [01:07<38:19, 41.57pos/s]hedging:   2%|2         | 2170/97783 [01:07<40:33, 39.30pos/s]hedging:   2%|2         | 2175/97783 [01:07<42:53, 37.16pos/s]hedging:   2%|2         | 2179/97783 [01:07<43:33, 36.58pos/s]hedging:   2%|2         | 2183/97783 [01:08<44:56, 35.45pos/s]hedging:   2%|2         | 2187/97783 [01:08<46:17, 34.42pos/s]hedging:   2%|2         | 2191/97783 [01:08<47:48, 33.33pos/s]hedging:   2%|2         | 2195/97783 [01:08<48:30, 32.85pos/s]hedging:   2%|2         | 2199/97783 [01:08<49:28, 32.20pos/s]hedging:   2%|2         | 2203/97783 [01:08<48:51, 32.61pos/s]hedging:   2%|2         | 2207/97783 [01:08<48:42, 32.70pos/s]hedging:   2%|2         | 2211/97783 [01:08<49:42, 32.04pos/s]hedging:   2%|2         | 2215/97783 [01:09<50:14, 31.70pos/s]hedging:   2%|2         | 2219/97783 [01:09<49:03, 32.46pos/s]hedging:   2%|2         | 2223/97783 [01:09<50:31, 31.52pos/s]hedging:   2%|2         | 2227/97783 [01:09<49:00, 32.49pos/s]hedging:   2%|2         | 2231/97783 [01:09<49:08, 32.41pos/s]hedging:   2%|2         | 2235/97783 [01:09<50:05, 31.79pos/s]hedging:   2%|2         | 2239/97783 [01:09<49:28, 32.18pos/s]hedging:   2%|2         | 2243/97783 [01:09<48:22, 32.92pos/s]hedging:   2%|2         | 2247/97783 [01:10<49:29, 32.17pos/s]hedging:   2%|2         | 2251/97783 [01:10<49:54, 31.90pos/s]hedging:   2%|2         | 2255/97783 [01:10<50:12, 31.71pos/s]hedging:   2%|2         | 2259/97783 [01:10<49:50, 31.94pos/s]hedging:   2%|2         | 2263/97783 [01:10<49:09, 32.38pos/s]hedging:   2%|2         | 2267/97783 [01:10<48:50, 32.60pos/s]hedging:   2%|2         | 2271/97783 [01:10<49:40, 32.04pos/s]hedging:   2%|2         | 2275/97783 [01:10<49:17, 32.29pos/s]hedging:   2%|2         | 2279/97783 [01:11<50:06, 31.76pos/s]hedging:   2%|2         | 2283/97783 [01:11<50:21, 31.61pos/s]hedging:   2%|2         | 2287/97783 [01:11<49:57, 31.85pos/s]hedging:   2%|2         | 2291/97783 [01:11<48:56, 32.52pos/s]hedging:   2%|2         | 2295/97783 [01:11<48:59, 32.48pos/s]hedging:   2%|2         | 2299/97783 [01:11<48:53, 32.55pos/s]hedging:   2%|2         | 2303/97783 [01:11<48:26, 32.85pos/s]hedging:   2%|2         | 2307/97783 [01:11<48:16, 32.96pos/s]hedging:   2%|2         | 2311/97783 [01:11<49:22, 32.23pos/s]hedging:   2%|2         | 2315/97783 [01:12<49:28, 32.16pos/s]hedging:   2%|2         | 2319/97783 [01:12<49:44, 31.99pos/s]hedging:   2%|2         | 2323/97783 [01:12<48:35, 32.74pos/s]hedging:   2%|2         | 2327/97783 [01:12<49:17, 32.27pos/s]hedging:   2%|2         | 2331/97783 [01:12<48:18, 32.93pos/s]hedging:   2%|2         | 2335/97783 [01:12<48:44, 32.63pos/s]hedging:   2%|2         | 2339/97783 [01:12<49:02, 32.44pos/s]hedging:   2%|2         | 2343/97783 [01:13<51:57, 30.62pos/s]hedging:   2%|2         | 2347/97783 [01:13<51:22, 30.96pos/s]hedging:   2%|2         | 2351/97783 [01:13<51:03, 31.15pos/s]hedging:   2%|2         | 2355/97783 [01:13<49:52, 31.89pos/s]hedging:   2%|2         | 2359/97783 [01:13<49:25, 32.17pos/s]hedging:   2%|2         | 2363/97783 [01:13<50:29, 31.50pos/s]hedging:   2%|2         | 2367/97783 [01:13<50:10, 31.69pos/s]hedging:   2%|2         | 2371/97783 [01:13<49:27, 32.16pos/s]hedging:   2%|2         | 2375/97783 [01:13<48:58, 32.47pos/s]hedging:   2%|2         | 2379/97783 [01:14<48:26, 32.83pos/s]hedging:   2%|2         | 2383/97783 [01:14<49:37, 32.04pos/s]hedging:   2%|2         | 2387/97783 [01:14<50:32, 31.45pos/s]hedging:   2%|2         | 2391/97783 [01:14<50:29, 31.48pos/s]hedging:   2%|2         | 2395/97783 [01:14<50:31, 31.46pos/s]hedging:   2%|2         | 2399/97783 [01:14<50:07, 31.72pos/s]hedging:   2%|2         | 2403/97783 [01:14<50:16, 31.62pos/s]hedging:   2%|2         | 2407/97783 [01:15<49:54, 31.85pos/s]hedging:   2%|2         | 2411/97783 [01:15<49:21, 32.20pos/s]hedging:   2%|2         | 2415/97783 [01:15<49:41, 31.99pos/s]hedging:   2%|2         | 2419/97783 [01:15<49:55, 31.84pos/s]hedging:   2%|2         | 2423/97783 [01:15<48:23, 32.84pos/s]hedging:   2%|2         | 2427/97783 [01:15<49:00, 32.43pos/s]hedging:   2%|2         | 2431/97783 [01:15<49:10, 32.32pos/s]hedging:   2%|2         | 2435/97783 [01:15<48:03, 33.06pos/s]hedging:   2%|2         | 2439/97783 [01:15<48:31, 32.74pos/s]hedging:   2%|2         | 2443/97783 [01:16<47:01, 33.80pos/s]hedging:   3%|2         | 2447/97783 [01:16<47:04, 33.76pos/s]hedging:   3%|2         | 2451/97783 [01:16<48:02, 33.07pos/s]hedging:   3%|2         | 2455/97783 [01:16<48:35, 32.70pos/s]hedging:   3%|2         | 2459/97783 [01:16<48:35, 32.70pos/s]hedging:   3%|2         | 2463/97783 [01:16<51:44, 30.71pos/s]hedging:   3%|2         | 2467/97783 [01:16<54:54, 28.93pos/s]hedging:   3%|2         | 2471/97783 [01:17<54:01, 29.40pos/s]hedging:   3%|2         | 2474/97783 [01:17<55:35, 28.58pos/s]hedging:   3%|2         | 2478/97783 [01:17<54:15, 29.27pos/s]hedging:   3%|2         | 2482/97783 [01:17<52:13, 30.41pos/s]hedging:   3%|2         | 2486/97783 [01:17<51:56, 30.58pos/s]hedging:   3%|2         | 2490/97783 [01:17<50:36, 31.38pos/s]hedging:   3%|2         | 2494/97783 [01:17<50:20, 31.55pos/s]hedging:   3%|2         | 2498/97783 [01:17<50:24, 31.51pos/s]hedging:   3%|2         | 2502/97783 [01:18<50:06, 31.69pos/s]hedging:   3%|2         | 2506/97783 [01:18<50:35, 31.39pos/s]hedging:   3%|2         | 2510/97783 [01:18<50:15, 31.59pos/s]hedging:   3%|2         | 2514/97783 [01:18<49:17, 32.22pos/s]hedging:   3%|2         | 2518/97783 [01:18<49:46, 31.90pos/s]hedging:   3%|2         | 2522/97783 [01:18<51:41, 30.72pos/s]hedging:   3%|2         | 2526/97783 [01:18<51:40, 30.73pos/s]hedging:   3%|2         | 2530/97783 [01:18<50:56, 31.16pos/s]hedging:   3%|2         | 2534/97783 [01:19<49:23, 32.14pos/s]hedging:   3%|2         | 2538/97783 [01:19<50:55, 31.17pos/s]hedging:   3%|2         | 2542/97783 [01:19<49:20, 32.17pos/s]hedging:   3%|2         | 2546/97783 [01:19<50:05, 31.69pos/s]hedging:   3%|2         | 2550/97783 [01:19<50:44, 31.28pos/s]hedging:   3%|2         | 2554/97783 [01:19<49:37, 31.98pos/s]hedging:   3%|2         | 2558/97783 [01:19<48:45, 32.55pos/s]hedging:   3%|2         | 2562/97783 [01:19<48:56, 32.42pos/s]hedging:   3%|2         | 2566/97783 [01:20<49:15, 32.21pos/s]hedging:   3%|2         | 2570/97783 [01:20<49:56, 31.77pos/s]hedging:   3%|2         | 2574/97783 [01:20<48:44, 32.56pos/s]hedging:   3%|2         | 2578/97783 [01:20<48:28, 32.73pos/s]hedging:   3%|2         | 2582/97783 [01:20<48:47, 32.52pos/s]hedging:   3%|2         | 2586/97783 [01:20<48:25, 32.76pos/s]hedging:   3%|2         | 2590/97783 [01:20<48:40, 32.60pos/s]hedging:   3%|2         | 2594/97783 [01:20<49:09, 32.27pos/s]hedging:   3%|2         | 2598/97783 [01:21<50:49, 31.21pos/s]hedging:   3%|2         | 2602/97783 [01:21<49:49, 31.83pos/s]hedging:   3%|2         | 2606/97783 [01:21<49:39, 31.94pos/s]hedging:   3%|2         | 2610/97783 [01:21<50:30, 31.41pos/s]hedging:   3%|2         | 2614/97783 [01:21<49:51, 31.81pos/s]hedging:   3%|2         | 2618/97783 [01:21<49:05, 32.31pos/s]hedging:   3%|2         | 2622/97783 [01:21<48:11, 32.92pos/s]hedging:   3%|2         | 2626/97783 [01:21<49:02, 32.34pos/s]hedging:   3%|2         | 2630/97783 [01:22<48:39, 32.59pos/s]hedging:   3%|2         | 2634/97783 [01:22<48:48, 32.49pos/s]hedging:   3%|2         | 2638/97783 [01:22<49:01, 32.34pos/s]hedging:   3%|2         | 2642/97783 [01:22<48:43, 32.55pos/s]hedging:   3%|2         | 2646/97783 [01:22<48:49, 32.48pos/s]hedging:   3%|2         | 2650/97783 [01:22<48:11, 32.90pos/s]hedging:   3%|2         | 2654/97783 [01:22<48:19, 32.81pos/s]hedging:   3%|2         | 2658/97783 [01:22<48:04, 32.98pos/s]hedging:   3%|2         | 2662/97783 [01:22<47:44, 33.21pos/s]hedging:   3%|2         | 2666/97783 [01:23<47:24, 33.43pos/s]hedging:   3%|2         | 2670/97783 [01:23<47:55, 33.08pos/s]hedging:   3%|2         | 2674/97783 [01:23<47:04, 33.68pos/s]hedging:   3%|2         | 2678/97783 [01:23<47:44, 33.20pos/s]hedging:   3%|2         | 2682/97783 [01:23<48:10, 32.90pos/s]hedging:   3%|2         | 2686/97783 [01:23<49:22, 32.11pos/s]hedging:   3%|2         | 2690/97783 [01:23<49:19, 32.13pos/s]hedging:   3%|2         | 2694/97783 [01:23<49:15, 32.18pos/s]hedging:   3%|2         | 2698/97783 [01:24<49:20, 32.12pos/s]hedging:   3%|2         | 2702/97783 [01:24<48:35, 32.61pos/s]hedging:   3%|2         | 2706/97783 [01:24<48:26, 32.71pos/s]hedging:   3%|2         | 2710/97783 [01:24<49:04, 32.28pos/s]hedging:   3%|2         | 2714/97783 [01:24<49:44, 31.85pos/s]hedging:   3%|2         | 2718/97783 [01:24<50:32, 31.35pos/s]hedging:   3%|2         | 2722/97783 [01:24<49:53, 31.76pos/s]hedging:   3%|2         | 2726/97783 [01:24<50:05, 31.63pos/s]hedging:   3%|2         | 2730/97783 [01:25<50:32, 31.35pos/s]hedging:   3%|2         | 2734/97783 [01:25<51:16, 30.90pos/s]hedging:   3%|2         | 2738/97783 [01:25<51:25, 30.80pos/s]hedging:   3%|2         | 2742/97783 [01:25<53:08, 29.81pos/s]hedging:   3%|2         | 2746/97783 [01:25<52:49, 29.98pos/s]hedging:   3%|2         | 2750/97783 [01:25<53:42, 29.49pos/s]hedging:   3%|2         | 2753/97783 [01:25<54:20, 29.14pos/s]hedging:   3%|2         | 2756/97783 [01:25<54:54, 28.84pos/s]hedging:   3%|2         | 2760/97783 [01:26<53:35, 29.55pos/s]hedging:   3%|2         | 2764/97783 [01:26<52:38, 30.08pos/s]hedging:   3%|2         | 2768/97783 [01:26<52:46, 30.01pos/s]hedging:   3%|2         | 2772/97783 [01:26<52:22, 30.23pos/s]hedging:   3%|2         | 2776/97783 [01:26<51:54, 30.51pos/s]hedging:   3%|2         | 2780/97783 [01:26<51:09, 30.95pos/s]hedging:   3%|2         | 2784/97783 [01:26<49:02, 32.29pos/s]hedging:   3%|2         | 2788/97783 [01:26<47:08, 33.59pos/s]hedging:   3%|2         | 2792/97783 [01:27<47:56, 33.03pos/s]hedging:   3%|2         | 2796/97783 [01:27<47:26, 33.37pos/s]hedging:   3%|2         | 2800/97783 [01:27<47:28, 33.35pos/s]hedging:   3%|2         | 2804/97783 [01:27<46:41, 33.90pos/s]hedging:   3%|2         | 2808/97783 [01:27<48:11, 32.84pos/s]hedging:   3%|2         | 2812/97783 [01:27<47:37, 33.23pos/s]hedging:   3%|2         | 2816/97783 [01:27<47:51, 33.07pos/s]hedging:   3%|2         | 2820/97783 [01:27<48:16, 32.79pos/s]hedging:   3%|2         | 2824/97783 [01:28<49:14, 32.14pos/s]hedging:   3%|2         | 2828/97783 [01:28<49:26, 32.01pos/s]hedging:   3%|2         | 2832/97783 [01:28<49:34, 31.93pos/s]hedging:   3%|2         | 2836/97783 [01:28<50:40, 31.23pos/s]hedging:   3%|2         | 2840/97783 [01:28<49:18, 32.09pos/s]hedging:   3%|2         | 2844/97783 [01:28<49:40, 31.85pos/s]hedging:   3%|2         | 2848/97783 [01:28<49:56, 31.69pos/s]hedging:   3%|2         | 2852/97783 [01:28<50:36, 31.26pos/s]hedging:   3%|2         | 2856/97783 [01:29<49:19, 32.08pos/s]hedging:   3%|2         | 2860/97783 [01:29<49:53, 31.71pos/s]hedging:   3%|2         | 2864/97783 [01:29<50:07, 31.56pos/s]hedging:   3%|2         | 2868/97783 [01:29<48:42, 32.48pos/s]hedging:   3%|2         | 2872/97783 [01:29<48:13, 32.80pos/s]hedging:   3%|2         | 2876/97783 [01:29<48:24, 32.67pos/s]hedging:   3%|2         | 2880/97783 [01:29<48:00, 32.94pos/s]hedging:   3%|2         | 2884/97783 [01:29<47:57, 32.98pos/s]hedging:   3%|2         | 2888/97783 [01:30<47:29, 33.30pos/s]hedging:   3%|2         | 2892/97783 [01:30<47:31, 33.28pos/s]hedging:   3%|2         | 2896/97783 [01:30<47:49, 33.07pos/s]hedging:   3%|2         | 2900/97783 [01:30<47:28, 33.31pos/s]hedging:   3%|2         | 2904/97783 [01:30<47:28, 33.31pos/s]hedging:   3%|2         | 2908/97783 [01:30<46:35, 33.93pos/s]hedging:   3%|2         | 2912/97783 [01:30<47:27, 33.32pos/s]hedging:   3%|2         | 2916/97783 [01:30<47:34, 33.24pos/s]hedging:   3%|2         | 2920/97783 [01:31<48:38, 32.50pos/s]hedging:   3%|2         | 2924/97783 [01:31<48:08, 32.84pos/s]hedging:   3%|2         | 2928/97783 [01:31<49:08, 32.17pos/s]hedging:   3%|2         | 2932/97783 [01:31<49:58, 31.63pos/s]hedging:   3%|3         | 2936/97783 [01:31<49:33, 31.90pos/s]hedging:   3%|3         | 2940/97783 [01:31<50:06, 31.55pos/s]hedging:   3%|3         | 2944/97783 [01:31<49:40, 31.82pos/s]hedging:   3%|3         | 2948/97783 [01:31<49:53, 31.68pos/s]hedging:   3%|3         | 2952/97783 [01:32<48:21, 32.68pos/s]hedging:   3%|3         | 2956/97783 [01:32<48:17, 32.72pos/s]hedging:   3%|3         | 2960/97783 [01:32<47:45, 33.10pos/s]hedging:   3%|3         | 2964/97783 [01:32<47:25, 33.32pos/s]hedging:   3%|3         | 2968/97783 [01:32<47:49, 33.04pos/s]hedging:   3%|3         | 2972/97783 [01:32<47:47, 33.06pos/s]hedging:   3%|3         | 2976/97783 [01:32<50:56, 31.02pos/s]hedging:   3%|3         | 2980/97783 [01:32<51:17, 30.80pos/s]hedging:   3%|3         | 2984/97783 [01:33<50:06, 31.53pos/s]hedging:   3%|3         | 2988/97783 [01:33<51:12, 30.85pos/s]hedging:   3%|3         | 2992/97783 [01:33<51:00, 30.98pos/s]hedging:   3%|3         | 2996/97783 [01:33<50:13, 31.46pos/s]hedging:   3%|3         | 3000/97783 [01:33<50:12, 31.46pos/s]hedging:   3%|3         | 3004/97783 [01:33<50:24, 31.33pos/s]hedging:   3%|3         | 3008/97783 [01:33<49:44, 31.75pos/s]hedging:   3%|3         | 3012/97783 [01:33<48:34, 32.52pos/s]hedging:   3%|3         | 3016/97783 [01:34<48:28, 32.59pos/s]hedging:   3%|3         | 3020/97783 [01:34<48:37, 32.48pos/s]hedging:   3%|3         | 3024/97783 [01:34<47:24, 33.31pos/s]hedging:   3%|3         | 3028/97783 [01:34<47:50, 33.01pos/s]hedging:   3%|3         | 3032/97783 [01:34<47:54, 32.96pos/s]hedging:   3%|3         | 3036/97783 [01:34<49:49, 31.69pos/s]hedging:   3%|3         | 3040/97783 [01:34<49:23, 31.97pos/s]hedging:   3%|3         | 3044/97783 [01:34<51:05, 30.90pos/s]hedging:   3%|3         | 3048/97783 [01:35<51:22, 30.73pos/s]hedging:   3%|3         | 3052/97783 [01:35<51:29, 30.66pos/s]hedging:   3%|3         | 3056/97783 [01:35<50:45, 31.10pos/s]hedging:   3%|3         | 3060/97783 [01:35<50:56, 30.99pos/s]hedging:   3%|3         | 3064/97783 [01:35<50:54, 31.01pos/s]hedging:   3%|3         | 3068/97783 [01:35<50:54, 31.01pos/s]hedging:   3%|3         | 3072/97783 [01:35<51:28, 30.66pos/s]hedging:   3%|3         | 3076/97783 [01:35<50:35, 31.20pos/s]hedging:   3%|3         | 3080/97783 [01:36<50:16, 31.39pos/s]hedging:   3%|3         | 3084/97783 [01:36<49:00, 32.21pos/s]hedging:   3%|3         | 3088/97783 [01:36<50:34, 31.21pos/s]hedging:   3%|3         | 3092/97783 [01:36<51:22, 30.72pos/s]hedging:   3%|3         | 3096/97783 [01:36<51:35, 30.59pos/s]hedging:   3%|3         | 3100/97783 [01:36<50:12, 31.44pos/s]hedging:   3%|3         | 3104/97783 [01:36<49:12, 32.06pos/s]hedging:   3%|3         | 3108/97783 [01:36<48:26, 32.57pos/s]hedging:   3%|3         | 3112/97783 [01:37<49:29, 31.88pos/s]hedging:   3%|3         | 3116/97783 [01:37<49:20, 31.97pos/s]hedging:   3%|3         | 3120/97783 [01:37<48:58, 32.22pos/s]hedging:   3%|3         | 3124/97783 [01:37<48:20, 32.64pos/s]hedging:   3%|3         | 3128/97783 [01:37<47:49, 32.99pos/s]hedging:   3%|3         | 3132/97783 [01:37<47:02, 33.53pos/s]hedging:   3%|3         | 3136/97783 [01:37<48:37, 32.45pos/s]hedging:   3%|3         | 3140/97783 [01:37<50:06, 31.48pos/s]hedging:   3%|3         | 3144/97783 [01:38<48:49, 32.31pos/s]hedging:   3%|3         | 3148/97783 [01:38<48:15, 32.69pos/s]hedging:   3%|3         | 3152/97783 [01:38<47:35, 33.14pos/s]hedging:   3%|3         | 3156/97783 [01:38<47:35, 33.14pos/s]hedging:   3%|3         | 3160/97783 [01:38<48:47, 32.32pos/s]hedging:   3%|3         | 3164/97783 [01:38<49:26, 31.90pos/s]hedging:   3%|3         | 3168/97783 [01:38<48:28, 32.53pos/s]hedging:   3%|3         | 3172/97783 [01:38<48:29, 32.52pos/s]hedging:   3%|3         | 3176/97783 [01:39<48:42, 32.38pos/s]hedging:   3%|3         | 3180/97783 [01:39<49:07, 32.10pos/s]hedging:   3%|3         | 3184/97783 [01:39<48:39, 32.41pos/s]hedging:   3%|3         | 3188/97783 [01:39<48:44, 32.35pos/s]hedging:   3%|3         | 3192/97783 [01:39<48:04, 32.79pos/s]hedging:   3%|3         | 3196/97783 [01:39<47:10, 33.42pos/s]hedging:   3%|3         | 3200/97783 [01:39<46:30, 33.90pos/s]hedging:   3%|3         | 3204/97783 [01:39<51:19, 30.71pos/s]hedging:   3%|3         | 3208/97783 [01:40<51:26, 30.64pos/s]hedging:   3%|3         | 3212/97783 [01:40<50:30, 31.21pos/s]hedging:   3%|3         | 3216/97783 [01:40<50:09, 31.43pos/s]hedging:   3%|3         | 3220/97783 [01:40<49:35, 31.78pos/s]hedging:   3%|3         | 3224/97783 [01:40<48:36, 32.43pos/s]hedging:   3%|3         | 3228/97783 [01:40<48:32, 32.46pos/s]hedging:   3%|3         | 3232/97783 [01:40<48:19, 32.61pos/s]hedging:   3%|3         | 3236/97783 [01:40<48:45, 32.32pos/s]hedging:   3%|3         | 3240/97783 [01:41<48:52, 32.24pos/s]hedging:   3%|3         | 3244/97783 [01:41<48:27, 32.51pos/s]hedging:   3%|3         | 3248/97783 [01:41<47:52, 32.91pos/s]hedging:   3%|3         | 3252/97783 [01:41<47:51, 32.92pos/s]hedging:   3%|3         | 3256/97783 [01:41<48:30, 32.48pos/s]hedging:   3%|3         | 3260/97783 [01:41<48:10, 32.70pos/s]hedging:   3%|3         | 3264/97783 [01:41<47:47, 32.96pos/s]hedging:   3%|3         | 3268/97783 [01:41<47:51, 32.91pos/s]hedging:   3%|3         | 3272/97783 [01:42<47:19, 33.28pos/s]hedging:   3%|3         | 3276/97783 [01:42<47:47, 32.96pos/s]hedging:   3%|3         | 3280/97783 [01:42<47:44, 32.99pos/s]hedging:   3%|3         | 3284/97783 [01:42<48:58, 32.16pos/s]hedging:   3%|3         | 3288/97783 [01:42<48:40, 32.36pos/s]hedging:   3%|3         | 3292/97783 [01:42<47:32, 33.13pos/s]hedging:   3%|3         | 3296/97783 [01:42<49:31, 31.79pos/s]hedging:   3%|3         | 3300/97783 [01:42<49:47, 31.62pos/s]hedging:   3%|3         | 3304/97783 [01:43<55:53, 28.17pos/s]hedging:   3%|3         | 3307/97783 [01:43<57:07, 27.56pos/s]hedging:   3%|3         | 3310/97783 [01:43<1:02:02, 25.38pos/s]hedging:   3%|3         | 3313/97783 [01:43<1:00:37, 25.97pos/s]hedging:   3%|3         | 3317/97783 [01:43<56:17, 27.97pos/s]  hedging:   3%|3         | 3321/97783 [01:43<52:28, 30.01pos/s]hedging:   3%|3         | 3325/97783 [01:43<50:07, 31.41pos/s]hedging:   3%|3         | 3329/97783 [01:43<47:57, 32.83pos/s]hedging:   3%|3         | 3333/97783 [01:44<46:43, 33.69pos/s]hedging:   3%|3         | 3337/97783 [01:44<46:17, 34.00pos/s]hedging:   3%|3         | 3341/97783 [01:44<45:50, 34.33pos/s]hedging:   3%|3         | 3345/97783 [01:44<45:14, 34.79pos/s]hedging:   3%|3         | 3349/97783 [01:44<45:55, 34.27pos/s]hedging:   3%|3         | 3353/97783 [01:44<45:51, 34.32pos/s]hedging:   3%|3         | 3357/97783 [01:44<44:56, 35.02pos/s]hedging:   3%|3         | 3361/97783 [01:44<46:52, 33.58pos/s]hedging:   3%|3         | 3365/97783 [01:44<46:38, 33.74pos/s]hedging:   3%|3         | 3369/97783 [01:45<45:57, 34.23pos/s]hedging:   3%|3         | 3373/97783 [01:45<46:40, 33.72pos/s]hedging:   3%|3         | 3377/97783 [01:45<46:59, 33.48pos/s]hedging:   3%|3         | 3381/97783 [01:45<46:05, 34.13pos/s]hedging:   3%|3         | 3385/97783 [01:45<47:20, 33.23pos/s]hedging:   3%|3         | 3389/97783 [01:45<47:55, 32.82pos/s]hedging:   3%|3         | 3393/97783 [01:45<46:08, 34.09pos/s]hedging:   3%|3         | 3397/97783 [01:45<46:47, 33.62pos/s]hedging:   3%|3         | 3401/97783 [01:46<47:53, 32.84pos/s]hedging:   3%|3         | 3405/97783 [01:46<47:53, 32.84pos/s]hedging:   3%|3         | 3409/97783 [01:46<47:54, 32.83pos/s]hedging:   3%|3         | 3413/97783 [01:46<47:11, 33.32pos/s]hedging:   3%|3         | 3417/97783 [01:46<47:15, 33.27pos/s]hedging:   3%|3         | 3421/97783 [01:46<45:42, 34.41pos/s]hedging:   4%|3         | 3425/97783 [01:46<46:21, 33.92pos/s]hedging:   4%|3         | 3429/97783 [01:46<47:45, 32.93pos/s]hedging:   4%|3         | 3433/97783 [01:46<46:36, 33.73pos/s]hedging:   4%|3         | 3437/97783 [01:47<46:19, 33.94pos/s]hedging:   4%|3         | 3441/97783 [01:47<46:12, 34.03pos/s]hedging:   4%|3         | 3445/97783 [01:47<46:47, 33.61pos/s]hedging:   4%|3         | 3449/97783 [01:47<47:26, 33.14pos/s]hedging:   4%|3         | 3453/97783 [01:47<47:29, 33.10pos/s]hedging:   4%|3         | 3457/97783 [01:47<48:11, 32.62pos/s]hedging:   4%|3         | 3461/97783 [01:47<48:18, 32.55pos/s]hedging:   4%|3         | 3465/97783 [01:47<48:05, 32.69pos/s]hedging:   4%|3         | 3469/97783 [01:48<48:19, 32.53pos/s]hedging:   4%|3         | 3473/97783 [01:48<48:57, 32.11pos/s]hedging:   4%|3         | 3477/97783 [01:48<47:47, 32.88pos/s]hedging:   4%|3         | 3481/97783 [01:48<49:13, 31.92pos/s]hedging:   4%|3         | 3485/97783 [01:48<48:39, 32.30pos/s]hedging:   4%|3         | 3489/97783 [01:48<48:33, 32.37pos/s]hedging:   4%|3         | 3493/97783 [01:48<48:37, 32.32pos/s]hedging:   4%|3         | 3497/97783 [01:48<49:17, 31.88pos/s]hedging:   4%|3         | 3501/97783 [01:49<48:07, 32.66pos/s]hedging:   4%|3         | 3505/97783 [01:49<50:57, 30.83pos/s]hedging:   4%|3         | 3509/97783 [01:49<49:59, 31.43pos/s]hedging:   4%|3         | 3513/97783 [01:49<50:04, 31.38pos/s]hedging:   4%|3         | 3517/97783 [01:49<48:22, 32.48pos/s]hedging:   4%|3         | 3521/97783 [01:49<50:47, 30.93pos/s]hedging:   4%|3         | 3525/97783 [01:49<49:16, 31.89pos/s]hedging:   4%|3         | 3529/97783 [01:49<49:36, 31.67pos/s]hedging:   4%|3         | 3533/97783 [01:50<49:29, 31.74pos/s]hedging:   4%|3         | 3537/97783 [01:50<49:00, 32.05pos/s]hedging:   4%|3         | 3541/97783 [01:50<49:30, 31.73pos/s]hedging:   4%|3         | 3545/97783 [01:50<48:50, 32.15pos/s]hedging:   4%|3         | 3549/97783 [01:50<48:46, 32.20pos/s]hedging:   4%|3         | 3553/97783 [01:50<49:16, 31.87pos/s]hedging:   4%|3         | 3557/97783 [01:50<49:31, 31.71pos/s]hedging:   4%|3         | 3561/97783 [01:50<50:04, 31.36pos/s]hedging:   4%|3         | 3565/97783 [01:51<49:25, 31.78pos/s]hedging:   4%|3         | 3569/97783 [01:51<48:16, 32.53pos/s]hedging:   4%|3         | 3573/97783 [01:51<50:24, 31.15pos/s]hedging:   4%|3         | 3577/97783 [01:51<51:03, 30.76pos/s]hedging:   4%|3         | 3581/97783 [01:51<49:56, 31.44pos/s]hedging:   4%|3         | 3585/97783 [01:51<48:46, 32.18pos/s]hedging:   4%|3         | 3589/97783 [01:51<48:35, 32.31pos/s]hedging:   4%|3         | 3593/97783 [01:51<49:09, 31.93pos/s]hedging:   4%|3         | 3597/97783 [01:52<47:42, 32.90pos/s]hedging:   4%|3         | 3601/97783 [01:52<47:48, 32.83pos/s]hedging:   4%|3         | 3605/97783 [01:52<47:34, 32.99pos/s]hedging:   4%|3         | 3609/97783 [01:52<49:01, 32.01pos/s]hedging:   4%|3         | 3613/97783 [01:52<49:36, 31.64pos/s]hedging:   4%|3         | 3617/97783 [01:52<49:50, 31.49pos/s]hedging:   4%|3         | 3621/97783 [01:52<49:18, 31.83pos/s]hedging:   4%|3         | 3625/97783 [01:52<49:05, 31.97pos/s]hedging:   4%|3         | 3629/97783 [01:53<49:06, 31.96pos/s]hedging:   4%|3         | 3633/97783 [01:53<48:44, 32.20pos/s]hedging:   4%|3         | 3637/97783 [01:53<49:01, 32.01pos/s]hedging:   4%|3         | 3641/97783 [01:53<49:15, 31.85pos/s]hedging:   4%|3         | 3645/97783 [01:53<51:09, 30.67pos/s]hedging:   4%|3         | 3649/97783 [01:53<50:14, 31.23pos/s]hedging:   4%|3         | 3653/97783 [01:53<51:00, 30.75pos/s]hedging:   4%|3         | 3657/97783 [01:53<50:51, 30.85pos/s]hedging:   4%|3         | 3661/97783 [01:54<50:55, 30.81pos/s]hedging:   4%|3         | 3665/97783 [01:54<50:49, 30.87pos/s]hedging:   4%|3         | 3669/97783 [01:54<50:00, 31.37pos/s]hedging:   4%|3         | 3673/97783 [01:54<49:31, 31.67pos/s]hedging:   4%|3         | 3677/97783 [01:54<49:34, 31.63pos/s]hedging:   4%|3         | 3681/97783 [01:54<49:24, 31.74pos/s]hedging:   4%|3         | 3685/97783 [01:54<49:09, 31.90pos/s]hedging:   4%|3         | 3689/97783 [01:55<49:32, 31.65pos/s]hedging:   4%|3         | 3693/97783 [01:55<49:22, 31.76pos/s]hedging:   4%|3         | 3697/97783 [01:55<48:40, 32.22pos/s]hedging:   4%|3         | 3701/97783 [01:55<49:20, 31.78pos/s]hedging:   4%|3         | 3705/97783 [01:55<49:56, 31.40pos/s]hedging:   4%|3         | 3709/97783 [01:55<49:36, 31.60pos/s]hedging:   4%|3         | 3713/97783 [01:55<50:07, 31.28pos/s]hedging:   4%|3         | 3717/97783 [01:55<48:56, 32.03pos/s]hedging:   4%|3         | 3721/97783 [01:56<48:56, 32.03pos/s]hedging:   4%|3         | 3725/97783 [01:56<48:09, 32.55pos/s]hedging:   4%|3         | 3729/97783 [01:56<47:59, 32.66pos/s]hedging:   4%|3         | 3733/97783 [01:56<47:21, 33.10pos/s]hedging:   4%|3         | 3737/97783 [01:56<47:57, 32.68pos/s]hedging:   4%|3         | 3741/97783 [01:56<48:15, 32.48pos/s]hedging:   4%|3         | 3745/97783 [01:56<47:43, 32.84pos/s]hedging:   4%|3         | 3749/97783 [01:56<48:09, 32.54pos/s]hedging:   4%|3         | 3753/97783 [01:56<47:30, 32.99pos/s]hedging:   4%|3         | 3757/97783 [01:57<47:21, 33.09pos/s]hedging:   4%|3         | 3761/97783 [01:57<47:05, 33.28pos/s]hedging:   4%|3         | 3765/97783 [01:57<47:33, 32.95pos/s]hedging:   4%|3         | 3769/97783 [01:57<48:16, 32.46pos/s]hedging:   4%|3         | 3773/97783 [01:57<49:26, 31.69pos/s]hedging:   4%|3         | 3777/97783 [01:57<48:34, 32.26pos/s]hedging:   4%|3         | 3781/97783 [01:57<48:22, 32.39pos/s]hedging:   4%|3         | 3785/97783 [01:57<49:18, 31.77pos/s]hedging:   4%|3         | 3789/97783 [01:58<49:14, 31.82pos/s]hedging:   4%|3         | 3793/97783 [01:58<49:12, 31.84pos/s]hedging:   4%|3         | 3797/97783 [01:58<49:02, 31.94pos/s]hedging:   4%|3         | 3801/97783 [01:58<48:12, 32.50pos/s]hedging:   4%|3         | 3805/97783 [01:58<49:07, 31.88pos/s]hedging:   4%|3         | 3809/97783 [01:58<49:31, 31.62pos/s]hedging:   4%|3         | 3813/97783 [01:58<49:24, 31.70pos/s]hedging:   4%|3         | 3817/97783 [01:58<49:28, 31.65pos/s]hedging:   4%|3         | 3821/97783 [01:59<49:21, 31.73pos/s]hedging:   4%|3         | 3825/97783 [01:59<48:52, 32.04pos/s]hedging:   4%|3         | 3829/97783 [01:59<48:47, 32.10pos/s]hedging:   4%|3         | 3833/97783 [01:59<49:12, 31.82pos/s]hedging:   4%|3         | 3837/97783 [01:59<48:26, 32.33pos/s]hedging:   4%|3         | 3841/97783 [01:59<47:52, 32.71pos/s]hedging:   4%|3         | 3845/97783 [01:59<47:30, 32.96pos/s]hedging:   4%|3         | 3849/97783 [01:59<46:27, 33.70pos/s]hedging:   4%|3         | 3853/97783 [02:00<46:13, 33.87pos/s]hedging:   4%|3         | 3857/97783 [02:00<47:11, 33.17pos/s]hedging:   4%|3         | 3861/97783 [02:00<47:05, 33.24pos/s]hedging:   4%|3         | 3865/97783 [02:00<47:06, 33.23pos/s]hedging:   4%|3         | 3869/97783 [02:00<48:13, 32.45pos/s]hedging:   4%|3         | 3873/97783 [02:00<48:25, 32.32pos/s]hedging:   4%|3         | 3877/97783 [02:00<48:58, 31.96pos/s]hedging:   4%|3         | 3881/97783 [02:00<48:22, 32.35pos/s]hedging:   4%|3         | 3885/97783 [02:01<49:03, 31.90pos/s]hedging:   4%|3         | 3889/97783 [02:01<48:48, 32.06pos/s]hedging:   4%|3         | 3893/97783 [02:01<49:37, 31.53pos/s]hedging:   4%|3         | 3897/97783 [02:01<48:18, 32.39pos/s]hedging:   4%|3         | 3901/97783 [02:01<49:30, 31.61pos/s]hedging:   4%|3         | 3905/97783 [02:01<48:09, 32.49pos/s]hedging:   4%|3         | 3909/97783 [02:01<48:27, 32.28pos/s]hedging:   4%|4         | 3913/97783 [02:01<49:14, 31.77pos/s]hedging:   4%|4         | 3917/97783 [02:02<51:53, 30.14pos/s]hedging:   4%|4         | 3921/97783 [02:02<50:31, 30.96pos/s]hedging:   4%|4         | 3925/97783 [02:02<52:02, 30.06pos/s]hedging:   4%|4         | 3929/97783 [02:02<50:57, 30.70pos/s]hedging:   4%|4         | 3933/97783 [02:02<50:25, 31.02pos/s]hedging:   4%|4         | 3937/97783 [02:02<49:05, 31.86pos/s]hedging:   4%|4         | 3941/97783 [02:02<49:01, 31.90pos/s]hedging:   4%|4         | 3945/97783 [02:02<49:08, 31.82pos/s]hedging:   4%|4         | 3949/97783 [02:03<47:21, 33.02pos/s]hedging:   4%|4         | 3953/97783 [02:03<47:43, 32.77pos/s]hedging:   4%|4         | 3957/97783 [02:03<48:04, 32.52pos/s]hedging:   4%|4         | 3961/97783 [02:03<47:12, 33.13pos/s]hedging:   4%|4         | 3965/97783 [02:03<48:50, 32.01pos/s]hedging:   4%|4         | 3969/97783 [02:03<48:17, 32.37pos/s]hedging:   4%|4         | 3973/97783 [02:03<48:54, 31.97pos/s]hedging:   4%|4         | 3977/97783 [02:03<49:00, 31.90pos/s]hedging:   4%|4         | 3981/97783 [02:04<49:33, 31.54pos/s]hedging:   4%|4         | 3985/97783 [02:04<50:21, 31.04pos/s]hedging:   4%|4         | 3989/97783 [02:04<48:25, 32.28pos/s]hedging:   4%|4         | 3993/97783 [02:04<48:59, 31.91pos/s]hedging:   4%|4         | 3997/97783 [02:04<48:51, 32.00pos/s]hedging:   4%|4         | 4001/97783 [02:04<48:39, 32.12pos/s]hedging:   4%|4         | 4005/97783 [02:04<48:38, 32.14pos/s]hedging:   4%|4         | 4009/97783 [02:04<48:13, 32.41pos/s]hedging:   4%|4         | 4013/97783 [02:05<47:14, 33.08pos/s]hedging:   4%|4         | 4017/97783 [02:05<48:12, 32.42pos/s]hedging:   4%|4         | 4021/97783 [02:05<47:57, 32.58pos/s]hedging:   4%|4         | 4025/97783 [02:05<47:37, 32.81pos/s]hedging:   4%|4         | 4029/97783 [02:05<48:40, 32.10pos/s]hedging:   4%|4         | 4033/97783 [02:05<48:39, 32.11pos/s]hedging:   4%|4         | 4037/97783 [02:05<48:28, 32.23pos/s]hedging:   4%|4         | 4041/97783 [02:05<47:44, 32.72pos/s]hedging:   4%|4         | 4045/97783 [02:06<48:17, 32.35pos/s]hedging:   4%|4         | 4049/97783 [02:06<48:25, 32.26pos/s]hedging:   4%|4         | 4053/97783 [02:06<48:35, 32.15pos/s]hedging:   4%|4         | 4057/97783 [02:06<47:57, 32.57pos/s]hedging:   4%|4         | 4061/97783 [02:06<48:56, 31.91pos/s]hedging:   4%|4         | 4065/97783 [02:06<50:39, 30.84pos/s]hedging:   4%|4         | 4069/97783 [02:06<50:12, 31.11pos/s]hedging:   4%|4         | 4073/97783 [02:06<49:04, 31.83pos/s]hedging:   4%|4         | 4077/97783 [02:07<48:56, 31.92pos/s]hedging:   4%|4         | 4081/97783 [02:07<48:43, 32.06pos/s]hedging:   4%|4         | 4085/97783 [02:07<47:56, 32.58pos/s]hedging:   4%|4         | 4089/97783 [02:07<47:45, 32.70pos/s]hedging:   4%|4         | 4093/97783 [02:07<47:21, 32.97pos/s]hedging:   4%|4         | 4097/97783 [02:07<47:22, 32.96pos/s]hedging:   4%|4         | 4101/97783 [02:07<46:50, 33.33pos/s]hedging:   4%|4         | 4105/97783 [02:07<47:47, 32.66pos/s]hedging:   4%|4         | 4109/97783 [02:08<49:51, 31.31pos/s]hedging:   4%|4         | 4113/97783 [02:08<48:51, 31.95pos/s]hedging:   4%|4         | 4117/97783 [02:08<49:25, 31.59pos/s]hedging:   4%|4         | 4121/97783 [02:08<49:30, 31.53pos/s]hedging:   4%|4         | 4125/97783 [02:08<50:27, 30.93pos/s]hedging:   4%|4         | 4129/97783 [02:08<50:09, 31.12pos/s]hedging:   4%|4         | 4133/97783 [02:08<49:58, 31.23pos/s]hedging:   4%|4         | 4137/97783 [02:08<50:07, 31.14pos/s]hedging:   4%|4         | 4141/97783 [02:09<50:18, 31.02pos/s]hedging:   4%|4         | 4145/97783 [02:09<50:02, 31.18pos/s]hedging:   4%|4         | 4149/97783 [02:09<50:05, 31.15pos/s]hedging:   4%|4         | 4153/97783 [02:09<49:56, 31.24pos/s]hedging:   4%|4         | 4157/97783 [02:09<49:38, 31.43pos/s]hedging:   4%|4         | 4161/97783 [02:09<49:17, 31.66pos/s]hedging:   4%|4         | 4165/97783 [02:09<49:09, 31.74pos/s]hedging:   4%|4         | 4169/97783 [02:09<49:37, 31.44pos/s]hedging:   4%|4         | 4173/97783 [02:10<49:01, 31.83pos/s]hedging:   4%|4         | 4177/97783 [02:10<49:31, 31.50pos/s]hedging:   4%|4         | 4181/97783 [02:10<49:56, 31.24pos/s]hedging:   4%|4         | 4185/97783 [02:10<49:52, 31.28pos/s]hedging:   4%|4         | 4189/97783 [02:10<48:23, 32.23pos/s]hedging:   4%|4         | 4193/97783 [02:10<48:08, 32.40pos/s]hedging:   4%|4         | 4197/97783 [02:10<47:08, 33.09pos/s]hedging:   4%|4         | 4201/97783 [02:10<47:04, 33.13pos/s]hedging:   4%|4         | 4205/97783 [02:11<47:07, 33.09pos/s]hedging:   4%|4         | 4209/97783 [02:11<48:37, 32.07pos/s]hedging:   4%|4         | 4213/97783 [02:11<47:45, 32.65pos/s]hedging:   4%|4         | 4217/97783 [02:11<47:30, 32.83pos/s]hedging:   4%|4         | 4221/97783 [02:11<46:50, 33.29pos/s]hedging:   4%|4         | 4225/97783 [02:11<46:22, 33.63pos/s]hedging:   4%|4         | 4229/97783 [02:11<47:32, 32.79pos/s]hedging:   4%|4         | 4233/97783 [02:11<47:30, 32.81pos/s]hedging:   4%|4         | 4237/97783 [02:12<46:19, 33.65pos/s]hedging:   4%|4         | 4241/97783 [02:12<45:37, 34.17pos/s]hedging:   4%|4         | 4245/97783 [02:12<45:41, 34.12pos/s]hedging:   4%|4         | 4249/97783 [02:12<46:11, 33.75pos/s]hedging:   4%|4         | 4253/97783 [02:12<45:49, 34.02pos/s]hedging:   4%|4         | 4257/97783 [02:12<46:37, 33.43pos/s]hedging:   4%|4         | 4261/97783 [02:12<48:25, 32.19pos/s]hedging:   4%|4         | 4265/97783 [02:12<52:26, 29.73pos/s]hedging:   4%|4         | 4269/97783 [02:13<51:40, 30.16pos/s]hedging:   4%|4         | 4273/97783 [02:13<49:40, 31.38pos/s]hedging:   4%|4         | 4277/97783 [02:13<48:49, 31.92pos/s]hedging:   4%|4         | 4281/97783 [02:13<48:22, 32.22pos/s]hedging:   4%|4         | 4285/97783 [02:13<48:21, 32.22pos/s]hedging:   4%|4         | 4289/97783 [02:13<48:05, 32.40pos/s]hedging:   4%|4         | 4293/97783 [02:13<48:09, 32.35pos/s]hedging:   4%|4         | 4297/97783 [02:13<49:23, 31.54pos/s]hedging:   4%|4         | 4301/97783 [02:14<49:39, 31.37pos/s]hedging:   4%|4         | 4305/97783 [02:14<49:25, 31.53pos/s]hedging:   4%|4         | 4309/97783 [02:14<48:38, 32.02pos/s]hedging:   4%|4         | 4313/97783 [02:14<49:18, 31.60pos/s]hedging:   4%|4         | 4317/97783 [02:14<48:57, 31.82pos/s]hedging:   4%|4         | 4321/97783 [02:14<49:36, 31.40pos/s]hedging:   4%|4         | 4325/97783 [02:14<50:00, 31.15pos/s]hedging:   4%|4         | 4329/97783 [02:14<49:08, 31.70pos/s]hedging:   4%|4         | 4333/97783 [02:15<48:33, 32.07pos/s]hedging:   4%|4         | 4337/97783 [02:15<49:08, 31.69pos/s]hedging:   4%|4         | 4341/97783 [02:15<48:25, 32.16pos/s]hedging:   4%|4         | 4345/97783 [02:15<46:58, 33.15pos/s]hedging:   4%|4         | 4349/97783 [02:15<46:17, 33.64pos/s]hedging:   4%|4         | 4353/97783 [02:15<47:56, 32.48pos/s]hedging:   4%|4         | 4357/97783 [02:15<48:05, 32.38pos/s]hedging:   4%|4         | 4361/97783 [02:15<48:52, 31.85pos/s]hedging:   4%|4         | 4365/97783 [02:16<49:02, 31.75pos/s]hedging:   4%|4         | 4369/97783 [02:16<48:06, 32.36pos/s]hedging:   4%|4         | 4373/97783 [02:16<47:11, 32.99pos/s]hedging:   4%|4         | 4377/97783 [02:16<47:26, 32.82pos/s]hedging:   4%|4         | 4381/97783 [02:16<47:33, 32.74pos/s]hedging:   4%|4         | 4385/97783 [02:16<48:22, 32.18pos/s]hedging:   4%|4         | 4389/97783 [02:16<51:40, 30.12pos/s]hedging:   4%|4         | 4393/97783 [02:16<51:12, 30.40pos/s]hedging:   4%|4         | 4397/97783 [02:17<50:35, 30.77pos/s]hedging:   5%|4         | 4401/97783 [02:17<49:48, 31.25pos/s]hedging:   5%|4         | 4405/97783 [02:17<49:28, 31.46pos/s]hedging:   5%|4         | 4409/97783 [02:17<48:57, 31.78pos/s]hedging:   5%|4         | 4413/97783 [02:17<49:32, 31.41pos/s]hedging:   5%|4         | 4417/97783 [02:17<49:12, 31.62pos/s]hedging:   5%|4         | 4421/97783 [02:17<48:45, 31.91pos/s]hedging:   5%|4         | 4425/97783 [02:17<48:55, 31.81pos/s]hedging:   5%|4         | 4429/97783 [02:18<49:23, 31.50pos/s]hedging:   5%|4         | 4433/97783 [02:18<48:18, 32.20pos/s]hedging:   5%|4         | 4437/97783 [02:18<49:40, 31.32pos/s]hedging:   5%|4         | 4441/97783 [02:18<50:01, 31.10pos/s]hedging:   5%|4         | 4445/97783 [02:18<51:46, 30.04pos/s]hedging:   5%|4         | 4449/97783 [02:18<50:55, 30.54pos/s]hedging:   5%|4         | 4453/97783 [02:18<49:44, 31.28pos/s]hedging:   5%|4         | 4457/97783 [02:18<48:53, 31.82pos/s]hedging:   5%|4         | 4461/97783 [02:19<49:40, 31.31pos/s]hedging:   5%|4         | 4465/97783 [02:19<48:33, 32.03pos/s]hedging:   5%|4         | 4469/97783 [02:19<47:26, 32.78pos/s]hedging:   5%|4         | 4473/97783 [02:19<47:19, 32.86pos/s]hedging:   5%|4         | 4477/97783 [02:19<47:18, 32.87pos/s]hedging:   5%|4         | 4481/97783 [02:19<47:24, 32.80pos/s]hedging:   5%|4         | 4485/97783 [02:19<47:20, 32.84pos/s]hedging:   5%|4         | 4489/97783 [02:19<49:55, 31.14pos/s]hedging:   5%|4         | 4493/97783 [02:20<49:34, 31.36pos/s]hedging:   5%|4         | 4497/97783 [02:20<48:32, 32.03pos/s]hedging:   5%|4         | 4501/97783 [02:20<48:49, 31.85pos/s]hedging:   5%|4         | 4505/97783 [02:20<48:39, 31.96pos/s]hedging:   5%|4         | 4509/97783 [02:20<48:54, 31.78pos/s]hedging:   5%|4         | 4513/97783 [02:20<49:43, 31.26pos/s]hedging:   5%|4         | 4517/97783 [02:20<49:54, 31.15pos/s]hedging:   5%|4         | 4521/97783 [02:20<49:23, 31.47pos/s]hedging:   5%|4         | 4525/97783 [02:21<48:51, 31.81pos/s]hedging:   5%|4         | 4529/97783 [02:21<48:36, 31.97pos/s]hedging:   5%|4         | 4533/97783 [02:21<48:51, 31.81pos/s]hedging:   5%|4         | 4537/97783 [02:21<48:05, 32.32pos/s]hedging:   5%|4         | 4541/97783 [02:21<48:40, 31.92pos/s]hedging:   5%|4         | 4545/97783 [02:21<48:40, 31.93pos/s]hedging:   5%|4         | 4549/97783 [02:21<47:51, 32.46pos/s]hedging:   5%|4         | 4553/97783 [02:21<47:16, 32.87pos/s]hedging:   5%|4         | 4557/97783 [02:22<48:01, 32.35pos/s]hedging:   5%|4         | 4561/97783 [02:22<47:22, 32.79pos/s]hedging:   5%|4         | 4565/97783 [02:22<47:23, 32.78pos/s]hedging:   5%|4         | 4569/97783 [02:22<47:52, 32.45pos/s]hedging:   5%|4         | 4573/97783 [02:22<47:54, 32.42pos/s]hedging:   5%|4         | 4577/97783 [02:22<48:53, 31.77pos/s]hedging:   5%|4         | 4581/97783 [02:22<48:59, 31.71pos/s]hedging:   5%|4         | 4585/97783 [02:22<48:18, 32.16pos/s]hedging:   5%|4         | 4589/97783 [02:23<47:56, 32.40pos/s]hedging:   5%|4         | 4593/97783 [02:23<47:08, 32.95pos/s]hedging:   5%|4         | 4597/97783 [02:23<47:10, 32.92pos/s]hedging:   5%|4         | 4601/97783 [02:23<47:22, 32.78pos/s]hedging:   5%|4         | 4605/97783 [02:23<47:06, 32.96pos/s]hedging:   5%|4         | 4609/97783 [02:23<48:35, 31.96pos/s]hedging:   5%|4         | 4613/97783 [02:23<48:38, 31.93pos/s]hedging:   5%|4         | 4617/97783 [02:23<48:21, 32.11pos/s]hedging:   5%|4         | 4621/97783 [02:24<48:07, 32.26pos/s]hedging:   5%|4         | 4625/97783 [02:24<48:38, 31.92pos/s]hedging:   5%|4         | 4629/97783 [02:24<50:31, 30.73pos/s]hedging:   5%|4         | 4633/97783 [02:24<49:09, 31.58pos/s]hedging:   5%|4         | 4637/97783 [02:24<49:02, 31.65pos/s]hedging:   5%|4         | 4641/97783 [02:24<48:54, 31.74pos/s]hedging:   5%|4         | 4645/97783 [02:24<48:04, 32.29pos/s]hedging:   5%|4         | 4649/97783 [02:24<48:40, 31.89pos/s]hedging:   5%|4         | 4653/97783 [02:25<49:41, 31.24pos/s]hedging:   5%|4         | 4657/97783 [02:25<48:42, 31.86pos/s]hedging:   5%|4         | 4661/97783 [02:25<47:42, 32.53pos/s]hedging:   5%|4         | 4665/97783 [02:25<47:15, 32.84pos/s]hedging:   5%|4         | 4669/97783 [02:25<48:12, 32.19pos/s]hedging:   5%|4         | 4673/97783 [02:25<47:48, 32.46pos/s]hedging:   5%|4         | 4677/97783 [02:25<48:12, 32.18pos/s]hedging:   5%|4         | 4681/97783 [02:25<48:12, 32.19pos/s]hedging:   5%|4         | 4685/97783 [02:26<47:27, 32.69pos/s]hedging:   5%|4         | 4689/97783 [02:26<48:53, 31.73pos/s]hedging:   5%|4         | 4693/97783 [02:26<48:50, 31.77pos/s]hedging:   5%|4         | 4697/97783 [02:26<48:02, 32.30pos/s]hedging:   5%|4         | 4701/97783 [02:26<48:42, 31.85pos/s]hedging:   5%|4         | 4705/97783 [02:26<49:49, 31.13pos/s]hedging:   5%|4         | 4709/97783 [02:26<49:58, 31.04pos/s]hedging:   5%|4         | 4713/97783 [02:26<50:42, 30.59pos/s]hedging:   5%|4         | 4717/97783 [02:27<51:03, 30.38pos/s]hedging:   5%|4         | 4721/97783 [02:27<52:10, 29.72pos/s]hedging:   5%|4         | 4725/97783 [02:27<51:43, 29.98pos/s]hedging:   5%|4         | 4729/97783 [02:27<51:34, 30.07pos/s]hedging:   5%|4         | 4733/97783 [02:27<52:36, 29.48pos/s]hedging:   5%|4         | 4736/97783 [02:27<53:25, 29.03pos/s]hedging:   5%|4         | 4739/97783 [02:27<53:19, 29.08pos/s]hedging:   5%|4         | 4743/97783 [02:27<52:48, 29.36pos/s]hedging:   5%|4         | 4746/97783 [02:28<54:45, 28.31pos/s]hedging:   5%|4         | 4749/97783 [02:28<1:04:23, 24.08pos/s]hedging:   5%|4         | 4753/97783 [02:28<58:00, 26.73pos/s]  hedging:   5%|4         | 4757/97783 [02:28<54:11, 28.61pos/s]hedging:   5%|4         | 4761/97783 [02:28<51:49, 29.91pos/s]hedging:   5%|4         | 4765/97783 [02:28<48:52, 31.72pos/s]hedging:   5%|4         | 4769/97783 [02:28<49:39, 31.22pos/s]hedging:   5%|4         | 4773/97783 [02:28<48:03, 32.26pos/s]hedging:   5%|4         | 4777/97783 [02:29<48:28, 31.98pos/s]hedging:   5%|4         | 4781/97783 [02:29<48:30, 31.96pos/s]hedging:   5%|4         | 4785/97783 [02:29<48:16, 32.10pos/s]hedging:   5%|4         | 4789/97783 [02:29<48:21, 32.05pos/s]hedging:   5%|4         | 4793/97783 [02:29<48:06, 32.21pos/s]hedging:   5%|4         | 4797/97783 [02:29<47:48, 32.41pos/s]hedging:   5%|4         | 4801/97783 [02:29<47:50, 32.39pos/s]hedging:   5%|4         | 4805/97783 [02:29<48:01, 32.27pos/s]hedging:   5%|4         | 4809/97783 [02:30<47:53, 32.35pos/s]hedging:   5%|4         | 4813/97783 [02:30<47:46, 32.43pos/s]hedging:   5%|4         | 4817/97783 [02:30<48:47, 31.76pos/s]hedging:   5%|4         | 4821/97783 [02:30<48:42, 31.80pos/s]hedging:   5%|4         | 4825/97783 [02:30<47:58, 32.29pos/s]hedging:   5%|4         | 4829/97783 [02:30<48:12, 32.13pos/s]hedging:   5%|4         | 4833/97783 [02:30<48:14, 32.12pos/s]hedging:   5%|4         | 4837/97783 [02:30<47:51, 32.37pos/s]hedging:   5%|4         | 4841/97783 [02:31<49:05, 31.56pos/s]hedging:   5%|4         | 4845/97783 [02:31<47:25, 32.67pos/s]hedging:   5%|4         | 4849/97783 [02:31<45:31, 34.03pos/s]hedging:   5%|4         | 4853/97783 [02:31<45:02, 34.39pos/s]hedging:   5%|4         | 4857/97783 [02:31<43:25, 35.66pos/s]hedging:   5%|4         | 4861/97783 [02:31<45:44, 33.86pos/s]hedging:   5%|4         | 4865/97783 [02:31<45:21, 34.14pos/s]hedging:   5%|4         | 4869/97783 [02:31<46:25, 33.36pos/s]hedging:   5%|4         | 4873/97783 [02:32<48:50, 31.71pos/s]hedging:   5%|4         | 4877/97783 [02:32<49:05, 31.54pos/s]hedging:   5%|4         | 4881/97783 [02:32<47:12, 32.80pos/s]hedging:   5%|4         | 4885/97783 [02:32<48:57, 31.63pos/s]hedging:   5%|4         | 4889/97783 [02:32<47:54, 32.31pos/s]hedging:   5%|5         | 4893/97783 [02:32<45:13, 34.23pos/s]hedging:   5%|5         | 4897/97783 [02:32<44:37, 34.68pos/s]hedging:   5%|5         | 4901/97783 [02:32<44:43, 34.61pos/s]hedging:   5%|5         | 4905/97783 [02:32<44:17, 34.94pos/s]hedging:   5%|5         | 4909/97783 [02:33<44:30, 34.77pos/s]hedging:   5%|5         | 4913/97783 [02:33<45:20, 34.13pos/s]hedging:   5%|5         | 4917/97783 [02:33<45:38, 33.91pos/s]hedging:   5%|5         | 4921/97783 [02:33<45:51, 33.75pos/s]hedging:   5%|5         | 4925/97783 [02:33<45:18, 34.15pos/s]hedging:   5%|5         | 4929/97783 [02:33<45:23, 34.09pos/s]hedging:   5%|5         | 4933/97783 [02:33<45:36, 33.93pos/s]hedging:   5%|5         | 4937/97783 [02:33<46:50, 33.03pos/s]hedging:   5%|5         | 4941/97783 [02:34<46:50, 33.03pos/s]hedging:   5%|5         | 4945/97783 [02:34<45:46, 33.80pos/s]hedging:   5%|5         | 4949/97783 [02:34<45:54, 33.70pos/s]hedging:   5%|5         | 4953/97783 [02:34<46:08, 33.54pos/s]hedging:   5%|5         | 4957/97783 [02:34<45:58, 33.65pos/s]hedging:   5%|5         | 4961/97783 [02:34<46:23, 33.35pos/s]hedging:   5%|5         | 4965/97783 [02:34<46:07, 33.54pos/s]hedging:   5%|5         | 4969/97783 [02:34<45:36, 33.92pos/s]hedging:   5%|5         | 4973/97783 [02:35<46:33, 33.23pos/s]hedging:   5%|5         | 4977/97783 [02:35<46:37, 33.18pos/s]hedging:   5%|5         | 4981/97783 [02:35<46:35, 33.20pos/s]hedging:   5%|5         | 4985/97783 [02:35<46:51, 33.00pos/s]hedging:   5%|5         | 4989/97783 [02:35<46:23, 33.34pos/s]hedging:   5%|5         | 4993/97783 [02:35<46:35, 33.19pos/s]hedging:   5%|5         | 4997/97783 [02:35<46:31, 33.24pos/s]hedging:   5%|5         | 5001/97783 [02:35<46:03, 33.58pos/s]hedging:   5%|5         | 5005/97783 [02:35<46:29, 33.26pos/s]hedging:   5%|5         | 5009/97783 [02:36<50:09, 30.83pos/s]hedging:   5%|5         | 5013/97783 [02:36<47:57, 32.25pos/s]hedging:   5%|5         | 5017/97783 [02:36<46:28, 33.27pos/s]hedging:   5%|5         | 5021/97783 [02:36<44:43, 34.56pos/s]hedging:   5%|5         | 5025/97783 [02:36<43:59, 35.15pos/s]hedging:   5%|5         | 5029/97783 [02:36<44:31, 34.72pos/s]hedging:   5%|5         | 5033/97783 [02:36<45:04, 34.30pos/s]hedging:   5%|5         | 5037/97783 [02:36<44:33, 34.69pos/s]hedging:   5%|5         | 5041/97783 [02:37<45:35, 33.90pos/s]hedging:   5%|5         | 5045/97783 [02:37<44:12, 34.96pos/s]hedging:   5%|5         | 5049/97783 [02:37<44:00, 35.11pos/s]hedging:   5%|5         | 5053/97783 [02:37<44:33, 34.69pos/s]hedging:   5%|5         | 5057/97783 [02:37<44:56, 34.38pos/s]hedging:   5%|5         | 5061/97783 [02:37<45:17, 34.12pos/s]hedging:   5%|5         | 5065/97783 [02:37<45:37, 33.87pos/s]hedging:   5%|5         | 5069/97783 [02:37<44:11, 34.96pos/s]hedging:   5%|5         | 5073/97783 [02:37<42:36, 36.26pos/s]hedging:   5%|5         | 5077/97783 [02:38<42:16, 36.54pos/s]hedging:   5%|5         | 5081/97783 [02:38<42:23, 36.44pos/s]hedging:   5%|5         | 5085/97783 [02:38<41:36, 37.14pos/s]hedging:   5%|5         | 5089/97783 [02:38<41:07, 37.56pos/s]hedging:   5%|5         | 5093/97783 [02:38<40:56, 37.73pos/s]hedging:   5%|5         | 5098/97783 [02:38<39:53, 38.73pos/s]hedging:   5%|5         | 5102/97783 [02:38<40:28, 38.17pos/s]hedging:   5%|5         | 5106/97783 [02:38<41:02, 37.63pos/s]hedging:   5%|5         | 5110/97783 [02:38<42:41, 36.19pos/s]hedging:   5%|5         | 5114/97783 [02:39<41:51, 36.90pos/s]hedging:   5%|5         | 5118/97783 [02:39<42:07, 36.67pos/s]hedging:   5%|5         | 5122/97783 [02:39<42:18, 36.50pos/s]hedging:   5%|5         | 5126/97783 [02:39<42:22, 36.44pos/s]hedging:   5%|5         | 5130/97783 [02:39<43:44, 35.30pos/s]hedging:   5%|5         | 5134/97783 [02:39<43:24, 35.58pos/s]hedging:   5%|5         | 5138/97783 [02:39<43:26, 35.54pos/s]hedging:   5%|5         | 5142/97783 [02:39<44:16, 34.88pos/s]hedging:   5%|5         | 5146/97783 [02:39<45:07, 34.21pos/s]hedging:   5%|5         | 5150/97783 [02:40<44:07, 34.99pos/s]hedging:   5%|5         | 5154/97783 [02:40<44:23, 34.78pos/s]hedging:   5%|5         | 5158/97783 [02:40<45:27, 33.95pos/s]hedging:   5%|5         | 5162/97783 [02:40<44:50, 34.42pos/s]hedging:   5%|5         | 5166/97783 [02:40<44:37, 34.59pos/s]hedging:   5%|5         | 5170/97783 [02:40<46:12, 33.40pos/s]hedging:   5%|5         | 5174/97783 [02:40<46:16, 33.35pos/s]hedging:   5%|5         | 5178/97783 [02:40<48:10, 32.04pos/s]hedging:   5%|5         | 5182/97783 [02:41<47:24, 32.56pos/s]hedging:   5%|5         | 5186/97783 [02:41<46:52, 32.92pos/s]hedging:   5%|5         | 5190/97783 [02:41<46:02, 33.51pos/s]hedging:   5%|5         | 5194/97783 [02:41<46:43, 33.03pos/s]hedging:   5%|5         | 5198/97783 [02:41<48:11, 32.02pos/s]hedging:   5%|5         | 5202/97783 [02:41<48:16, 31.96pos/s]hedging:   5%|5         | 5206/97783 [02:41<48:28, 31.83pos/s]hedging:   5%|5         | 5210/97783 [02:41<47:44, 32.32pos/s]hedging:   5%|5         | 5214/97783 [02:42<46:32, 33.15pos/s]hedging:   5%|5         | 5218/97783 [02:42<45:19, 34.04pos/s]hedging:   5%|5         | 5222/97783 [02:42<45:18, 34.05pos/s]hedging:   5%|5         | 5226/97783 [02:42<45:58, 33.55pos/s]hedging:   5%|5         | 5230/97783 [02:42<46:57, 32.85pos/s]hedging:   5%|5         | 5234/97783 [02:42<44:54, 34.34pos/s]hedging:   5%|5         | 5238/97783 [02:42<47:19, 32.59pos/s]hedging:   5%|5         | 5242/97783 [02:42<47:05, 32.75pos/s]hedging:   5%|5         | 5246/97783 [02:42<45:59, 33.54pos/s]hedging:   5%|5         | 5250/97783 [02:43<47:58, 32.15pos/s]hedging:   5%|5         | 5254/97783 [02:43<52:37, 29.31pos/s]hedging:   5%|5         | 5257/97783 [02:43<52:21, 29.46pos/s]hedging:   5%|5         | 5261/97783 [02:43<49:58, 30.85pos/s]hedging:   5%|5         | 5265/97783 [02:43<48:36, 31.72pos/s]hedging:   5%|5         | 5269/97783 [02:43<46:32, 33.13pos/s]hedging:   5%|5         | 5273/97783 [02:43<46:05, 33.46pos/s]hedging:   5%|5         | 5277/97783 [02:43<46:15, 33.33pos/s]hedging:   5%|5         | 5281/97783 [02:44<45:27, 33.92pos/s]hedging:   5%|5         | 5285/97783 [02:44<51:52, 29.72pos/s]hedging:   5%|5         | 5289/97783 [02:44<50:46, 30.36pos/s]hedging:   5%|5         | 5293/97783 [02:44<48:06, 32.05pos/s]hedging:   5%|5         | 5297/97783 [02:44<46:15, 33.32pos/s]hedging:   5%|5         | 5301/97783 [02:44<47:12, 32.65pos/s]hedging:   5%|5         | 5305/97783 [02:44<45:59, 33.51pos/s]hedging:   5%|5         | 5309/97783 [02:44<46:10, 33.38pos/s]hedging:   5%|5         | 5313/97783 [02:45<46:51, 32.90pos/s]hedging:   5%|5         | 5317/97783 [02:45<48:04, 32.05pos/s]hedging:   5%|5         | 5321/97783 [02:45<48:14, 31.94pos/s]hedging:   5%|5         | 5325/97783 [02:45<49:49, 30.93pos/s]hedging:   5%|5         | 5329/97783 [02:45<49:39, 31.03pos/s]hedging:   5%|5         | 5333/97783 [02:45<49:27, 31.15pos/s]hedging:   5%|5         | 5337/97783 [02:45<49:33, 31.09pos/s]hedging:   5%|5         | 5341/97783 [02:45<49:48, 30.93pos/s]hedging:   5%|5         | 5345/97783 [02:46<49:39, 31.03pos/s]hedging:   5%|5         | 5349/97783 [02:46<48:32, 31.74pos/s]hedging:   5%|5         | 5353/97783 [02:46<48:04, 32.04pos/s]hedging:   5%|5         | 5357/97783 [02:46<47:03, 32.73pos/s]hedging:   5%|5         | 5361/97783 [02:46<47:25, 32.48pos/s]hedging:   5%|5         | 5365/97783 [02:46<48:04, 32.04pos/s]hedging:   5%|5         | 5369/97783 [02:46<48:10, 31.97pos/s]hedging:   5%|5         | 5373/97783 [02:46<47:20, 32.54pos/s]hedging:   5%|5         | 5377/97783 [02:47<46:22, 33.21pos/s]hedging:   6%|5         | 5381/97783 [02:47<46:12, 33.33pos/s]hedging:   6%|5         | 5385/97783 [02:47<46:59, 32.77pos/s]hedging:   6%|5         | 5389/97783 [02:47<48:26, 31.79pos/s]hedging:   6%|5         | 5393/97783 [02:47<48:34, 31.70pos/s]hedging:   6%|5         | 5397/97783 [02:47<48:02, 32.05pos/s]hedging:   6%|5         | 5401/97783 [02:47<48:03, 32.04pos/s]hedging:   6%|5         | 5405/97783 [02:47<46:24, 33.17pos/s]hedging:   6%|5         | 5409/97783 [02:48<46:26, 33.15pos/s]hedging:   6%|5         | 5413/97783 [02:48<46:13, 33.31pos/s]hedging:   6%|5         | 5417/97783 [02:48<46:24, 33.18pos/s]hedging:   6%|5         | 5421/97783 [02:48<47:30, 32.40pos/s]hedging:   6%|5         | 5425/97783 [02:48<46:26, 33.14pos/s]hedging:   6%|5         | 5429/97783 [02:48<47:23, 32.48pos/s]hedging:   6%|5         | 5433/97783 [02:48<47:50, 32.17pos/s]hedging:   6%|5         | 5437/97783 [02:48<47:24, 32.46pos/s]hedging:   6%|5         | 5441/97783 [02:49<46:59, 32.76pos/s]hedging:   6%|5         | 5445/97783 [02:49<47:15, 32.57pos/s]hedging:   6%|5         | 5449/97783 [02:49<46:57, 32.77pos/s]hedging:   6%|5         | 5453/97783 [02:49<46:50, 32.85pos/s]hedging:   6%|5         | 5457/97783 [02:49<47:02, 32.71pos/s]hedging:   6%|5         | 5461/97783 [02:49<47:11, 32.61pos/s]hedging:   6%|5         | 5465/97783 [02:49<48:51, 31.50pos/s]hedging:   6%|5         | 5469/97783 [02:49<48:54, 31.46pos/s]hedging:   6%|5         | 5473/97783 [02:50<48:05, 31.99pos/s]hedging:   6%|5         | 5477/97783 [02:50<48:36, 31.65pos/s]hedging:   6%|5         | 5481/97783 [02:50<48:45, 31.55pos/s]hedging:   6%|5         | 5485/97783 [02:50<49:26, 31.12pos/s]hedging:   6%|5         | 5489/97783 [02:50<47:33, 32.34pos/s]hedging:   6%|5         | 5493/97783 [02:50<47:43, 32.23pos/s]hedging:   6%|5         | 5497/97783 [02:50<48:16, 31.86pos/s]hedging:   6%|5         | 5501/97783 [02:50<47:48, 32.17pos/s]hedging:   6%|5         | 5505/97783 [02:51<46:58, 32.74pos/s]hedging:   6%|5         | 5509/97783 [02:51<47:20, 32.49pos/s]hedging:   6%|5         | 5513/97783 [02:51<47:02, 32.69pos/s]hedging:   6%|5         | 5517/97783 [02:51<47:15, 32.53pos/s]hedging:   6%|5         | 5521/97783 [02:51<46:57, 32.75pos/s]hedging:   6%|5         | 5525/97783 [02:51<47:05, 32.65pos/s]hedging:   6%|5         | 5529/97783 [02:51<46:57, 32.75pos/s]hedging:   6%|5         | 5533/97783 [02:51<47:48, 32.16pos/s]hedging:   6%|5         | 5537/97783 [02:52<48:11, 31.90pos/s]hedging:   6%|5         | 5541/97783 [02:52<48:30, 31.69pos/s]hedging:   6%|5         | 5545/97783 [02:52<47:38, 32.27pos/s]hedging:   6%|5         | 5549/97783 [02:52<47:25, 32.41pos/s]hedging:   6%|5         | 5553/97783 [02:52<47:42, 32.22pos/s]hedging:   6%|5         | 5557/97783 [02:52<46:41, 32.92pos/s]hedging:   6%|5         | 5561/97783 [02:52<46:58, 32.72pos/s]hedging:   6%|5         | 5565/97783 [02:52<46:41, 32.91pos/s]hedging:   6%|5         | 5569/97783 [02:53<47:26, 32.40pos/s]hedging:   6%|5         | 5573/97783 [02:53<47:11, 32.57pos/s]hedging:   6%|5         | 5577/97783 [02:53<47:15, 32.52pos/s]hedging:   6%|5         | 5581/97783 [02:53<47:19, 32.47pos/s]hedging:   6%|5         | 5585/97783 [02:53<47:15, 32.51pos/s]hedging:   6%|5         | 5589/97783 [02:53<47:10, 32.57pos/s]hedging:   6%|5         | 5593/97783 [02:53<46:39, 32.93pos/s]hedging:   6%|5         | 5597/97783 [02:53<46:35, 32.98pos/s]hedging:   6%|5         | 5601/97783 [02:54<49:08, 31.26pos/s]hedging:   6%|5         | 5605/97783 [02:54<50:42, 30.30pos/s]hedging:   6%|5         | 5609/97783 [02:54<50:50, 30.22pos/s]hedging:   6%|5         | 5613/97783 [02:54<49:28, 31.05pos/s]hedging:   6%|5         | 5617/97783 [02:54<49:12, 31.22pos/s]hedging:   6%|5         | 5621/97783 [02:54<47:35, 32.28pos/s]hedging:   6%|5         | 5625/97783 [02:54<47:26, 32.38pos/s]hedging:   6%|5         | 5629/97783 [02:54<48:01, 31.98pos/s]hedging:   6%|5         | 5633/97783 [02:55<47:21, 32.43pos/s]hedging:   6%|5         | 5637/97783 [02:55<47:06, 32.61pos/s]hedging:   6%|5         | 5641/97783 [02:55<47:21, 32.43pos/s]hedging:   6%|5         | 5645/97783 [02:55<47:28, 32.34pos/s]hedging:   6%|5         | 5649/97783 [02:55<46:55, 32.72pos/s]hedging:   6%|5         | 5653/97783 [02:55<46:46, 32.83pos/s]hedging:   6%|5         | 5657/97783 [02:55<47:48, 32.11pos/s]hedging:   6%|5         | 5661/97783 [02:55<47:55, 32.04pos/s]hedging:   6%|5         | 5665/97783 [02:56<48:05, 31.93pos/s]hedging:   6%|5         | 5669/97783 [02:56<47:36, 32.25pos/s]hedging:   6%|5         | 5673/97783 [02:56<47:13, 32.50pos/s]hedging:   6%|5         | 5677/97783 [02:56<47:59, 31.98pos/s]hedging:   6%|5         | 5681/97783 [02:56<47:31, 32.30pos/s]hedging:   6%|5         | 5685/97783 [02:56<47:32, 32.28pos/s]hedging:   6%|5         | 5689/97783 [02:56<47:43, 32.17pos/s]hedging:   6%|5         | 5693/97783 [02:56<47:33, 32.28pos/s]hedging:   6%|5         | 5697/97783 [02:57<47:10, 32.53pos/s]hedging:   6%|5         | 5701/97783 [02:57<47:14, 32.48pos/s]hedging:   6%|5         | 5705/97783 [02:57<47:06, 32.57pos/s]hedging:   6%|5         | 5709/97783 [02:57<47:39, 32.20pos/s]hedging:   6%|5         | 5713/97783 [02:57<47:55, 32.02pos/s]hedging:   6%|5         | 5717/97783 [02:57<47:43, 32.15pos/s]hedging:   6%|5         | 5721/97783 [02:57<48:13, 31.82pos/s]hedging:   6%|5         | 5725/97783 [02:57<48:09, 31.86pos/s]hedging:   6%|5         | 5729/97783 [02:58<48:27, 31.66pos/s]hedging:   6%|5         | 5733/97783 [02:58<48:21, 31.72pos/s]hedging:   6%|5         | 5737/97783 [02:58<49:39, 30.90pos/s]hedging:   6%|5         | 5741/97783 [02:58<49:19, 31.10pos/s]hedging:   6%|5         | 5745/97783 [02:58<48:49, 31.42pos/s]hedging:   6%|5         | 5749/97783 [02:58<48:26, 31.66pos/s]hedging:   6%|5         | 5753/97783 [02:58<48:44, 31.47pos/s]hedging:   6%|5         | 5757/97783 [02:58<48:44, 31.47pos/s]hedging:   6%|5         | 5761/97783 [02:59<47:38, 32.19pos/s]hedging:   6%|5         | 5765/97783 [02:59<47:10, 32.51pos/s]hedging:   6%|5         | 5769/97783 [02:59<47:15, 32.45pos/s]hedging:   6%|5         | 5773/97783 [02:59<48:34, 31.56pos/s]hedging:   6%|5         | 5777/97783 [02:59<47:57, 31.97pos/s]hedging:   6%|5         | 5781/97783 [02:59<47:41, 32.15pos/s]hedging:   6%|5         | 5785/97783 [02:59<46:59, 32.62pos/s]hedging:   6%|5         | 5789/97783 [02:59<46:31, 32.95pos/s]hedging:   6%|5         | 5793/97783 [03:00<46:46, 32.77pos/s]hedging:   6%|5         | 5797/97783 [03:00<47:20, 32.39pos/s]hedging:   6%|5         | 5801/97783 [03:00<47:56, 31.98pos/s]hedging:   6%|5         | 5805/97783 [03:00<48:19, 31.72pos/s]hedging:   6%|5         | 5809/97783 [03:00<49:08, 31.20pos/s]hedging:   6%|5         | 5813/97783 [03:00<48:10, 31.82pos/s]hedging:   6%|5         | 5817/97783 [03:00<46:53, 32.69pos/s]hedging:   6%|5         | 5821/97783 [03:00<46:37, 32.87pos/s]hedging:   6%|5         | 5825/97783 [03:01<47:38, 32.17pos/s]hedging:   6%|5         | 5829/97783 [03:01<46:48, 32.74pos/s]hedging:   6%|5         | 5833/97783 [03:01<47:02, 32.58pos/s]hedging:   6%|5         | 5837/97783 [03:01<45:57, 33.35pos/s]hedging:   6%|5         | 5841/97783 [03:01<46:30, 32.95pos/s]hedging:   6%|5         | 5845/97783 [03:01<45:41, 33.54pos/s]hedging:   6%|5         | 5849/97783 [03:01<46:58, 32.61pos/s]hedging:   6%|5         | 5853/97783 [03:01<47:47, 32.06pos/s]hedging:   6%|5         | 5857/97783 [03:01<48:01, 31.90pos/s]hedging:   6%|5         | 5861/97783 [03:02<46:30, 32.94pos/s]hedging:   6%|5         | 5865/97783 [03:02<48:38, 31.49pos/s]hedging:   6%|6         | 5869/97783 [03:02<47:45, 32.07pos/s]hedging:   6%|6         | 5873/97783 [03:02<46:53, 32.67pos/s]hedging:   6%|6         | 5877/97783 [03:02<47:20, 32.36pos/s]hedging:   6%|6         | 5881/97783 [03:02<46:50, 32.70pos/s]hedging:   6%|6         | 5885/97783 [03:02<46:34, 32.88pos/s]hedging:   6%|6         | 5889/97783 [03:02<47:17, 32.38pos/s]hedging:   6%|6         | 5893/97783 [03:03<47:17, 32.39pos/s]hedging:   6%|6         | 5897/97783 [03:03<46:25, 32.99pos/s]hedging:   6%|6         | 5901/97783 [03:03<46:46, 32.74pos/s]hedging:   6%|6         | 5905/97783 [03:03<47:22, 32.32pos/s]hedging:   6%|6         | 5909/97783 [03:03<46:57, 32.61pos/s]hedging:   6%|6         | 5913/97783 [03:03<46:59, 32.58pos/s]hedging:   6%|6         | 5917/97783 [03:03<47:53, 31.97pos/s]hedging:   6%|6         | 5921/97783 [03:03<47:47, 32.03pos/s]hedging:   6%|6         | 5925/97783 [03:04<47:53, 31.96pos/s]hedging:   6%|6         | 5929/97783 [03:04<47:38, 32.14pos/s]hedging:   6%|6         | 5933/97783 [03:04<47:12, 32.42pos/s]hedging:   6%|6         | 5937/97783 [03:04<49:14, 31.08pos/s]hedging:   6%|6         | 5941/97783 [03:04<48:59, 31.24pos/s]hedging:   6%|6         | 5945/97783 [03:04<48:03, 31.85pos/s]hedging:   6%|6         | 5949/97783 [03:04<48:10, 31.77pos/s]hedging:   6%|6         | 5953/97783 [03:04<47:26, 32.26pos/s]hedging:   6%|6         | 5957/97783 [03:05<47:28, 32.24pos/s]hedging:   6%|6         | 5961/97783 [03:05<46:58, 32.58pos/s]hedging:   6%|6         | 5965/97783 [03:05<47:24, 32.28pos/s]hedging:   6%|6         | 5969/97783 [03:05<47:29, 32.22pos/s]hedging:   6%|6         | 5973/97783 [03:05<46:58, 32.57pos/s]hedging:   6%|6         | 5977/97783 [03:05<47:55, 31.93pos/s]hedging:   6%|6         | 5981/97783 [03:05<48:42, 31.42pos/s]hedging:   6%|6         | 5985/97783 [03:05<48:06, 31.80pos/s]hedging:   6%|6         | 5989/97783 [03:06<47:59, 31.88pos/s]hedging:   6%|6         | 5993/97783 [03:06<48:07, 31.79pos/s]hedging:   6%|6         | 5997/97783 [03:06<47:45, 32.03pos/s]hedging:   6%|6         | 6001/97783 [03:06<48:09, 31.77pos/s]hedging:   6%|6         | 6005/97783 [03:06<48:31, 31.52pos/s]hedging:   6%|6         | 6009/97783 [03:06<47:55, 31.92pos/s]hedging:   6%|6         | 6013/97783 [03:06<47:40, 32.08pos/s]hedging:   6%|6         | 6017/97783 [03:06<47:02, 32.51pos/s]hedging:   6%|6         | 6021/97783 [03:07<47:36, 32.13pos/s]hedging:   6%|6         | 6025/97783 [03:07<49:16, 31.04pos/s]hedging:   6%|6         | 6029/97783 [03:07<48:14, 31.70pos/s]hedging:   6%|6         | 6033/97783 [03:07<48:43, 31.38pos/s]hedging:   6%|6         | 6037/97783 [03:07<52:09, 29.32pos/s]hedging:   6%|6         | 6041/97783 [03:07<50:59, 29.99pos/s]hedging:   6%|6         | 6045/97783 [03:07<49:30, 30.89pos/s]hedging:   6%|6         | 6049/97783 [03:08<49:18, 31.01pos/s]hedging:   6%|6         | 6053/97783 [03:08<48:27, 31.55pos/s]hedging:   6%|6         | 6057/97783 [03:08<47:41, 32.05pos/s]hedging:   6%|6         | 6061/97783 [03:08<47:56, 31.89pos/s]hedging:   6%|6         | 6065/97783 [03:08<47:10, 32.40pos/s]hedging:   6%|6         | 6069/97783 [03:08<47:40, 32.06pos/s]hedging:   6%|6         | 6073/97783 [03:08<47:38, 32.09pos/s]hedging:   6%|6         | 6077/97783 [03:08<47:07, 32.44pos/s]hedging:   6%|6         | 6081/97783 [03:08<46:15, 33.04pos/s]hedging:   6%|6         | 6085/97783 [03:09<46:34, 32.82pos/s]hedging:   6%|6         | 6089/97783 [03:09<47:20, 32.28pos/s]hedging:   6%|6         | 6093/97783 [03:09<47:47, 31.98pos/s]hedging:   6%|6         | 6097/97783 [03:09<48:34, 31.46pos/s]hedging:   6%|6         | 6101/97783 [03:09<47:53, 31.90pos/s]hedging:   6%|6         | 6105/97783 [03:09<46:35, 32.79pos/s]hedging:   6%|6         | 6109/97783 [03:09<47:38, 32.07pos/s]hedging:   6%|6         | 6113/97783 [03:09<47:08, 32.41pos/s]hedging:   6%|6         | 6117/97783 [03:10<46:04, 33.16pos/s]hedging:   6%|6         | 6121/97783 [03:10<45:01, 33.93pos/s]hedging:   6%|6         | 6125/97783 [03:10<44:47, 34.10pos/s]hedging:   6%|6         | 6129/97783 [03:10<44:13, 34.55pos/s]hedging:   6%|6         | 6133/97783 [03:10<43:44, 34.93pos/s]hedging:   6%|6         | 6137/97783 [03:10<45:22, 33.66pos/s]hedging:   6%|6         | 6141/97783 [03:10<47:35, 32.09pos/s]hedging:   6%|6         | 6145/97783 [03:10<47:01, 32.48pos/s]hedging:   6%|6         | 6149/97783 [03:11<46:58, 32.51pos/s]hedging:   6%|6         | 6153/97783 [03:11<49:08, 31.08pos/s]hedging:   6%|6         | 6157/97783 [03:11<47:36, 32.08pos/s]hedging:   6%|6         | 6161/97783 [03:11<48:15, 31.65pos/s]hedging:   6%|6         | 6165/97783 [03:11<48:05, 31.75pos/s]hedging:   6%|6         | 6169/97783 [03:11<47:14, 32.32pos/s]hedging:   6%|6         | 6173/97783 [03:11<46:51, 32.59pos/s]hedging:   6%|6         | 6177/97783 [03:11<46:41, 32.70pos/s]hedging:   6%|6         | 6181/97783 [03:12<47:35, 32.08pos/s]hedging:   6%|6         | 6185/97783 [03:12<47:37, 32.05pos/s]hedging:   6%|6         | 6189/97783 [03:12<47:15, 32.30pos/s]hedging:   6%|6         | 6193/97783 [03:12<47:18, 32.27pos/s]hedging:   6%|6         | 6197/97783 [03:12<49:05, 31.10pos/s]hedging:   6%|6         | 6201/97783 [03:12<48:43, 31.32pos/s]hedging:   6%|6         | 6205/97783 [03:12<48:52, 31.23pos/s]hedging:   6%|6         | 6209/97783 [03:12<48:38, 31.38pos/s]hedging:   6%|6         | 6213/97783 [03:13<48:39, 31.36pos/s]hedging:   6%|6         | 6217/97783 [03:13<47:36, 32.06pos/s]hedging:   6%|6         | 6221/97783 [03:13<47:55, 31.84pos/s]hedging:   6%|6         | 6225/97783 [03:13<50:32, 30.19pos/s]hedging:   6%|6         | 6229/97783 [03:13<49:47, 30.65pos/s]hedging:   6%|6         | 6233/97783 [03:13<47:35, 32.06pos/s]hedging:   6%|6         | 6237/97783 [03:13<48:09, 31.68pos/s]hedging:   6%|6         | 6241/97783 [03:13<48:15, 31.62pos/s]hedging:   6%|6         | 6245/97783 [03:14<48:15, 31.62pos/s]hedging:   6%|6         | 6249/97783 [03:14<48:34, 31.41pos/s]hedging:   6%|6         | 6253/97783 [03:14<49:36, 30.75pos/s]hedging:   6%|6         | 6257/97783 [03:14<48:29, 31.46pos/s]hedging:   6%|6         | 6261/97783 [03:14<47:57, 31.81pos/s]hedging:   6%|6         | 6265/97783 [03:14<47:47, 31.91pos/s]hedging:   6%|6         | 6269/97783 [03:14<48:03, 31.74pos/s]hedging:   6%|6         | 6273/97783 [03:14<47:29, 32.11pos/s]hedging:   6%|6         | 6277/97783 [03:15<47:52, 31.86pos/s]hedging:   6%|6         | 6281/97783 [03:15<47:27, 32.14pos/s]hedging:   6%|6         | 6285/97783 [03:15<47:28, 32.12pos/s]hedging:   6%|6         | 6289/97783 [03:15<46:25, 32.85pos/s]hedging:   6%|6         | 6293/97783 [03:15<46:59, 32.45pos/s]hedging:   6%|6         | 6297/97783 [03:15<46:03, 33.10pos/s]hedging:   6%|6         | 6301/97783 [03:15<50:09, 30.40pos/s]hedging:   6%|6         | 6305/97783 [03:15<48:28, 31.45pos/s]hedging:   6%|6         | 6309/97783 [03:16<48:51, 31.21pos/s]hedging:   6%|6         | 6313/97783 [03:16<48:48, 31.24pos/s]hedging:   6%|6         | 6317/97783 [03:16<47:45, 31.92pos/s]hedging:   6%|6         | 6321/97783 [03:16<47:16, 32.25pos/s]hedging:   6%|6         | 6325/97783 [03:16<46:18, 32.92pos/s]hedging:   6%|6         | 6329/97783 [03:16<47:51, 31.85pos/s]hedging:   6%|6         | 6333/97783 [03:16<51:12, 29.76pos/s]hedging:   6%|6         | 6337/97783 [03:17<55:05, 27.66pos/s]hedging:   6%|6         | 6340/97783 [03:17<57:22, 26.57pos/s]hedging:   6%|6         | 6343/97783 [03:17<56:38, 26.90pos/s]hedging:   6%|6         | 6346/97783 [03:17<55:08, 27.64pos/s]hedging:   6%|6         | 6350/97783 [03:17<51:33, 29.56pos/s]hedging:   6%|6         | 6354/97783 [03:17<48:41, 31.29pos/s]hedging:   7%|6         | 6358/97783 [03:17<49:37, 30.71pos/s]hedging:   7%|6         | 6362/97783 [03:17<47:46, 31.89pos/s]hedging:   7%|6         | 6366/97783 [03:17<47:05, 32.35pos/s]hedging:   7%|6         | 6370/97783 [03:18<45:59, 33.13pos/s]hedging:   7%|6         | 6374/97783 [03:18<45:18, 33.63pos/s]hedging:   7%|6         | 6378/97783 [03:18<46:04, 33.07pos/s]hedging:   7%|6         | 6382/97783 [03:18<45:46, 33.28pos/s]hedging:   7%|6         | 6386/97783 [03:18<47:17, 32.21pos/s]hedging:   7%|6         | 6390/97783 [03:18<47:12, 32.27pos/s]hedging:   7%|6         | 6394/97783 [03:18<47:23, 32.14pos/s]hedging:   7%|6         | 6398/97783 [03:18<47:26, 32.10pos/s]hedging:   7%|6         | 6402/97783 [03:19<47:25, 32.11pos/s]hedging:   7%|6         | 6406/97783 [03:19<46:28, 32.77pos/s]hedging:   7%|6         | 6410/97783 [03:19<47:12, 32.26pos/s]hedging:   7%|6         | 6414/97783 [03:19<47:19, 32.18pos/s]hedging:   7%|6         | 6418/97783 [03:19<47:24, 32.12pos/s]hedging:   7%|6         | 6422/97783 [03:19<48:06, 31.65pos/s]hedging:   7%|6         | 6426/97783 [03:19<47:22, 32.14pos/s]hedging:   7%|6         | 6430/97783 [03:19<47:12, 32.25pos/s]hedging:   7%|6         | 6434/97783 [03:20<47:18, 32.19pos/s]hedging:   7%|6         | 6438/97783 [03:20<46:10, 32.97pos/s]hedging:   7%|6         | 6442/97783 [03:20<46:30, 32.73pos/s]hedging:   7%|6         | 6446/97783 [03:20<46:49, 32.51pos/s]hedging:   7%|6         | 6450/97783 [03:20<47:05, 32.32pos/s]hedging:   7%|6         | 6454/97783 [03:20<46:32, 32.70pos/s]hedging:   7%|6         | 6458/97783 [03:20<47:17, 32.18pos/s]hedging:   7%|6         | 6462/97783 [03:20<46:51, 32.49pos/s]hedging:   7%|6         | 6466/97783 [03:21<47:39, 31.93pos/s]hedging:   7%|6         | 6470/97783 [03:21<47:33, 32.00pos/s]hedging:   7%|6         | 6474/97783 [03:21<48:21, 31.47pos/s]hedging:   7%|6         | 6478/97783 [03:21<47:15, 32.20pos/s]hedging:   7%|6         | 6482/97783 [03:21<47:43, 31.89pos/s]hedging:   7%|6         | 6486/97783 [03:21<47:26, 32.08pos/s]hedging:   7%|6         | 6490/97783 [03:21<46:20, 32.84pos/s]hedging:   7%|6         | 6494/97783 [03:21<47:04, 32.32pos/s]hedging:   7%|6         | 6498/97783 [03:22<46:59, 32.38pos/s]hedging:   7%|6         | 6502/97783 [03:22<48:52, 31.13pos/s]hedging:   7%|6         | 6506/97783 [03:22<48:37, 31.29pos/s]hedging:   7%|6         | 6510/97783 [03:22<49:15, 30.88pos/s]hedging:   7%|6         | 6514/97783 [03:22<48:52, 31.12pos/s]hedging:   7%|6         | 6518/97783 [03:22<49:11, 30.92pos/s]hedging:   7%|6         | 6522/97783 [03:22<48:14, 31.52pos/s]hedging:   7%|6         | 6526/97783 [03:22<48:07, 31.60pos/s]hedging:   7%|6         | 6530/97783 [03:23<48:11, 31.56pos/s]hedging:   7%|6         | 6534/97783 [03:23<46:43, 32.55pos/s]hedging:   7%|6         | 6538/97783 [03:23<46:37, 32.62pos/s]hedging:   7%|6         | 6542/97783 [03:23<47:05, 32.29pos/s]hedging:   7%|6         | 6546/97783 [03:23<47:16, 32.17pos/s]hedging:   7%|6         | 6550/97783 [03:23<46:40, 32.58pos/s]hedging:   7%|6         | 6554/97783 [03:23<46:53, 32.43pos/s]hedging:   7%|6         | 6558/97783 [03:23<46:47, 32.49pos/s]hedging:   7%|6         | 6562/97783 [03:24<46:01, 33.03pos/s]hedging:   7%|6         | 6566/97783 [03:24<46:09, 32.94pos/s]hedging:   7%|6         | 6570/97783 [03:24<46:08, 32.95pos/s]hedging:   7%|6         | 6574/97783 [03:24<46:16, 32.85pos/s]hedging:   7%|6         | 6578/97783 [03:24<46:04, 33.00pos/s]hedging:   7%|6         | 6582/97783 [03:24<47:09, 32.23pos/s]hedging:   7%|6         | 6586/97783 [03:24<47:04, 32.29pos/s]hedging:   7%|6         | 6590/97783 [03:24<46:57, 32.36pos/s]hedging:   7%|6         | 6594/97783 [03:25<47:28, 32.01pos/s]hedging:   7%|6         | 6598/97783 [03:25<47:32, 31.97pos/s]hedging:   7%|6         | 6602/97783 [03:25<46:42, 32.54pos/s]hedging:   7%|6         | 6606/97783 [03:25<46:33, 32.64pos/s]hedging:   7%|6         | 6610/97783 [03:25<45:51, 33.13pos/s]hedging:   7%|6         | 6614/97783 [03:25<44:10, 34.40pos/s]hedging:   7%|6         | 6618/97783 [03:25<43:46, 34.71pos/s]hedging:   7%|6         | 6622/97783 [03:25<44:26, 34.19pos/s]hedging:   7%|6         | 6626/97783 [03:25<44:52, 33.86pos/s]hedging:   7%|6         | 6630/97783 [03:26<45:27, 33.42pos/s]hedging:   7%|6         | 6634/97783 [03:26<45:58, 33.04pos/s]hedging:   7%|6         | 6638/97783 [03:26<46:43, 32.51pos/s]hedging:   7%|6         | 6642/97783 [03:26<48:01, 31.63pos/s]hedging:   7%|6         | 6646/97783 [03:26<47:18, 32.11pos/s]hedging:   7%|6         | 6650/97783 [03:26<47:24, 32.04pos/s]hedging:   7%|6         | 6654/97783 [03:26<46:45, 32.48pos/s]hedging:   7%|6         | 6658/97783 [03:26<47:15, 32.14pos/s]hedging:   7%|6         | 6662/97783 [03:27<47:01, 32.29pos/s]hedging:   7%|6         | 6666/97783 [03:27<46:06, 32.94pos/s]hedging:   7%|6         | 6670/97783 [03:27<46:52, 32.40pos/s]hedging:   7%|6         | 6674/97783 [03:27<47:18, 32.10pos/s]hedging:   7%|6         | 6678/97783 [03:27<47:50, 31.74pos/s]hedging:   7%|6         | 6682/97783 [03:27<48:44, 31.15pos/s]hedging:   7%|6         | 6686/97783 [03:27<48:22, 31.38pos/s]hedging:   7%|6         | 6690/97783 [03:27<46:08, 32.91pos/s]hedging:   7%|6         | 6694/97783 [03:28<46:12, 32.85pos/s]hedging:   7%|6         | 6698/97783 [03:28<47:11, 32.17pos/s]hedging:   7%|6         | 6702/97783 [03:28<47:12, 32.15pos/s]hedging:   7%|6         | 6706/97783 [03:28<47:08, 32.20pos/s]hedging:   7%|6         | 6710/97783 [03:28<48:21, 31.38pos/s]hedging:   7%|6         | 6714/97783 [03:28<47:33, 31.92pos/s]hedging:   7%|6         | 6718/97783 [03:28<46:10, 32.87pos/s]hedging:   7%|6         | 6722/97783 [03:28<46:29, 32.64pos/s]hedging:   7%|6         | 6726/97783 [03:29<46:55, 32.34pos/s]hedging:   7%|6         | 6730/97783 [03:29<47:25, 31.99pos/s]hedging:   7%|6         | 6734/97783 [03:29<46:45, 32.45pos/s]hedging:   7%|6         | 6738/97783 [03:29<46:26, 32.67pos/s]hedging:   7%|6         | 6742/97783 [03:29<46:31, 32.61pos/s]hedging:   7%|6         | 6746/97783 [03:29<46:03, 32.95pos/s]hedging:   7%|6         | 6750/97783 [03:29<46:34, 32.58pos/s]hedging:   7%|6         | 6754/97783 [03:29<46:55, 32.33pos/s]hedging:   7%|6         | 6758/97783 [03:30<46:41, 32.49pos/s]hedging:   7%|6         | 6762/97783 [03:30<47:22, 32.02pos/s]hedging:   7%|6         | 6766/97783 [03:30<47:00, 32.27pos/s]hedging:   7%|6         | 6770/97783 [03:30<46:44, 32.45pos/s]hedging:   7%|6         | 6774/97783 [03:30<48:40, 31.16pos/s]hedging:   7%|6         | 6778/97783 [03:30<48:18, 31.39pos/s]hedging:   7%|6         | 6782/97783 [03:30<47:15, 32.10pos/s]hedging:   7%|6         | 6786/97783 [03:30<47:18, 32.06pos/s]hedging:   7%|6         | 6790/97783 [03:31<47:44, 31.76pos/s]hedging:   7%|6         | 6794/97783 [03:31<46:56, 32.30pos/s]hedging:   7%|6         | 6798/97783 [03:31<47:02, 32.23pos/s]hedging:   7%|6         | 6802/97783 [03:31<47:43, 31.78pos/s]hedging:   7%|6         | 6806/97783 [03:31<46:51, 32.36pos/s]hedging:   7%|6         | 6810/97783 [03:31<48:02, 31.57pos/s]hedging:   7%|6         | 6814/97783 [03:31<48:03, 31.55pos/s]hedging:   7%|6         | 6818/97783 [03:31<49:12, 30.81pos/s]hedging:   7%|6         | 6822/97783 [03:32<49:02, 30.91pos/s]hedging:   7%|6         | 6826/97783 [03:32<48:11, 31.46pos/s]hedging:   7%|6         | 6830/97783 [03:32<47:25, 31.96pos/s]hedging:   7%|6         | 6834/97783 [03:32<46:38, 32.50pos/s]hedging:   7%|6         | 6838/97783 [03:32<46:34, 32.54pos/s]hedging:   7%|6         | 6842/97783 [03:32<47:20, 32.02pos/s]hedging:   7%|7         | 6846/97783 [03:32<48:42, 31.12pos/s]hedging:   7%|7         | 6850/97783 [03:32<48:12, 31.44pos/s]hedging:   7%|7         | 6854/97783 [03:33<48:01, 31.55pos/s]hedging:   7%|7         | 6858/97783 [03:33<46:24, 32.65pos/s]hedging:   7%|7         | 6862/97783 [03:33<44:30, 34.04pos/s]hedging:   7%|7         | 6866/97783 [03:33<43:58, 34.46pos/s]hedging:   7%|7         | 6870/97783 [03:33<43:38, 34.72pos/s]hedging:   7%|7         | 6874/97783 [03:33<44:23, 34.13pos/s]hedging:   7%|7         | 6878/97783 [03:33<45:29, 33.30pos/s]hedging:   7%|7         | 6882/97783 [03:33<46:22, 32.67pos/s]hedging:   7%|7         | 6886/97783 [03:34<46:48, 32.37pos/s]hedging:   7%|7         | 6890/97783 [03:34<47:00, 32.23pos/s]hedging:   7%|7         | 6894/97783 [03:34<47:30, 31.89pos/s]hedging:   7%|7         | 6898/97783 [03:34<47:46, 31.70pos/s]hedging:   7%|7         | 6902/97783 [03:34<47:21, 31.99pos/s]hedging:   7%|7         | 6906/97783 [03:34<47:58, 31.57pos/s]hedging:   7%|7         | 6910/97783 [03:34<49:20, 30.69pos/s]hedging:   7%|7         | 6914/97783 [03:34<50:19, 30.09pos/s]hedging:   7%|7         | 6918/97783 [03:35<49:39, 30.50pos/s]hedging:   7%|7         | 6922/97783 [03:35<47:47, 31.69pos/s]hedging:   7%|7         | 6926/97783 [03:35<47:58, 31.56pos/s]hedging:   7%|7         | 6930/97783 [03:35<48:21, 31.31pos/s]hedging:   7%|7         | 6934/97783 [03:35<47:11, 32.09pos/s]hedging:   7%|7         | 6938/97783 [03:35<47:03, 32.17pos/s]hedging:   7%|7         | 6942/97783 [03:35<47:16, 32.02pos/s]hedging:   7%|7         | 6946/97783 [03:35<46:36, 32.48pos/s]hedging:   7%|7         | 6950/97783 [03:36<48:20, 31.32pos/s]hedging:   7%|7         | 6954/97783 [03:36<47:33, 31.83pos/s]hedging:   7%|7         | 6958/97783 [03:36<47:06, 32.13pos/s]hedging:   7%|7         | 6962/97783 [03:36<47:15, 32.03pos/s]hedging:   7%|7         | 6966/97783 [03:36<46:35, 32.49pos/s]hedging:   7%|7         | 6970/97783 [03:36<46:48, 32.34pos/s]hedging:   7%|7         | 6974/97783 [03:36<46:05, 32.84pos/s]hedging:   7%|7         | 6978/97783 [03:36<46:23, 32.62pos/s]hedging:   7%|7         | 6982/97783 [03:37<47:33, 31.82pos/s]hedging:   7%|7         | 6986/97783 [03:37<47:22, 31.94pos/s]hedging:   7%|7         | 6990/97783 [03:37<46:34, 32.49pos/s]hedging:   7%|7         | 6994/97783 [03:37<46:36, 32.47pos/s]hedging:   7%|7         | 6998/97783 [03:37<47:16, 32.01pos/s]hedging:   7%|7         | 7002/97783 [03:37<47:22, 31.94pos/s]hedging:   7%|7         | 7006/97783 [03:37<48:33, 31.16pos/s]hedging:   7%|7         | 7010/97783 [03:37<47:24, 31.91pos/s]hedging:   7%|7         | 7014/97783 [03:38<47:48, 31.65pos/s]hedging:   7%|7         | 7018/97783 [03:38<48:39, 31.09pos/s]hedging:   7%|7         | 7022/97783 [03:38<47:18, 31.97pos/s]hedging:   7%|7         | 7026/97783 [03:38<47:56, 31.55pos/s]hedging:   7%|7         | 7030/97783 [03:38<48:05, 31.45pos/s]hedging:   7%|7         | 7034/97783 [03:38<48:39, 31.08pos/s]hedging:   7%|7         | 7038/97783 [03:38<47:49, 31.63pos/s]hedging:   7%|7         | 7042/97783 [03:38<46:57, 32.21pos/s]hedging:   7%|7         | 7046/97783 [03:39<46:49, 32.29pos/s]hedging:   7%|7         | 7050/97783 [03:39<47:32, 31.81pos/s]hedging:   7%|7         | 7054/97783 [03:39<47:15, 32.00pos/s]hedging:   7%|7         | 7058/97783 [03:39<47:05, 32.11pos/s]hedging:   7%|7         | 7062/97783 [03:39<47:57, 31.53pos/s]hedging:   7%|7         | 7066/97783 [03:39<46:58, 32.18pos/s]hedging:   7%|7         | 7070/97783 [03:39<45:56, 32.91pos/s]hedging:   7%|7         | 7074/97783 [03:39<46:34, 32.46pos/s]hedging:   7%|7         | 7078/97783 [03:40<46:21, 32.61pos/s]hedging:   7%|7         | 7082/97783 [03:40<46:46, 32.32pos/s]hedging:   7%|7         | 7086/97783 [03:40<47:38, 31.73pos/s]hedging:   7%|7         | 7090/97783 [03:40<48:05, 31.43pos/s]hedging:   7%|7         | 7094/97783 [03:40<46:38, 32.41pos/s]hedging:   7%|7         | 7098/97783 [03:40<47:05, 32.10pos/s]hedging:   7%|7         | 7102/97783 [03:40<45:56, 32.90pos/s]hedging:   7%|7         | 7106/97783 [03:40<45:17, 33.37pos/s]hedging:   7%|7         | 7110/97783 [03:41<44:57, 33.62pos/s]hedging:   7%|7         | 7114/97783 [03:41<44:49, 33.71pos/s]hedging:   7%|7         | 7118/97783 [03:41<44:00, 34.34pos/s]hedging:   7%|7         | 7122/97783 [03:41<44:11, 34.19pos/s]hedging:   7%|7         | 7126/97783 [03:41<44:33, 33.91pos/s]hedging:   7%|7         | 7130/97783 [03:41<45:00, 33.57pos/s]hedging:   7%|7         | 7134/97783 [03:41<45:11, 33.43pos/s]hedging:   7%|7         | 7138/97783 [03:41<46:13, 32.68pos/s]hedging:   7%|7         | 7142/97783 [03:42<46:06, 32.77pos/s]hedging:   7%|7         | 7146/97783 [03:42<46:01, 32.82pos/s]hedging:   7%|7         | 7150/97783 [03:42<47:05, 32.08pos/s]hedging:   7%|7         | 7154/97783 [03:42<46:21, 32.58pos/s]hedging:   7%|7         | 7158/97783 [03:42<46:56, 32.18pos/s]hedging:   7%|7         | 7162/97783 [03:42<46:24, 32.54pos/s]hedging:   7%|7         | 7166/97783 [03:42<45:35, 33.13pos/s]hedging:   7%|7         | 7170/97783 [03:42<46:50, 32.24pos/s]hedging:   7%|7         | 7174/97783 [03:43<49:36, 30.45pos/s]hedging:   7%|7         | 7178/97783 [03:43<51:20, 29.41pos/s]hedging:   7%|7         | 7182/97783 [03:43<49:21, 30.59pos/s]hedging:   7%|7         | 7186/97783 [03:43<48:28, 31.15pos/s]hedging:   7%|7         | 7190/97783 [03:43<48:51, 30.90pos/s]hedging:   7%|7         | 7194/97783 [03:43<48:39, 31.02pos/s]hedging:   7%|7         | 7198/97783 [03:43<47:50, 31.56pos/s]hedging:   7%|7         | 7202/97783 [03:43<47:49, 31.57pos/s]hedging:   7%|7         | 7206/97783 [03:44<47:01, 32.11pos/s]hedging:   7%|7         | 7210/97783 [03:44<46:38, 32.37pos/s]hedging:   7%|7         | 7214/97783 [03:44<46:22, 32.55pos/s]hedging:   7%|7         | 7218/97783 [03:44<46:39, 32.36pos/s]hedging:   7%|7         | 7222/97783 [03:44<46:42, 32.31pos/s]hedging:   7%|7         | 7226/97783 [03:44<46:13, 32.65pos/s]hedging:   7%|7         | 7230/97783 [03:44<45:25, 33.22pos/s]hedging:   7%|7         | 7234/97783 [03:44<45:04, 33.48pos/s]hedging:   7%|7         | 7238/97783 [03:45<46:11, 32.66pos/s]hedging:   7%|7         | 7242/97783 [03:45<45:26, 33.21pos/s]hedging:   7%|7         | 7246/97783 [03:45<46:04, 32.75pos/s]hedging:   7%|7         | 7250/97783 [03:45<46:36, 32.38pos/s]hedging:   7%|7         | 7254/97783 [03:45<46:55, 32.16pos/s]hedging:   7%|7         | 7258/97783 [03:45<47:01, 32.09pos/s]hedging:   7%|7         | 7262/97783 [03:45<47:01, 32.09pos/s]hedging:   7%|7         | 7266/97783 [03:45<47:02, 32.07pos/s]hedging:   7%|7         | 7270/97783 [03:46<48:35, 31.05pos/s]hedging:   7%|7         | 7274/97783 [03:46<47:10, 31.98pos/s]hedging:   7%|7         | 7278/97783 [03:46<46:27, 32.47pos/s]hedging:   7%|7         | 7282/97783 [03:46<46:32, 32.41pos/s]hedging:   7%|7         | 7286/97783 [03:46<46:47, 32.23pos/s]hedging:   7%|7         | 7290/97783 [03:46<48:14, 31.26pos/s]hedging:   7%|7         | 7294/97783 [03:46<48:21, 31.19pos/s]hedging:   7%|7         | 7298/97783 [03:46<47:01, 32.07pos/s]hedging:   7%|7         | 7302/97783 [03:47<46:45, 32.25pos/s]hedging:   7%|7         | 7306/97783 [03:47<47:03, 32.05pos/s]hedging:   7%|7         | 7310/97783 [03:47<47:24, 31.80pos/s]hedging:   7%|7         | 7314/97783 [03:47<47:15, 31.90pos/s]hedging:   7%|7         | 7318/97783 [03:47<47:41, 31.62pos/s]hedging:   7%|7         | 7322/97783 [03:47<46:52, 32.16pos/s]hedging:   7%|7         | 7326/97783 [03:47<48:17, 31.22pos/s]hedging:   7%|7         | 7330/97783 [03:47<47:12, 31.93pos/s]hedging:   8%|7         | 7334/97783 [03:48<46:52, 32.15pos/s]hedging:   8%|7         | 7338/97783 [03:48<47:36, 31.66pos/s]hedging:   8%|7         | 7342/97783 [03:48<47:00, 32.07pos/s]hedging:   8%|7         | 7346/97783 [03:48<45:59, 32.77pos/s]hedging:   8%|7         | 7350/97783 [03:48<45:39, 33.02pos/s]hedging:   8%|7         | 7354/97783 [03:48<45:26, 33.17pos/s]hedging:   8%|7         | 7358/97783 [03:48<44:47, 33.65pos/s]hedging:   8%|7         | 7362/97783 [03:48<44:38, 33.76pos/s]hedging:   8%|7         | 7366/97783 [03:48<44:25, 33.92pos/s]hedging:   8%|7         | 7370/97783 [03:49<43:59, 34.26pos/s]hedging:   8%|7         | 7374/97783 [03:49<45:37, 33.02pos/s]hedging:   8%|7         | 7378/97783 [03:49<45:35, 33.05pos/s]hedging:   8%|7         | 7382/97783 [03:49<45:47, 32.91pos/s]hedging:   8%|7         | 7386/97783 [03:49<45:44, 32.94pos/s]hedging:   8%|7         | 7390/97783 [03:49<45:31, 33.09pos/s]hedging:   8%|7         | 7394/97783 [03:49<46:01, 32.73pos/s]hedging:   8%|7         | 7398/97783 [03:49<46:19, 32.52pos/s]hedging:   8%|7         | 7402/97783 [03:50<46:05, 32.68pos/s]hedging:   8%|7         | 7406/97783 [03:50<46:16, 32.56pos/s]hedging:   8%|7         | 7410/97783 [03:50<46:35, 32.33pos/s]hedging:   8%|7         | 7414/97783 [03:50<47:19, 31.82pos/s]hedging:   8%|7         | 7418/97783 [03:50<47:04, 32.00pos/s]hedging:   8%|7         | 7422/97783 [03:50<46:53, 32.11pos/s]hedging:   8%|7         | 7426/97783 [03:50<46:30, 32.38pos/s]hedging:   8%|7         | 7430/97783 [03:50<46:32, 32.36pos/s]hedging:   8%|7         | 7434/97783 [03:51<47:08, 31.94pos/s]hedging:   8%|7         | 7438/97783 [03:51<46:41, 32.24pos/s]hedging:   8%|7         | 7442/97783 [03:51<47:54, 31.43pos/s]hedging:   8%|7         | 7446/97783 [03:51<47:54, 31.43pos/s]hedging:   8%|7         | 7450/97783 [03:51<47:43, 31.54pos/s]hedging:   8%|7         | 7454/97783 [03:51<46:30, 32.37pos/s]hedging:   8%|7         | 7458/97783 [03:51<46:58, 32.05pos/s]hedging:   8%|7         | 7462/97783 [03:51<47:04, 31.98pos/s]hedging:   8%|7         | 7466/97783 [03:52<49:26, 30.45pos/s]hedging:   8%|7         | 7470/97783 [03:52<48:43, 30.89pos/s]hedging:   8%|7         | 7474/97783 [03:52<48:31, 31.01pos/s]hedging:   8%|7         | 7478/97783 [03:52<46:59, 32.03pos/s]hedging:   8%|7         | 7482/97783 [03:52<47:12, 31.88pos/s]hedging:   8%|7         | 7486/97783 [03:52<47:49, 31.46pos/s]hedging:   8%|7         | 7490/97783 [03:52<46:52, 32.10pos/s]hedging:   8%|7         | 7494/97783 [03:52<46:25, 32.41pos/s]hedging:   8%|7         | 7498/97783 [03:53<46:39, 32.25pos/s]hedging:   8%|7         | 7502/97783 [03:53<47:24, 31.73pos/s]hedging:   8%|7         | 7506/97783 [03:53<46:48, 32.14pos/s]hedging:   8%|7         | 7510/97783 [03:53<46:34, 32.31pos/s]hedging:   8%|7         | 7514/97783 [03:53<47:11, 31.88pos/s]hedging:   8%|7         | 7518/97783 [03:53<47:32, 31.65pos/s]hedging:   8%|7         | 7522/97783 [03:53<46:18, 32.49pos/s]hedging:   8%|7         | 7526/97783 [03:53<46:39, 32.24pos/s]hedging:   8%|7         | 7530/97783 [03:54<46:45, 32.17pos/s]hedging:   8%|7         | 7534/97783 [03:54<46:03, 32.66pos/s]hedging:   8%|7         | 7538/97783 [03:54<46:21, 32.45pos/s]hedging:   8%|7         | 7542/97783 [03:54<46:29, 32.35pos/s]hedging:   8%|7         | 7546/97783 [03:54<47:23, 31.73pos/s]hedging:   8%|7         | 7550/97783 [03:54<46:25, 32.39pos/s]hedging:   8%|7         | 7554/97783 [03:54<47:01, 31.98pos/s]hedging:   8%|7         | 7558/97783 [03:54<47:40, 31.54pos/s]hedging:   8%|7         | 7562/97783 [03:55<46:48, 32.12pos/s]hedging:   8%|7         | 7566/97783 [03:55<47:00, 31.98pos/s]hedging:   8%|7         | 7570/97783 [03:55<47:04, 31.94pos/s]hedging:   8%|7         | 7574/97783 [03:55<46:58, 32.00pos/s]hedging:   8%|7         | 7578/97783 [03:55<45:51, 32.79pos/s]hedging:   8%|7         | 7582/97783 [03:55<46:14, 32.51pos/s]hedging:   8%|7         | 7586/97783 [03:55<46:13, 32.52pos/s]hedging:   8%|7         | 7590/97783 [03:55<47:02, 31.96pos/s]hedging:   8%|7         | 7594/97783 [03:56<46:50, 32.09pos/s]hedging:   8%|7         | 7598/97783 [03:56<46:02, 32.64pos/s]hedging:   8%|7         | 7602/97783 [03:56<44:04, 34.11pos/s]hedging:   8%|7         | 7606/97783 [03:56<45:15, 33.20pos/s]hedging:   8%|7         | 7610/97783 [03:56<44:22, 33.86pos/s]hedging:   8%|7         | 7614/97783 [03:56<44:33, 33.73pos/s]hedging:   8%|7         | 7618/97783 [03:56<44:56, 33.43pos/s]hedging:   8%|7         | 7622/97783 [03:56<45:19, 33.16pos/s]hedging:   8%|7         | 7626/97783 [03:57<46:39, 32.20pos/s]hedging:   8%|7         | 7630/97783 [03:57<45:51, 32.77pos/s]hedging:   8%|7         | 7634/97783 [03:57<45:22, 33.12pos/s]hedging:   8%|7         | 7638/97783 [03:57<46:00, 32.65pos/s]hedging:   8%|7         | 7642/97783 [03:57<46:01, 32.64pos/s]hedging:   8%|7         | 7646/97783 [03:57<47:04, 31.91pos/s]hedging:   8%|7         | 7650/97783 [03:57<46:27, 32.34pos/s]hedging:   8%|7         | 7654/97783 [03:57<46:06, 32.58pos/s]hedging:   8%|7         | 7658/97783 [03:58<46:42, 32.15pos/s]hedging:   8%|7         | 7662/97783 [03:58<46:55, 32.01pos/s]hedging:   8%|7         | 7666/97783 [03:58<46:33, 32.25pos/s]hedging:   8%|7         | 7670/97783 [03:58<46:51, 32.05pos/s]hedging:   8%|7         | 7674/97783 [03:58<47:11, 31.82pos/s]hedging:   8%|7         | 7678/97783 [03:58<47:30, 31.62pos/s]hedging:   8%|7         | 7682/97783 [03:58<46:35, 32.23pos/s]hedging:   8%|7         | 7686/97783 [03:58<46:30, 32.28pos/s]hedging:   8%|7         | 7690/97783 [03:59<46:16, 32.45pos/s]hedging:   8%|7         | 7694/97783 [03:59<47:03, 31.91pos/s]hedging:   8%|7         | 7698/97783 [03:59<47:06, 31.87pos/s]hedging:   8%|7         | 7702/97783 [03:59<47:41, 31.48pos/s]hedging:   8%|7         | 7706/97783 [03:59<47:20, 31.72pos/s]hedging:   8%|7         | 7710/97783 [03:59<46:19, 32.41pos/s]hedging:   8%|7         | 7714/97783 [03:59<46:23, 32.36pos/s]hedging:   8%|7         | 7718/97783 [03:59<46:40, 32.16pos/s]hedging:   8%|7         | 7722/97783 [04:00<46:45, 32.10pos/s]hedging:   8%|7         | 7726/97783 [04:00<47:50, 31.37pos/s]hedging:   8%|7         | 7730/97783 [04:00<47:21, 31.70pos/s]hedging:   8%|7         | 7734/97783 [04:00<47:08, 31.84pos/s]hedging:   8%|7         | 7738/97783 [04:00<47:08, 31.83pos/s]hedging:   8%|7         | 7742/97783 [04:00<47:52, 31.34pos/s]hedging:   8%|7         | 7746/97783 [04:00<49:03, 30.59pos/s]hedging:   8%|7         | 7750/97783 [04:00<48:15, 31.09pos/s]hedging:   8%|7         | 7754/97783 [04:01<47:45, 31.41pos/s]hedging:   8%|7         | 7758/97783 [04:01<47:16, 31.74pos/s]hedging:   8%|7         | 7762/97783 [04:01<47:15, 31.75pos/s]hedging:   8%|7         | 7766/97783 [04:01<46:39, 32.16pos/s]hedging:   8%|7         | 7770/97783 [04:01<46:23, 32.34pos/s]hedging:   8%|7         | 7774/97783 [04:01<45:51, 32.71pos/s]hedging:   8%|7         | 7778/97783 [04:01<45:05, 33.27pos/s]hedging:   8%|7         | 7782/97783 [04:01<44:38, 33.60pos/s]hedging:   8%|7         | 7786/97783 [04:02<45:21, 33.07pos/s]hedging:   8%|7         | 7790/97783 [04:02<45:55, 32.66pos/s]hedging:   8%|7         | 7794/97783 [04:02<45:51, 32.71pos/s]hedging:   8%|7         | 7798/97783 [04:02<49:25, 30.35pos/s]hedging:   8%|7         | 7802/97783 [04:02<47:48, 31.37pos/s]hedging:   8%|7         | 7806/97783 [04:02<48:20, 31.02pos/s]hedging:   8%|7         | 7810/97783 [04:02<47:44, 31.41pos/s]hedging:   8%|7         | 7814/97783 [04:02<47:11, 31.78pos/s]hedging:   8%|7         | 7818/97783 [04:03<45:42, 32.80pos/s]hedging:   8%|7         | 7822/97783 [04:03<45:12, 33.16pos/s]hedging:   8%|8         | 7826/97783 [04:03<44:21, 33.80pos/s]hedging:   8%|8         | 7830/97783 [04:03<45:02, 33.29pos/s]hedging:   8%|8         | 7834/97783 [04:03<45:37, 32.86pos/s]hedging:   8%|8         | 7838/97783 [04:03<46:00, 32.59pos/s]hedging:   8%|8         | 7842/97783 [04:03<45:31, 32.93pos/s]hedging:   8%|8         | 7846/97783 [04:03<45:54, 32.65pos/s]hedging:   8%|8         | 7850/97783 [04:04<45:46, 32.75pos/s]hedging:   8%|8         | 7854/97783 [04:04<45:36, 32.86pos/s]hedging:   8%|8         | 7858/97783 [04:04<44:24, 33.75pos/s]hedging:   8%|8         | 7862/97783 [04:04<46:01, 32.56pos/s]hedging:   8%|8         | 7866/97783 [04:04<44:55, 33.36pos/s]hedging:   8%|8         | 7870/97783 [04:04<44:24, 33.75pos/s]hedging:   8%|8         | 7874/97783 [04:04<46:04, 32.53pos/s]hedging:   8%|8         | 7878/97783 [04:04<48:28, 30.91pos/s]hedging:   8%|8         | 7882/97783 [04:05<47:08, 31.78pos/s]hedging:   8%|8         | 7886/97783 [04:05<46:18, 32.35pos/s]hedging:   8%|8         | 7890/97783 [04:05<46:51, 31.97pos/s]hedging:   8%|8         | 7894/97783 [04:05<45:36, 32.84pos/s]hedging:   8%|8         | 7898/97783 [04:05<45:51, 32.66pos/s]hedging:   8%|8         | 7902/97783 [04:05<47:05, 31.81pos/s]hedging:   8%|8         | 7906/97783 [04:05<46:26, 32.26pos/s]hedging:   8%|8         | 7910/97783 [04:05<45:52, 32.66pos/s]hedging:   8%|8         | 7914/97783 [04:05<45:49, 32.69pos/s]hedging:   8%|8         | 7918/97783 [04:06<46:40, 32.09pos/s]hedging:   8%|8         | 7922/97783 [04:06<46:15, 32.38pos/s]hedging:   8%|8         | 7926/97783 [04:06<47:23, 31.60pos/s]hedging:   8%|8         | 7930/97783 [04:06<49:54, 30.01pos/s]hedging:   8%|8         | 7934/97783 [04:06<47:07, 31.77pos/s]hedging:   8%|8         | 7938/97783 [04:06<47:47, 31.33pos/s]hedging:   8%|8         | 7942/97783 [04:06<47:50, 31.29pos/s]hedging:   8%|8         | 7946/97783 [04:07<47:00, 31.85pos/s]hedging:   8%|8         | 7950/97783 [04:07<46:52, 31.95pos/s]hedging:   8%|8         | 7954/97783 [04:07<46:54, 31.92pos/s]hedging:   8%|8         | 7958/97783 [04:07<45:49, 32.67pos/s]hedging:   8%|8         | 7962/97783 [04:07<48:59, 30.56pos/s]hedging:   8%|8         | 7966/97783 [04:07<48:39, 30.76pos/s]hedging:   8%|8         | 7970/97783 [04:07<47:47, 31.33pos/s]hedging:   8%|8         | 7974/97783 [04:07<48:57, 30.57pos/s]hedging:   8%|8         | 7978/97783 [04:08<48:38, 30.77pos/s]hedging:   8%|8         | 7982/97783 [04:08<48:59, 30.55pos/s]hedging:   8%|8         | 7986/97783 [04:08<47:50, 31.29pos/s]hedging:   8%|8         | 7990/97783 [04:08<48:02, 31.15pos/s]hedging:   8%|8         | 7994/97783 [04:08<47:28, 31.52pos/s]hedging:   8%|8         | 7998/97783 [04:08<45:58, 32.55pos/s]hedging:   8%|8         | 8002/97783 [04:08<45:10, 33.12pos/s]hedging:   8%|8         | 8006/97783 [04:08<47:15, 31.66pos/s]hedging:   8%|8         | 8010/97783 [04:09<48:05, 31.11pos/s]hedging:   8%|8         | 8014/97783 [04:09<49:59, 29.93pos/s]hedging:   8%|8         | 8018/97783 [04:09<48:41, 30.73pos/s]hedging:   8%|8         | 8022/97783 [04:09<47:39, 31.39pos/s]hedging:   8%|8         | 8026/97783 [04:09<46:48, 31.96pos/s]hedging:   8%|8         | 8030/97783 [04:09<45:10, 33.12pos/s]hedging:   8%|8         | 8034/97783 [04:09<44:08, 33.89pos/s]hedging:   8%|8         | 8038/97783 [04:09<43:21, 34.50pos/s]hedging:   8%|8         | 8042/97783 [04:10<43:33, 34.33pos/s]hedging:   8%|8         | 8046/97783 [04:10<45:17, 33.02pos/s]hedging:   8%|8         | 8050/97783 [04:10<48:14, 31.00pos/s]hedging:   8%|8         | 8054/97783 [04:10<48:48, 30.64pos/s]hedging:   8%|8         | 8058/97783 [04:10<46:42, 32.02pos/s]hedging:   8%|8         | 8062/97783 [04:10<47:33, 31.44pos/s]hedging:   8%|8         | 8066/97783 [04:10<47:36, 31.41pos/s]hedging:   8%|8         | 8070/97783 [04:10<46:09, 32.40pos/s]hedging:   8%|8         | 8074/97783 [04:11<46:40, 32.03pos/s]hedging:   8%|8         | 8078/97783 [04:11<47:30, 31.46pos/s]hedging:   8%|8         | 8082/97783 [04:11<47:53, 31.21pos/s]hedging:   8%|8         | 8086/97783 [04:11<47:29, 31.48pos/s]hedging:   8%|8         | 8090/97783 [04:11<46:00, 32.49pos/s]hedging:   8%|8         | 8094/97783 [04:11<47:35, 31.40pos/s]hedging:   8%|8         | 8098/97783 [04:11<46:52, 31.88pos/s]hedging:   8%|8         | 8102/97783 [04:11<45:03, 33.17pos/s]hedging:   8%|8         | 8106/97783 [04:12<45:03, 33.16pos/s]hedging:   8%|8         | 8110/97783 [04:12<46:12, 32.34pos/s]hedging:   8%|8         | 8114/97783 [04:12<46:14, 32.32pos/s]hedging:   8%|8         | 8118/97783 [04:12<46:05, 32.43pos/s]hedging:   8%|8         | 8122/97783 [04:12<45:42, 32.69pos/s]hedging:   8%|8         | 8126/97783 [04:12<46:34, 32.08pos/s]hedging:   8%|8         | 8130/97783 [04:12<47:02, 31.76pos/s]hedging:   8%|8         | 8134/97783 [04:12<49:18, 30.30pos/s]hedging:   8%|8         | 8138/97783 [04:13<51:11, 29.19pos/s]hedging:   8%|8         | 8142/97783 [04:13<48:11, 31.00pos/s]hedging:   8%|8         | 8146/97783 [04:13<50:23, 29.65pos/s]hedging:   8%|8         | 8150/97783 [04:13<54:02, 27.65pos/s]hedging:   8%|8         | 8154/97783 [04:13<52:18, 28.56pos/s]hedging:   8%|8         | 8158/97783 [04:13<49:46, 30.01pos/s]hedging:   8%|8         | 8162/97783 [04:13<49:28, 30.19pos/s]hedging:   8%|8         | 8166/97783 [04:14<49:18, 30.29pos/s]hedging:   8%|8         | 8170/97783 [04:14<48:01, 31.10pos/s]hedging:   8%|8         | 8174/97783 [04:14<47:48, 31.24pos/s]hedging:   8%|8         | 8178/97783 [04:14<47:14, 31.61pos/s]hedging:   8%|8         | 8182/97783 [04:14<47:14, 31.61pos/s]hedging:   8%|8         | 8186/97783 [04:14<47:53, 31.18pos/s]hedging:   8%|8         | 8190/97783 [04:14<47:16, 31.58pos/s]hedging:   8%|8         | 8194/97783 [04:14<46:35, 32.05pos/s]hedging:   8%|8         | 8198/97783 [04:15<46:41, 31.98pos/s]hedging:   8%|8         | 8202/97783 [04:15<49:32, 30.14pos/s]hedging:   8%|8         | 8206/97783 [04:15<48:43, 30.64pos/s]hedging:   8%|8         | 8210/97783 [04:15<50:46, 29.40pos/s]hedging:   8%|8         | 8213/97783 [04:15<53:26, 27.93pos/s]hedging:   8%|8         | 8216/97783 [04:15<52:39, 28.35pos/s]hedging:   8%|8         | 8220/97783 [04:15<50:43, 29.43pos/s]hedging:   8%|8         | 8224/97783 [04:15<49:00, 30.46pos/s]hedging:   8%|8         | 8228/97783 [04:16<47:39, 31.32pos/s]hedging:   8%|8         | 8232/97783 [04:16<46:47, 31.89pos/s]hedging:   8%|8         | 8236/97783 [04:16<45:50, 32.56pos/s]hedging:   8%|8         | 8240/97783 [04:16<44:39, 33.41pos/s]hedging:   8%|8         | 8244/97783 [04:16<42:31, 35.10pos/s]hedging:   8%|8         | 8248/97783 [04:16<42:17, 35.28pos/s]hedging:   8%|8         | 8252/97783 [04:16<44:00, 33.91pos/s]hedging:   8%|8         | 8256/97783 [04:16<47:54, 31.14pos/s]hedging:   8%|8         | 8260/97783 [04:16<46:06, 32.36pos/s]hedging:   8%|8         | 8264/97783 [04:17<47:41, 31.28pos/s]hedging:   8%|8         | 8268/97783 [04:17<48:16, 30.90pos/s]hedging:   8%|8         | 8272/97783 [04:17<48:10, 30.96pos/s]hedging:   8%|8         | 8276/97783 [04:17<48:06, 31.01pos/s]hedging:   8%|8         | 8280/97783 [04:17<47:01, 31.72pos/s]hedging:   8%|8         | 8284/97783 [04:17<46:33, 32.04pos/s]hedging:   8%|8         | 8288/97783 [04:17<46:50, 31.84pos/s]hedging:   8%|8         | 8292/97783 [04:18<47:16, 31.55pos/s]hedging:   8%|8         | 8296/97783 [04:18<47:32, 31.37pos/s]hedging:   8%|8         | 8300/97783 [04:18<46:06, 32.34pos/s]hedging:   8%|8         | 8304/97783 [04:18<45:42, 32.63pos/s]hedging:   8%|8         | 8308/97783 [04:18<45:48, 32.56pos/s]hedging:   9%|8         | 8312/97783 [04:18<46:27, 32.10pos/s]hedging:   9%|8         | 8316/97783 [04:18<45:40, 32.65pos/s]hedging:   9%|8         | 8320/97783 [04:18<46:06, 32.34pos/s]hedging:   9%|8         | 8324/97783 [04:18<45:22, 32.86pos/s]hedging:   9%|8         | 8328/97783 [04:19<46:00, 32.41pos/s]hedging:   9%|8         | 8332/97783 [04:19<45:30, 32.76pos/s]hedging:   9%|8         | 8336/97783 [04:19<46:04, 32.35pos/s]hedging:   9%|8         | 8340/97783 [04:19<45:25, 32.82pos/s]hedging:   9%|8         | 8344/97783 [04:19<45:41, 32.62pos/s]hedging:   9%|8         | 8348/97783 [04:19<45:32, 32.73pos/s]hedging:   9%|8         | 8352/97783 [04:19<45:35, 32.69pos/s]hedging:   9%|8         | 8356/97783 [04:19<45:07, 33.04pos/s]hedging:   9%|8         | 8360/97783 [04:20<44:31, 33.47pos/s]hedging:   9%|8         | 8364/97783 [04:20<44:55, 33.17pos/s]hedging:   9%|8         | 8368/97783 [04:20<46:24, 32.11pos/s]hedging:   9%|8         | 8372/97783 [04:20<47:20, 31.48pos/s]hedging:   9%|8         | 8376/97783 [04:20<47:15, 31.53pos/s]hedging:   9%|8         | 8380/97783 [04:20<47:25, 31.42pos/s]hedging:   9%|8         | 8384/97783 [04:20<46:21, 32.14pos/s]hedging:   9%|8         | 8388/97783 [04:20<45:25, 32.80pos/s]hedging:   9%|8         | 8392/97783 [04:21<44:54, 33.17pos/s]hedging:   9%|8         | 8396/97783 [04:21<45:42, 32.60pos/s]hedging:   9%|8         | 8400/97783 [04:21<45:26, 32.78pos/s]hedging:   9%|8         | 8404/97783 [04:21<46:05, 32.32pos/s]hedging:   9%|8         | 8408/97783 [04:21<45:58, 32.40pos/s]hedging:   9%|8         | 8412/97783 [04:21<45:59, 32.38pos/s]hedging:   9%|8         | 8416/97783 [04:21<46:55, 31.74pos/s]hedging:   9%|8         | 8420/97783 [04:21<47:29, 31.36pos/s]hedging:   9%|8         | 8424/97783 [04:22<48:05, 30.96pos/s]hedging:   9%|8         | 8428/97783 [04:22<47:55, 31.08pos/s]hedging:   9%|8         | 8432/97783 [04:22<47:33, 31.32pos/s]hedging:   9%|8         | 8436/97783 [04:22<46:18, 32.15pos/s]hedging:   9%|8         | 8440/97783 [04:22<45:21, 32.83pos/s]hedging:   9%|8         | 8444/97783 [04:22<44:01, 33.82pos/s]hedging:   9%|8         | 8448/97783 [04:22<45:05, 33.02pos/s]hedging:   9%|8         | 8452/97783 [04:22<45:14, 32.91pos/s]hedging:   9%|8         | 8456/97783 [04:23<44:42, 33.30pos/s]hedging:   9%|8         | 8460/97783 [04:23<44:25, 33.52pos/s]hedging:   9%|8         | 8464/97783 [04:23<43:38, 34.11pos/s]hedging:   9%|8         | 8468/97783 [04:23<49:03, 30.34pos/s]hedging:   9%|8         | 8472/97783 [04:23<48:21, 30.78pos/s]hedging:   9%|8         | 8476/97783 [04:23<48:16, 30.83pos/s]hedging:   9%|8         | 8480/97783 [04:23<46:06, 32.28pos/s]hedging:   9%|8         | 8484/97783 [04:23<44:57, 33.10pos/s]hedging:   9%|8         | 8488/97783 [04:24<44:33, 33.40pos/s]hedging:   9%|8         | 8492/97783 [04:24<43:26, 34.25pos/s]hedging:   9%|8         | 8496/97783 [04:24<43:09, 34.48pos/s]hedging:   9%|8         | 8500/97783 [04:24<43:56, 33.86pos/s]hedging:   9%|8         | 8504/97783 [04:24<44:14, 33.63pos/s]hedging:   9%|8         | 8508/97783 [04:24<43:51, 33.92pos/s]hedging:   9%|8         | 8512/97783 [04:24<44:21, 33.55pos/s]hedging:   9%|8         | 8516/97783 [04:24<44:55, 33.11pos/s]hedging:   9%|8         | 8520/97783 [04:25<45:35, 32.64pos/s]hedging:   9%|8         | 8524/97783 [04:25<45:20, 32.81pos/s]hedging:   9%|8         | 8528/97783 [04:25<45:12, 32.90pos/s]hedging:   9%|8         | 8532/97783 [04:25<45:11, 32.92pos/s]hedging:   9%|8         | 8536/97783 [04:25<45:31, 32.68pos/s]hedging:   9%|8         | 8540/97783 [04:25<45:13, 32.89pos/s]hedging:   9%|8         | 8544/97783 [04:25<45:05, 32.98pos/s]hedging:   9%|8         | 8548/97783 [04:25<46:24, 32.04pos/s]hedging:   9%|8         | 8552/97783 [04:25<45:13, 32.88pos/s]hedging:   9%|8         | 8556/97783 [04:26<44:26, 33.46pos/s]hedging:   9%|8         | 8560/97783 [04:26<44:04, 33.74pos/s]hedging:   9%|8         | 8564/97783 [04:26<43:51, 33.91pos/s]hedging:   9%|8         | 8568/97783 [04:26<43:02, 34.55pos/s]hedging:   9%|8         | 8572/97783 [04:26<42:31, 34.97pos/s]hedging:   9%|8         | 8576/97783 [04:26<42:31, 34.97pos/s]hedging:   9%|8         | 8580/97783 [04:26<42:13, 35.21pos/s]hedging:   9%|8         | 8584/97783 [04:26<42:26, 35.02pos/s]hedging:   9%|8         | 8588/97783 [04:27<43:42, 34.02pos/s]hedging:   9%|8         | 8592/97783 [04:27<44:22, 33.50pos/s]hedging:   9%|8         | 8596/97783 [04:27<43:33, 34.13pos/s]hedging:   9%|8         | 8600/97783 [04:27<43:20, 34.30pos/s]hedging:   9%|8         | 8604/97783 [04:27<44:09, 33.66pos/s]hedging:   9%|8         | 8608/97783 [04:27<44:21, 33.51pos/s]hedging:   9%|8         | 8612/97783 [04:27<44:36, 33.31pos/s]hedging:   9%|8         | 8616/97783 [04:27<45:08, 32.92pos/s]hedging:   9%|8         | 8620/97783 [04:28<47:41, 31.16pos/s]hedging:   9%|8         | 8624/97783 [04:28<47:52, 31.04pos/s]hedging:   9%|8         | 8628/97783 [04:28<46:49, 31.73pos/s]hedging:   9%|8         | 8632/97783 [04:28<46:22, 32.04pos/s]hedging:   9%|8         | 8636/97783 [04:28<45:09, 32.90pos/s]hedging:   9%|8         | 8640/97783 [04:28<45:31, 32.64pos/s]hedging:   9%|8         | 8644/97783 [04:28<46:10, 32.17pos/s]hedging:   9%|8         | 8648/97783 [04:28<45:23, 32.73pos/s]hedging:   9%|8         | 8652/97783 [04:28<46:22, 32.03pos/s]hedging:   9%|8         | 8656/97783 [04:29<45:50, 32.40pos/s]hedging:   9%|8         | 8660/97783 [04:29<45:20, 32.75pos/s]hedging:   9%|8         | 8664/97783 [04:29<45:02, 32.97pos/s]hedging:   9%|8         | 8668/97783 [04:29<44:19, 33.50pos/s]hedging:   9%|8         | 8672/97783 [04:29<44:03, 33.71pos/s]hedging:   9%|8         | 8676/97783 [04:29<44:09, 33.64pos/s]hedging:   9%|8         | 8680/97783 [04:29<44:25, 33.42pos/s]hedging:   9%|8         | 8684/97783 [04:29<44:25, 33.43pos/s]hedging:   9%|8         | 8688/97783 [04:30<44:05, 33.68pos/s]hedging:   9%|8         | 8692/97783 [04:30<43:24, 34.21pos/s]hedging:   9%|8         | 8696/97783 [04:30<43:59, 33.75pos/s]hedging:   9%|8         | 8700/97783 [04:30<44:05, 33.67pos/s]hedging:   9%|8         | 8704/97783 [04:30<44:20, 33.48pos/s]hedging:   9%|8         | 8708/97783 [04:30<44:07, 33.65pos/s]hedging:   9%|8         | 8712/97783 [04:30<44:07, 33.64pos/s]hedging:   9%|8         | 8716/97783 [04:30<43:28, 34.14pos/s]hedging:   9%|8         | 8720/97783 [04:30<43:23, 34.21pos/s]hedging:   9%|8         | 8724/97783 [04:31<42:42, 34.76pos/s]hedging:   9%|8         | 8728/97783 [04:31<42:57, 34.55pos/s]hedging:   9%|8         | 8732/97783 [04:31<42:37, 34.83pos/s]hedging:   9%|8         | 8736/97783 [04:31<41:14, 35.98pos/s]hedging:   9%|8         | 8740/97783 [04:31<41:17, 35.94pos/s]hedging:   9%|8         | 8744/97783 [04:31<42:17, 35.09pos/s]hedging:   9%|8         | 8748/97783 [04:31<42:28, 34.94pos/s]hedging:   9%|8         | 8752/97783 [04:31<42:00, 35.32pos/s]hedging:   9%|8         | 8756/97783 [04:32<42:31, 34.89pos/s]hedging:   9%|8         | 8760/97783 [04:32<42:44, 34.71pos/s]hedging:   9%|8         | 8764/97783 [04:32<44:45, 33.15pos/s]hedging:   9%|8         | 8768/97783 [04:32<43:24, 34.17pos/s]hedging:   9%|8         | 8772/97783 [04:32<44:44, 33.15pos/s]hedging:   9%|8         | 8776/97783 [04:32<45:49, 32.38pos/s]hedging:   9%|8         | 8780/97783 [04:32<45:44, 32.43pos/s]hedging:   9%|8         | 8784/97783 [04:32<44:40, 33.21pos/s]hedging:   9%|8         | 8788/97783 [04:32<45:02, 32.93pos/s]hedging:   9%|8         | 8792/97783 [04:33<45:27, 32.63pos/s]hedging:   9%|8         | 8796/97783 [04:33<45:05, 32.89pos/s]hedging:   9%|8         | 8800/97783 [04:33<44:07, 33.61pos/s]hedging:   9%|9         | 8804/97783 [04:33<43:55, 33.76pos/s]hedging:   9%|9         | 8808/97783 [04:33<43:39, 33.96pos/s]hedging:   9%|9         | 8812/97783 [04:33<44:28, 33.34pos/s]hedging:   9%|9         | 8816/97783 [04:33<45:01, 32.93pos/s]hedging:   9%|9         | 8820/97783 [04:33<45:56, 32.28pos/s]hedging:   9%|9         | 8824/97783 [04:34<44:03, 33.65pos/s]hedging:   9%|9         | 8828/97783 [04:34<43:28, 34.11pos/s]hedging:   9%|9         | 8832/97783 [04:34<42:07, 35.20pos/s]hedging:   9%|9         | 8836/97783 [04:34<42:41, 34.73pos/s]hedging:   9%|9         | 8840/97783 [04:34<42:32, 34.85pos/s]hedging:   9%|9         | 8844/97783 [04:34<44:47, 33.10pos/s]hedging:   9%|9         | 8848/97783 [04:34<43:55, 33.74pos/s]hedging:   9%|9         | 8852/97783 [04:34<44:19, 33.43pos/s]hedging:   9%|9         | 8856/97783 [04:35<44:21, 33.42pos/s]hedging:   9%|9         | 8860/97783 [04:35<45:32, 32.55pos/s]hedging:   9%|9         | 8864/97783 [04:35<45:11, 32.80pos/s]hedging:   9%|9         | 8868/97783 [04:35<46:08, 32.12pos/s]hedging:   9%|9         | 8872/97783 [04:35<46:33, 31.83pos/s]hedging:   9%|9         | 8876/97783 [04:35<45:22, 32.66pos/s]hedging:   9%|9         | 8880/97783 [04:35<45:11, 32.79pos/s]hedging:   9%|9         | 8884/97783 [04:35<44:23, 33.38pos/s]hedging:   9%|9         | 8888/97783 [04:35<44:56, 32.96pos/s]hedging:   9%|9         | 8892/97783 [04:36<45:06, 32.84pos/s]hedging:   9%|9         | 8896/97783 [04:36<45:23, 32.63pos/s]hedging:   9%|9         | 8900/97783 [04:36<46:19, 31.98pos/s]hedging:   9%|9         | 8904/97783 [04:36<46:20, 31.97pos/s]hedging:   9%|9         | 8908/97783 [04:36<45:52, 32.29pos/s]hedging:   9%|9         | 8912/97783 [04:36<45:02, 32.89pos/s]hedging:   9%|9         | 8916/97783 [04:36<45:44, 32.38pos/s]hedging:   9%|9         | 8920/97783 [04:36<46:08, 32.10pos/s]hedging:   9%|9         | 8924/97783 [04:37<47:16, 31.33pos/s]hedging:   9%|9         | 8928/97783 [04:37<45:40, 32.42pos/s]hedging:   9%|9         | 8932/97783 [04:37<44:21, 33.39pos/s]hedging:   9%|9         | 8936/97783 [04:37<45:03, 32.86pos/s]hedging:   9%|9         | 8940/97783 [04:37<44:41, 33.13pos/s]hedging:   9%|9         | 8944/97783 [04:37<44:42, 33.12pos/s]hedging:   9%|9         | 8948/97783 [04:37<45:13, 32.74pos/s]hedging:   9%|9         | 8952/97783 [04:37<44:06, 33.57pos/s]hedging:   9%|9         | 8956/97783 [04:38<44:52, 32.99pos/s]hedging:   9%|9         | 8960/97783 [04:38<45:32, 32.51pos/s]hedging:   9%|9         | 8964/97783 [04:38<44:47, 33.05pos/s]hedging:   9%|9         | 8968/97783 [04:38<44:30, 33.26pos/s]hedging:   9%|9         | 8972/97783 [04:38<43:36, 33.95pos/s]hedging:   9%|9         | 8976/97783 [04:38<43:58, 33.66pos/s]hedging:   9%|9         | 8980/97783 [04:38<43:47, 33.80pos/s]hedging:   9%|9         | 8984/97783 [04:38<44:16, 33.43pos/s]hedging:   9%|9         | 8988/97783 [04:39<44:24, 33.33pos/s]hedging:   9%|9         | 8992/97783 [04:39<44:22, 33.35pos/s]hedging:   9%|9         | 8996/97783 [04:39<43:33, 33.97pos/s]hedging:   9%|9         | 9000/97783 [04:39<43:43, 33.84pos/s]hedging:   9%|9         | 9004/97783 [04:39<44:01, 33.61pos/s]hedging:   9%|9         | 9008/97783 [04:39<43:47, 33.79pos/s]hedging:   9%|9         | 9012/97783 [04:39<43:37, 33.92pos/s]hedging:   9%|9         | 9016/97783 [04:39<43:48, 33.76pos/s]hedging:   9%|9         | 9020/97783 [04:39<43:39, 33.88pos/s]hedging:   9%|9         | 9024/97783 [04:40<43:45, 33.81pos/s]hedging:   9%|9         | 9028/97783 [04:40<44:15, 33.42pos/s]hedging:   9%|9         | 9032/97783 [04:40<43:11, 34.24pos/s]hedging:   9%|9         | 9036/97783 [04:40<43:01, 34.37pos/s]hedging:   9%|9         | 9040/97783 [04:40<43:06, 34.32pos/s]hedging:   9%|9         | 9044/97783 [04:40<45:22, 32.59pos/s]hedging:   9%|9         | 9048/97783 [04:40<44:56, 32.91pos/s]hedging:   9%|9         | 9052/97783 [04:40<44:34, 33.18pos/s]hedging:   9%|9         | 9056/97783 [04:41<45:40, 32.38pos/s]hedging:   9%|9         | 9060/97783 [04:41<47:14, 31.30pos/s]hedging:   9%|9         | 9064/97783 [04:41<45:47, 32.30pos/s]hedging:   9%|9         | 9068/97783 [04:41<45:34, 32.45pos/s]hedging:   9%|9         | 9072/97783 [04:41<45:28, 32.52pos/s]hedging:   9%|9         | 9076/97783 [04:41<44:32, 33.20pos/s]hedging:   9%|9         | 9080/97783 [04:41<43:18, 34.14pos/s]hedging:   9%|9         | 9084/97783 [04:41<43:12, 34.22pos/s]hedging:   9%|9         | 9088/97783 [04:42<42:43, 34.60pos/s]hedging:   9%|9         | 9092/97783 [04:42<42:18, 34.94pos/s]hedging:   9%|9         | 9096/97783 [04:42<42:44, 34.58pos/s]hedging:   9%|9         | 9100/97783 [04:42<42:35, 34.70pos/s]hedging:   9%|9         | 9104/97783 [04:42<42:55, 34.44pos/s]hedging:   9%|9         | 9108/97783 [04:42<43:34, 33.92pos/s]hedging:   9%|9         | 9112/97783 [04:42<45:49, 32.25pos/s]hedging:   9%|9         | 9116/97783 [04:42<50:33, 29.23pos/s]hedging:   9%|9         | 9119/97783 [04:43<52:40, 28.06pos/s]hedging:   9%|9         | 9122/97783 [04:43<54:30, 27.11pos/s]hedging:   9%|9         | 9126/97783 [04:43<50:11, 29.44pos/s]hedging:   9%|9         | 9130/97783 [04:43<47:43, 30.96pos/s]hedging:   9%|9         | 9134/97783 [04:43<46:20, 31.89pos/s]hedging:   9%|9         | 9138/97783 [04:43<45:59, 32.12pos/s]hedging:   9%|9         | 9142/97783 [04:43<45:49, 32.24pos/s]hedging:   9%|9         | 9146/97783 [04:43<45:03, 32.78pos/s]hedging:   9%|9         | 9150/97783 [04:43<43:34, 33.90pos/s]hedging:   9%|9         | 9154/97783 [04:44<45:10, 32.70pos/s]hedging:   9%|9         | 9158/97783 [04:44<44:40, 33.06pos/s]hedging:   9%|9         | 9162/97783 [04:44<44:42, 33.04pos/s]hedging:   9%|9         | 9166/97783 [04:44<45:57, 32.14pos/s]hedging:   9%|9         | 9170/97783 [04:44<45:01, 32.81pos/s]hedging:   9%|9         | 9174/97783 [04:44<44:51, 32.92pos/s]hedging:   9%|9         | 9178/97783 [04:44<44:58, 32.84pos/s]hedging:   9%|9         | 9182/97783 [04:44<43:58, 33.57pos/s]hedging:   9%|9         | 9186/97783 [04:45<45:15, 32.62pos/s]hedging:   9%|9         | 9190/97783 [04:45<45:00, 32.81pos/s]hedging:   9%|9         | 9194/97783 [04:45<44:45, 32.98pos/s]hedging:   9%|9         | 9198/97783 [04:45<44:17, 33.33pos/s]hedging:   9%|9         | 9202/97783 [04:45<45:26, 32.49pos/s]hedging:   9%|9         | 9206/97783 [04:45<44:33, 33.13pos/s]hedging:   9%|9         | 9210/97783 [04:45<44:01, 33.53pos/s]hedging:   9%|9         | 9214/97783 [04:45<42:44, 34.53pos/s]hedging:   9%|9         | 9218/97783 [04:46<42:46, 34.51pos/s]hedging:   9%|9         | 9222/97783 [04:46<43:15, 34.12pos/s]hedging:   9%|9         | 9226/97783 [04:46<43:58, 33.57pos/s]hedging:   9%|9         | 9230/97783 [04:46<43:10, 34.19pos/s]hedging:   9%|9         | 9234/97783 [04:46<43:30, 33.92pos/s]hedging:   9%|9         | 9238/97783 [04:46<43:32, 33.89pos/s]hedging:   9%|9         | 9242/97783 [04:46<43:25, 33.98pos/s]hedging:   9%|9         | 9246/97783 [04:46<43:02, 34.28pos/s]hedging:   9%|9         | 9250/97783 [04:46<44:22, 33.25pos/s]hedging:   9%|9         | 9254/97783 [04:47<43:43, 33.74pos/s]hedging:   9%|9         | 9258/97783 [04:47<43:26, 33.96pos/s]hedging:   9%|9         | 9262/97783 [04:47<43:50, 33.66pos/s]hedging:   9%|9         | 9266/97783 [04:47<45:55, 32.12pos/s]hedging:   9%|9         | 9270/97783 [04:47<44:17, 33.30pos/s]hedging:   9%|9         | 9274/97783 [04:47<44:58, 32.79pos/s]hedging:   9%|9         | 9278/97783 [04:47<45:06, 32.70pos/s]hedging:   9%|9         | 9282/97783 [04:47<45:00, 32.77pos/s]hedging:   9%|9         | 9286/97783 [04:48<44:45, 32.95pos/s]hedging:  10%|9         | 9290/97783 [04:48<44:35, 33.07pos/s]hedging:  10%|9         | 9294/97783 [04:48<44:31, 33.12pos/s]hedging:  10%|9         | 9298/97783 [04:48<44:55, 32.82pos/s]hedging:  10%|9         | 9302/97783 [04:48<45:12, 32.61pos/s]hedging:  10%|9         | 9306/97783 [04:48<45:06, 32.69pos/s]hedging:  10%|9         | 9310/97783 [04:48<44:18, 33.28pos/s]hedging:  10%|9         | 9314/97783 [04:48<44:26, 33.18pos/s]hedging:  10%|9         | 9318/97783 [04:49<43:48, 33.66pos/s]hedging:  10%|9         | 9322/97783 [04:49<43:42, 33.73pos/s]hedging:  10%|9         | 9326/97783 [04:49<42:16, 34.88pos/s]hedging:  10%|9         | 9330/97783 [04:49<41:22, 35.64pos/s]hedging:  10%|9         | 9334/97783 [04:49<41:39, 35.39pos/s]hedging:  10%|9         | 9338/97783 [04:49<41:38, 35.39pos/s]hedging:  10%|9         | 9342/97783 [04:49<41:10, 35.81pos/s]hedging:  10%|9         | 9346/97783 [04:49<44:46, 32.92pos/s]hedging:  10%|9         | 9350/97783 [04:49<45:34, 32.34pos/s]hedging:  10%|9         | 9354/97783 [04:50<44:42, 32.97pos/s]hedging:  10%|9         | 9358/97783 [04:50<43:38, 33.77pos/s]hedging:  10%|9         | 9362/97783 [04:50<43:32, 33.85pos/s]hedging:  10%|9         | 9366/97783 [04:50<43:52, 33.58pos/s]hedging:  10%|9         | 9370/97783 [04:50<44:28, 33.14pos/s]hedging:  10%|9         | 9374/97783 [04:50<44:02, 33.46pos/s]hedging:  10%|9         | 9378/97783 [04:50<43:27, 33.91pos/s]hedging:  10%|9         | 9382/97783 [04:50<44:13, 33.31pos/s]hedging:  10%|9         | 9386/97783 [04:51<44:00, 33.48pos/s]hedging:  10%|9         | 9390/97783 [04:51<44:17, 33.26pos/s]hedging:  10%|9         | 9394/97783 [04:51<43:59, 33.49pos/s]hedging:  10%|9         | 9398/97783 [04:51<43:23, 33.95pos/s]hedging:  10%|9         | 9402/97783 [04:51<42:38, 34.54pos/s]hedging:  10%|9         | 9406/97783 [04:51<42:29, 34.66pos/s]hedging:  10%|9         | 9410/97783 [04:51<42:44, 34.47pos/s]hedging:  10%|9         | 9414/97783 [04:51<43:14, 34.06pos/s]hedging:  10%|9         | 9418/97783 [04:51<45:26, 32.41pos/s]hedging:  10%|9         | 9422/97783 [04:52<44:36, 33.01pos/s]hedging:  10%|9         | 9426/97783 [04:52<43:13, 34.07pos/s]hedging:  10%|9         | 9430/97783 [04:52<43:13, 34.07pos/s]hedging:  10%|9         | 9434/97783 [04:52<43:41, 33.70pos/s]hedging:  10%|9         | 9438/97783 [04:52<43:35, 33.78pos/s]hedging:  10%|9         | 9442/97783 [04:52<45:18, 32.50pos/s]hedging:  10%|9         | 9446/97783 [04:52<46:44, 31.50pos/s]hedging:  10%|9         | 9450/97783 [04:52<46:18, 31.79pos/s]hedging:  10%|9         | 9454/97783 [04:53<44:39, 32.97pos/s]hedging:  10%|9         | 9458/97783 [04:53<44:39, 32.96pos/s]hedging:  10%|9         | 9462/97783 [04:53<44:37, 32.99pos/s]hedging:  10%|9         | 9466/97783 [04:53<45:05, 32.64pos/s]hedging:  10%|9         | 9470/97783 [04:53<45:37, 32.26pos/s]hedging:  10%|9         | 9474/97783 [04:53<46:03, 31.95pos/s]hedging:  10%|9         | 9478/97783 [04:53<45:49, 32.12pos/s]hedging:  10%|9         | 9482/97783 [04:53<45:29, 32.35pos/s]hedging:  10%|9         | 9486/97783 [04:54<43:54, 33.52pos/s]hedging:  10%|9         | 9490/97783 [04:54<46:07, 31.90pos/s]hedging:  10%|9         | 9494/97783 [04:54<44:50, 32.82pos/s]hedging:  10%|9         | 9498/97783 [04:54<45:06, 32.62pos/s]hedging:  10%|9         | 9502/97783 [04:54<47:15, 31.14pos/s]hedging:  10%|9         | 9506/97783 [04:54<47:14, 31.14pos/s]hedging:  10%|9         | 9510/97783 [04:54<46:39, 31.54pos/s]hedging:  10%|9         | 9514/97783 [04:54<46:48, 31.43pos/s]hedging:  10%|9         | 9518/97783 [04:55<45:33, 32.30pos/s]hedging:  10%|9         | 9522/97783 [04:55<46:15, 31.80pos/s]hedging:  10%|9         | 9526/97783 [04:55<46:59, 31.30pos/s]hedging:  10%|9         | 9530/97783 [04:55<45:48, 32.10pos/s]hedging:  10%|9         | 9534/97783 [04:55<44:54, 32.75pos/s]hedging:  10%|9         | 9538/97783 [04:55<45:30, 32.32pos/s]hedging:  10%|9         | 9542/97783 [04:55<44:57, 32.72pos/s]hedging:  10%|9         | 9546/97783 [04:55<45:34, 32.27pos/s]hedging:  10%|9         | 9550/97783 [04:56<47:23, 31.03pos/s]hedging:  10%|9         | 9554/97783 [04:56<48:03, 30.59pos/s]hedging:  10%|9         | 9558/97783 [04:56<47:42, 30.82pos/s]hedging:  10%|9         | 9562/97783 [04:56<47:11, 31.15pos/s]hedging:  10%|9         | 9566/97783 [04:56<46:55, 31.33pos/s]hedging:  10%|9         | 9570/97783 [04:56<46:43, 31.46pos/s]hedging:  10%|9         | 9574/97783 [04:56<46:16, 31.77pos/s]hedging:  10%|9         | 9578/97783 [04:56<45:29, 32.31pos/s]hedging:  10%|9         | 9582/97783 [04:57<44:39, 32.92pos/s]hedging:  10%|9         | 9586/97783 [04:57<43:42, 33.63pos/s]hedging:  10%|9         | 9590/97783 [04:57<44:37, 32.94pos/s]hedging:  10%|9         | 9594/97783 [04:57<45:20, 32.41pos/s]hedging:  10%|9         | 9598/97783 [04:57<50:53, 28.88pos/s]hedging:  10%|9         | 9602/97783 [04:57<48:44, 30.15pos/s]hedging:  10%|9         | 9606/97783 [04:57<46:53, 31.35pos/s]hedging:  10%|9         | 9610/97783 [04:57<46:22, 31.68pos/s]hedging:  10%|9         | 9614/97783 [04:58<45:19, 32.42pos/s]hedging:  10%|9         | 9618/97783 [04:58<45:30, 32.29pos/s]hedging:  10%|9         | 9622/97783 [04:58<47:18, 31.06pos/s]hedging:  10%|9         | 9626/97783 [04:58<47:23, 31.00pos/s]hedging:  10%|9         | 9630/97783 [04:58<46:44, 31.43pos/s]hedging:  10%|9         | 9634/97783 [04:58<46:47, 31.40pos/s]hedging:  10%|9         | 9638/97783 [04:58<46:11, 31.80pos/s]hedging:  10%|9         | 9642/97783 [04:58<46:06, 31.86pos/s]hedging:  10%|9         | 9646/97783 [04:59<46:39, 31.49pos/s]hedging:  10%|9         | 9650/97783 [04:59<46:40, 31.47pos/s]hedging:  10%|9         | 9654/97783 [04:59<46:51, 31.35pos/s]hedging:  10%|9         | 9658/97783 [04:59<47:08, 31.16pos/s]hedging:  10%|9         | 9662/97783 [04:59<47:52, 30.67pos/s]hedging:  10%|9         | 9666/97783 [04:59<47:02, 31.22pos/s]hedging:  10%|9         | 9670/97783 [04:59<46:57, 31.27pos/s]hedging:  10%|9         | 9674/97783 [05:00<47:07, 31.16pos/s]hedging:  10%|9         | 9678/97783 [05:00<47:51, 30.68pos/s]hedging:  10%|9         | 9682/97783 [05:00<48:37, 30.19pos/s]hedging:  10%|9         | 9686/97783 [05:00<48:15, 30.43pos/s]hedging:  10%|9         | 9690/97783 [05:00<47:53, 30.66pos/s]hedging:  10%|9         | 9694/97783 [05:00<46:29, 31.58pos/s]hedging:  10%|9         | 9698/97783 [05:00<47:11, 31.11pos/s]hedging:  10%|9         | 9702/97783 [05:00<46:50, 31.34pos/s]hedging:  10%|9         | 9706/97783 [05:01<46:54, 31.30pos/s]hedging:  10%|9         | 9710/97783 [05:01<47:18, 31.02pos/s]hedging:  10%|9         | 9714/97783 [05:01<46:54, 31.29pos/s]hedging:  10%|9         | 9718/97783 [05:01<46:36, 31.49pos/s]hedging:  10%|9         | 9722/97783 [05:01<48:32, 30.24pos/s]hedging:  10%|9         | 9726/97783 [05:01<51:24, 28.54pos/s]hedging:  10%|9         | 9730/97783 [05:01<49:30, 29.64pos/s]hedging:  10%|9         | 9733/97783 [05:01<49:23, 29.71pos/s]hedging:  10%|9         | 9737/97783 [05:02<47:47, 30.70pos/s]hedging:  10%|9         | 9741/97783 [05:02<47:07, 31.14pos/s]hedging:  10%|9         | 9745/97783 [05:02<49:25, 29.68pos/s]hedging:  10%|9         | 9749/97783 [05:02<48:45, 30.10pos/s]hedging:  10%|9         | 9753/97783 [05:02<51:54, 28.27pos/s]hedging:  10%|9         | 9757/97783 [05:02<50:47, 28.89pos/s]hedging:  10%|9         | 9761/97783 [05:02<47:49, 30.68pos/s]hedging:  10%|9         | 9765/97783 [05:03<48:21, 30.34pos/s]hedging:  10%|9         | 9769/97783 [05:03<48:41, 30.13pos/s]hedging:  10%|9         | 9773/97783 [05:03<46:12, 31.74pos/s]hedging:  10%|9         | 9777/97783 [05:03<45:22, 32.33pos/s]hedging:  10%|#         | 9781/97783 [05:03<44:20, 33.08pos/s]hedging:  10%|#         | 9785/97783 [05:03<42:55, 34.17pos/s]hedging:  10%|#         | 9789/97783 [05:03<42:59, 34.11pos/s]hedging:  10%|#         | 9793/97783 [05:03<44:06, 33.25pos/s]hedging:  10%|#         | 9797/97783 [05:03<44:09, 33.21pos/s]hedging:  10%|#         | 9801/97783 [05:04<43:14, 33.91pos/s]hedging:  10%|#         | 9805/97783 [05:04<43:25, 33.76pos/s]hedging:  10%|#         | 9809/97783 [05:04<43:41, 33.56pos/s]hedging:  10%|#         | 9813/97783 [05:04<44:31, 32.93pos/s]hedging:  10%|#         | 9817/97783 [05:04<44:16, 33.11pos/s]hedging:  10%|#         | 9821/97783 [05:04<45:05, 32.51pos/s]hedging:  10%|#         | 9825/97783 [05:04<45:08, 32.48pos/s]hedging:  10%|#         | 9829/97783 [05:04<44:29, 32.95pos/s]hedging:  10%|#         | 9833/97783 [05:05<44:29, 32.94pos/s]hedging:  10%|#         | 9837/97783 [05:05<44:39, 32.83pos/s]hedging:  10%|#         | 9841/97783 [05:05<45:28, 32.23pos/s]hedging:  10%|#         | 9845/97783 [05:05<46:30, 31.51pos/s]hedging:  10%|#         | 9849/97783 [05:05<46:41, 31.39pos/s]hedging:  10%|#         | 9853/97783 [05:05<45:53, 31.93pos/s]hedging:  10%|#         | 9857/97783 [05:05<45:30, 32.20pos/s]hedging:  10%|#         | 9861/97783 [05:05<45:02, 32.53pos/s]hedging:  10%|#         | 9865/97783 [05:06<44:37, 32.83pos/s]hedging:  10%|#         | 9869/97783 [05:06<45:18, 32.34pos/s]hedging:  10%|#         | 9873/97783 [05:06<45:32, 32.17pos/s]hedging:  10%|#         | 9877/97783 [05:06<45:45, 32.01pos/s]hedging:  10%|#         | 9881/97783 [05:06<45:50, 31.95pos/s]hedging:  10%|#         | 9885/97783 [05:06<45:24, 32.26pos/s]hedging:  10%|#         | 9889/97783 [05:06<44:59, 32.56pos/s]hedging:  10%|#         | 9893/97783 [05:06<45:04, 32.50pos/s]hedging:  10%|#         | 9897/97783 [05:07<45:16, 32.36pos/s]hedging:  10%|#         | 9901/97783 [05:07<45:07, 32.46pos/s]hedging:  10%|#         | 9905/97783 [05:07<44:48, 32.68pos/s]hedging:  10%|#         | 9909/97783 [05:07<45:15, 32.36pos/s]hedging:  10%|#         | 9913/97783 [05:07<44:49, 32.67pos/s]hedging:  10%|#         | 9917/97783 [05:07<44:30, 32.91pos/s]hedging:  10%|#         | 9921/97783 [05:07<44:36, 32.82pos/s]hedging:  10%|#         | 9925/97783 [05:07<44:06, 33.20pos/s]hedging:  10%|#         | 9929/97783 [05:08<44:02, 33.25pos/s]hedging:  10%|#         | 9933/97783 [05:08<45:18, 32.31pos/s]hedging:  10%|#         | 9937/97783 [05:08<48:19, 30.30pos/s]hedging:  10%|#         | 9941/97783 [05:08<49:14, 29.73pos/s]hedging:  10%|#         | 9944/97783 [05:08<49:13, 29.74pos/s]hedging:  10%|#         | 9947/97783 [05:08<49:14, 29.73pos/s]hedging:  10%|#         | 9951/97783 [05:08<47:07, 31.07pos/s]hedging:  10%|#         | 9955/97783 [05:08<46:14, 31.66pos/s]hedging:  10%|#         | 9959/97783 [05:09<45:38, 32.07pos/s]hedging:  10%|#         | 9963/97783 [05:09<45:33, 32.13pos/s]hedging:  10%|#         | 9967/97783 [05:09<45:09, 32.41pos/s]hedging:  10%|#         | 9971/97783 [05:09<45:05, 32.46pos/s]hedging:  10%|#         | 9975/97783 [05:09<45:33, 32.12pos/s]hedging:  10%|#         | 9979/97783 [05:09<44:47, 32.67pos/s]hedging:  10%|#         | 9983/97783 [05:09<44:15, 33.06pos/s]hedging:  10%|#         | 9987/97783 [05:09<44:08, 33.15pos/s]hedging:  10%|#         | 9991/97783 [05:09<44:10, 33.12pos/s]hedging:  10%|#         | 9995/97783 [05:10<44:43, 32.72pos/s]hedging:  10%|#         | 9999/97783 [05:10<44:19, 33.01pos/s]hedging:  10%|#         | 10003/97783 [05:10<44:11, 33.11pos/s]hedging:  10%|#         | 10007/97783 [05:10<44:47, 32.66pos/s]hedging:  10%|#         | 10011/97783 [05:10<44:33, 32.83pos/s]hedging:  10%|#         | 10015/97783 [05:10<48:05, 30.42pos/s]hedging:  10%|#         | 10019/97783 [05:10<47:08, 31.03pos/s]hedging:  10%|#         | 10023/97783 [05:10<46:37, 31.37pos/s]hedging:  10%|#         | 10027/97783 [05:11<46:21, 31.55pos/s]hedging:  10%|#         | 10031/97783 [05:11<45:31, 32.13pos/s]hedging:  10%|#         | 10035/97783 [05:11<45:09, 32.38pos/s]hedging:  10%|#         | 10039/97783 [05:11<46:19, 31.57pos/s]hedging:  10%|#         | 10043/97783 [05:11<45:22, 32.23pos/s]hedging:  10%|#         | 10047/97783 [05:11<44:58, 32.52pos/s]hedging:  10%|#         | 10051/97783 [05:11<44:50, 32.61pos/s]hedging:  10%|#         | 10055/97783 [05:11<45:33, 32.09pos/s]hedging:  10%|#         | 10059/97783 [05:12<45:03, 32.44pos/s]hedging:  10%|#         | 10063/97783 [05:12<44:39, 32.74pos/s]hedging:  10%|#         | 10067/97783 [05:12<45:13, 32.33pos/s]hedging:  10%|#         | 10071/97783 [05:12<45:28, 32.15pos/s]hedging:  10%|#         | 10075/97783 [05:12<45:30, 32.12pos/s]hedging:  10%|#         | 10079/97783 [05:12<46:02, 31.75pos/s]hedging:  10%|#         | 10083/97783 [05:12<45:25, 32.18pos/s]hedging:  10%|#         | 10087/97783 [05:12<45:28, 32.14pos/s]hedging:  10%|#         | 10091/97783 [05:13<47:05, 31.04pos/s]hedging:  10%|#         | 10095/97783 [05:13<48:03, 30.41pos/s]hedging:  10%|#         | 10099/97783 [05:13<47:02, 31.07pos/s]hedging:  10%|#         | 10103/97783 [05:13<46:55, 31.14pos/s]hedging:  10%|#         | 10107/97783 [05:13<47:07, 31.01pos/s]hedging:  10%|#         | 10111/97783 [05:13<46:18, 31.55pos/s]hedging:  10%|#         | 10115/97783 [05:13<48:12, 30.31pos/s]hedging:  10%|#         | 10119/97783 [05:14<47:31, 30.74pos/s]hedging:  10%|#         | 10123/97783 [05:14<46:21, 31.51pos/s]hedging:  10%|#         | 10127/97783 [05:14<44:59, 32.47pos/s]hedging:  10%|#         | 10131/97783 [05:14<45:07, 32.37pos/s]hedging:  10%|#         | 10135/97783 [05:14<44:52, 32.55pos/s]hedging:  10%|#         | 10139/97783 [05:14<43:48, 33.34pos/s]hedging:  10%|#         | 10143/97783 [05:14<43:02, 33.94pos/s]hedging:  10%|#         | 10147/97783 [05:14<43:26, 33.63pos/s]hedging:  10%|#         | 10151/97783 [05:14<43:21, 33.68pos/s]hedging:  10%|#         | 10155/97783 [05:15<43:20, 33.70pos/s]hedging:  10%|#         | 10159/97783 [05:15<44:07, 33.10pos/s]hedging:  10%|#         | 10163/97783 [05:15<43:53, 33.27pos/s]hedging:  10%|#         | 10167/97783 [05:15<43:43, 33.39pos/s]hedging:  10%|#         | 10171/97783 [05:15<44:52, 32.54pos/s]hedging:  10%|#         | 10175/97783 [05:15<44:23, 32.89pos/s]hedging:  10%|#         | 10179/97783 [05:15<44:32, 32.78pos/s]hedging:  10%|#         | 10183/97783 [05:15<44:45, 32.61pos/s]hedging:  10%|#         | 10187/97783 [05:16<44:51, 32.55pos/s]hedging:  10%|#         | 10191/97783 [05:16<44:48, 32.58pos/s]hedging:  10%|#         | 10195/97783 [05:16<44:58, 32.45pos/s]hedging:  10%|#         | 10199/97783 [05:16<44:44, 32.63pos/s]hedging:  10%|#         | 10203/97783 [05:16<44:32, 32.77pos/s]hedging:  10%|#         | 10207/97783 [05:16<45:31, 32.06pos/s]hedging:  10%|#         | 10211/97783 [05:16<46:34, 31.34pos/s]hedging:  10%|#         | 10215/97783 [05:16<45:48, 31.86pos/s]hedging:  10%|#         | 10219/97783 [05:17<44:44, 32.62pos/s]hedging:  10%|#         | 10223/97783 [05:17<45:19, 32.19pos/s]hedging:  10%|#         | 10227/97783 [05:17<46:13, 31.57pos/s]hedging:  10%|#         | 10231/97783 [05:17<45:38, 31.97pos/s]hedging:  10%|#         | 10235/97783 [05:17<45:25, 32.13pos/s]hedging:  10%|#         | 10239/97783 [05:17<45:45, 31.88pos/s]hedging:  10%|#         | 10243/97783 [05:17<45:59, 31.73pos/s]hedging:  10%|#         | 10247/97783 [05:17<46:12, 31.58pos/s]hedging:  10%|#         | 10251/97783 [05:18<46:26, 31.41pos/s]hedging:  10%|#         | 10255/97783 [05:18<46:33, 31.33pos/s]hedging:  10%|#         | 10259/97783 [05:18<46:01, 31.70pos/s]hedging:  10%|#         | 10263/97783 [05:18<45:27, 32.09pos/s]hedging:  10%|#         | 10267/97783 [05:18<44:35, 32.71pos/s]hedging:  11%|#         | 10271/97783 [05:18<44:16, 32.94pos/s]hedging:  11%|#         | 10275/97783 [05:18<44:17, 32.93pos/s]hedging:  11%|#         | 10279/97783 [05:18<44:45, 32.58pos/s]hedging:  11%|#         | 10283/97783 [05:19<44:31, 32.75pos/s]hedging:  11%|#         | 10287/97783 [05:19<45:28, 32.07pos/s]hedging:  11%|#         | 10291/97783 [05:19<45:01, 32.38pos/s]hedging:  11%|#         | 10295/97783 [05:19<44:47, 32.56pos/s]hedging:  11%|#         | 10299/97783 [05:19<44:18, 32.90pos/s]hedging:  11%|#         | 10303/97783 [05:19<44:18, 32.91pos/s]hedging:  11%|#         | 10307/97783 [05:19<44:07, 33.04pos/s]hedging:  11%|#         | 10311/97783 [05:19<46:06, 31.62pos/s]hedging:  11%|#         | 10315/97783 [05:20<48:01, 30.36pos/s]hedging:  11%|#         | 10319/97783 [05:20<49:08, 29.66pos/s]hedging:  11%|#         | 10323/97783 [05:20<47:59, 30.37pos/s]hedging:  11%|#         | 10327/97783 [05:20<48:49, 29.85pos/s]hedging:  11%|#         | 10330/97783 [05:20<49:04, 29.70pos/s]hedging:  11%|#         | 10334/97783 [05:20<48:16, 30.19pos/s]hedging:  11%|#         | 10338/97783 [05:20<47:30, 30.68pos/s]hedging:  11%|#         | 10342/97783 [05:20<46:50, 31.11pos/s]hedging:  11%|#         | 10346/97783 [05:21<47:14, 30.85pos/s]hedging:  11%|#         | 10350/97783 [05:21<45:56, 31.72pos/s]hedging:  11%|#         | 10354/97783 [05:21<45:21, 32.12pos/s]hedging:  11%|#         | 10358/97783 [05:21<44:01, 33.10pos/s]hedging:  11%|#         | 10362/97783 [05:21<44:03, 33.07pos/s]hedging:  11%|#         | 10366/97783 [05:21<44:16, 32.91pos/s]hedging:  11%|#         | 10370/97783 [05:21<43:58, 33.13pos/s]hedging:  11%|#         | 10374/97783 [05:21<44:12, 32.95pos/s]hedging:  11%|#         | 10378/97783 [05:22<44:26, 32.77pos/s]hedging:  11%|#         | 10382/97783 [05:22<43:44, 33.30pos/s]hedging:  11%|#         | 10386/97783 [05:22<44:00, 33.09pos/s]hedging:  11%|#         | 10390/97783 [05:22<44:57, 32.40pos/s]hedging:  11%|#         | 10394/97783 [05:22<44:39, 32.62pos/s]hedging:  11%|#         | 10398/97783 [05:22<43:58, 33.12pos/s]hedging:  11%|#         | 10402/97783 [05:22<43:50, 33.22pos/s]hedging:  11%|#         | 10406/97783 [05:22<44:13, 32.93pos/s]hedging:  11%|#         | 10410/97783 [05:23<43:58, 33.11pos/s]hedging:  11%|#         | 10414/97783 [05:23<43:56, 33.13pos/s]hedging:  11%|#         | 10418/97783 [05:23<44:42, 32.57pos/s]hedging:  11%|#         | 10422/97783 [05:23<44:00, 33.09pos/s]hedging:  11%|#         | 10426/97783 [05:23<43:27, 33.50pos/s]hedging:  11%|#         | 10430/97783 [05:23<43:54, 33.16pos/s]hedging:  11%|#         | 10434/97783 [05:23<43:32, 33.44pos/s]hedging:  11%|#         | 10438/97783 [05:23<46:19, 31.43pos/s]hedging:  11%|#         | 10442/97783 [05:24<46:22, 31.39pos/s]hedging:  11%|#         | 10446/97783 [05:24<45:42, 31.85pos/s]hedging:  11%|#         | 10450/97783 [05:24<45:16, 32.15pos/s]hedging:  11%|#         | 10454/97783 [05:24<45:53, 31.72pos/s]hedging:  11%|#         | 10458/97783 [05:24<45:23, 32.06pos/s]hedging:  11%|#         | 10462/97783 [05:24<45:00, 32.34pos/s]hedging:  11%|#         | 10466/97783 [05:24<44:28, 32.73pos/s]hedging:  11%|#         | 10470/97783 [05:24<44:18, 32.85pos/s]hedging:  11%|#         | 10474/97783 [05:24<44:29, 32.71pos/s]hedging:  11%|#         | 10478/97783 [05:25<43:30, 33.44pos/s]hedging:  11%|#         | 10482/97783 [05:25<47:00, 30.95pos/s]hedging:  11%|#         | 10486/97783 [05:25<47:08, 30.86pos/s]hedging:  11%|#         | 10490/97783 [05:25<47:57, 30.34pos/s]hedging:  11%|#         | 10494/97783 [05:25<46:44, 31.13pos/s]hedging:  11%|#         | 10498/97783 [05:25<46:03, 31.59pos/s]hedging:  11%|#         | 10502/97783 [05:25<45:19, 32.09pos/s]hedging:  11%|#         | 10506/97783 [05:25<44:50, 32.44pos/s]hedging:  11%|#         | 10510/97783 [05:26<45:17, 32.11pos/s]hedging:  11%|#         | 10514/97783 [05:26<45:48, 31.75pos/s]hedging:  11%|#         | 10518/97783 [05:26<45:32, 31.93pos/s]hedging:  11%|#         | 10522/97783 [05:26<45:33, 31.93pos/s]hedging:  11%|#         | 10526/97783 [05:26<44:48, 32.45pos/s]hedging:  11%|#         | 10530/97783 [05:26<44:53, 32.39pos/s]hedging:  11%|#         | 10534/97783 [05:26<45:07, 32.22pos/s]hedging:  11%|#         | 10538/97783 [05:27<45:43, 31.80pos/s]hedging:  11%|#         | 10542/97783 [05:27<45:07, 32.22pos/s]hedging:  11%|#         | 10546/97783 [05:27<46:04, 31.55pos/s]hedging:  11%|#         | 10550/97783 [05:27<46:06, 31.53pos/s]hedging:  11%|#         | 10554/97783 [05:27<46:29, 31.27pos/s]hedging:  11%|#         | 10558/97783 [05:27<45:28, 31.97pos/s]hedging:  11%|#         | 10562/97783 [05:27<45:26, 31.99pos/s]hedging:  11%|#         | 10566/97783 [05:27<45:08, 32.20pos/s]hedging:  11%|#         | 10570/97783 [05:28<45:02, 32.27pos/s]hedging:  11%|#         | 10574/97783 [05:28<45:52, 31.68pos/s]hedging:  11%|#         | 10578/97783 [05:28<45:15, 32.11pos/s]hedging:  11%|#         | 10582/97783 [05:28<45:09, 32.18pos/s]hedging:  11%|#         | 10586/97783 [05:28<44:37, 32.57pos/s]hedging:  11%|#         | 10590/97783 [05:28<44:55, 32.35pos/s]hedging:  11%|#         | 10594/97783 [05:28<44:36, 32.57pos/s]hedging:  11%|#         | 10598/97783 [05:28<44:20, 32.77pos/s]hedging:  11%|#         | 10602/97783 [05:28<44:28, 32.67pos/s]hedging:  11%|#         | 10606/97783 [05:29<44:36, 32.57pos/s]hedging:  11%|#         | 10610/97783 [05:29<44:11, 32.87pos/s]hedging:  11%|#         | 10614/97783 [05:29<43:36, 33.31pos/s]hedging:  11%|#         | 10618/97783 [05:29<44:29, 32.66pos/s]hedging:  11%|#         | 10622/97783 [05:29<43:11, 33.64pos/s]hedging:  11%|#         | 10626/97783 [05:29<43:54, 33.08pos/s]hedging:  11%|#         | 10630/97783 [05:29<43:57, 33.04pos/s]hedging:  11%|#         | 10634/97783 [05:29<43:43, 33.22pos/s]hedging:  11%|#         | 10638/97783 [05:30<43:33, 33.34pos/s]hedging:  11%|#         | 10642/97783 [05:30<44:23, 32.72pos/s]hedging:  11%|#         | 10646/97783 [05:30<44:46, 32.43pos/s]hedging:  11%|#         | 10650/97783 [05:30<45:10, 32.14pos/s]hedging:  11%|#         | 10654/97783 [05:30<45:33, 31.88pos/s]hedging:  11%|#         | 10658/97783 [05:30<46:31, 31.21pos/s]hedging:  11%|#         | 10662/97783 [05:30<45:29, 31.92pos/s]hedging:  11%|#         | 10666/97783 [05:30<45:34, 31.86pos/s]hedging:  11%|#         | 10670/97783 [05:31<45:22, 32.00pos/s]hedging:  11%|#         | 10674/97783 [05:31<45:05, 32.20pos/s]hedging:  11%|#         | 10678/97783 [05:31<47:57, 30.27pos/s]hedging:  11%|#         | 10682/97783 [05:31<48:28, 29.94pos/s]hedging:  11%|#         | 10686/97783 [05:31<48:12, 30.11pos/s]hedging:  11%|#         | 10690/97783 [05:31<47:07, 30.81pos/s]hedging:  11%|#         | 10694/97783 [05:31<48:18, 30.04pos/s]hedging:  11%|#         | 10698/97783 [05:32<48:57, 29.65pos/s]hedging:  11%|#         | 10702/97783 [05:32<47:05, 30.82pos/s]hedging:  11%|#         | 10706/97783 [05:32<47:08, 30.78pos/s]hedging:  11%|#         | 10710/97783 [05:32<46:58, 30.90pos/s]hedging:  11%|#         | 10714/97783 [05:32<45:28, 31.91pos/s]hedging:  11%|#         | 10718/97783 [05:32<44:35, 32.54pos/s]hedging:  11%|#         | 10722/97783 [05:32<45:02, 32.22pos/s]hedging:  11%|#         | 10726/97783 [05:32<45:08, 32.15pos/s]hedging:  11%|#         | 10730/97783 [05:33<44:02, 32.94pos/s]hedging:  11%|#         | 10734/97783 [05:33<44:45, 32.42pos/s]hedging:  11%|#         | 10738/97783 [05:33<44:38, 32.50pos/s]hedging:  11%|#         | 10742/97783 [05:33<43:48, 33.12pos/s]hedging:  11%|#         | 10746/97783 [05:33<44:24, 32.67pos/s]hedging:  11%|#         | 10750/97783 [05:33<44:54, 32.30pos/s]hedging:  11%|#         | 10754/97783 [05:33<45:08, 32.14pos/s]hedging:  11%|#1        | 10758/97783 [05:33<45:39, 31.76pos/s]hedging:  11%|#1        | 10762/97783 [05:33<45:18, 32.01pos/s]hedging:  11%|#1        | 10766/97783 [05:34<43:43, 33.17pos/s]hedging:  11%|#1        | 10770/97783 [05:34<43:43, 33.17pos/s]hedging:  11%|#1        | 10774/97783 [05:34<44:11, 32.81pos/s]hedging:  11%|#1        | 10778/97783 [05:34<44:16, 32.75pos/s]hedging:  11%|#1        | 10782/97783 [05:34<43:45, 33.13pos/s]hedging:  11%|#1        | 10786/97783 [05:34<43:35, 33.26pos/s]hedging:  11%|#1        | 10790/97783 [05:34<43:42, 33.17pos/s]hedging:  11%|#1        | 10794/97783 [05:34<43:14, 33.52pos/s]hedging:  11%|#1        | 10798/97783 [05:35<43:59, 32.95pos/s]hedging:  11%|#1        | 10802/97783 [05:35<45:02, 32.19pos/s]hedging:  11%|#1        | 10806/97783 [05:35<44:06, 32.86pos/s]hedging:  11%|#1        | 10810/97783 [05:35<44:24, 32.64pos/s]hedging:  11%|#1        | 10814/97783 [05:35<44:35, 32.51pos/s]hedging:  11%|#1        | 10818/97783 [05:35<44:10, 32.81pos/s]hedging:  11%|#1        | 10822/97783 [05:35<43:45, 33.13pos/s]hedging:  11%|#1        | 10826/97783 [05:35<43:32, 33.29pos/s]hedging:  11%|#1        | 10830/97783 [05:36<43:49, 33.07pos/s]hedging:  11%|#1        | 10834/97783 [05:36<44:44, 32.39pos/s]hedging:  11%|#1        | 10838/97783 [05:36<46:29, 31.17pos/s]hedging:  11%|#1        | 10842/97783 [05:36<46:10, 31.39pos/s]hedging:  11%|#1        | 10846/97783 [05:36<44:42, 32.41pos/s]hedging:  11%|#1        | 10850/97783 [05:36<44:53, 32.28pos/s]hedging:  11%|#1        | 10854/97783 [05:36<43:08, 33.58pos/s]hedging:  11%|#1        | 10858/97783 [05:36<42:08, 34.38pos/s]hedging:  11%|#1        | 10862/97783 [05:37<41:50, 34.62pos/s]hedging:  11%|#1        | 10866/97783 [05:37<41:15, 35.10pos/s]hedging:  11%|#1        | 10870/97783 [05:37<41:07, 35.23pos/s]hedging:  11%|#1        | 10874/97783 [05:37<49:14, 29.41pos/s]hedging:  11%|#1        | 10878/97783 [05:37<49:55, 29.01pos/s]hedging:  11%|#1        | 10882/97783 [05:37<54:05, 26.78pos/s]hedging:  11%|#1        | 10885/97783 [05:37<58:28, 24.77pos/s]hedging:  11%|#1        | 10888/97783 [05:38<1:04:16, 22.53pos/s]hedging:  11%|#1        | 10891/97783 [05:38<1:02:02, 23.34pos/s]hedging:  11%|#1        | 10894/97783 [05:38<1:04:43, 22.38pos/s]hedging:  11%|#1        | 10897/97783 [05:38<1:03:21, 22.86pos/s]hedging:  11%|#1        | 10900/97783 [05:38<1:07:18, 21.51pos/s]hedging:  11%|#1        | 10903/97783 [05:38<1:03:32, 22.79pos/s]hedging:  11%|#1        | 10906/97783 [05:38<1:01:29, 23.55pos/s]hedging:  11%|#1        | 10909/97783 [05:38<1:02:26, 23.19pos/s]hedging:  11%|#1        | 10912/97783 [05:39<1:02:04, 23.33pos/s]hedging:  11%|#1        | 10915/97783 [05:39<1:06:54, 21.64pos/s]hedging:  11%|#1        | 10918/97783 [05:39<1:06:03, 21.92pos/s]hedging:  11%|#1        | 10921/97783 [05:39<1:07:32, 21.43pos/s]hedging:  11%|#1        | 10925/97783 [05:39<58:39, 24.68pos/s]  hedging:  11%|#1        | 10928/97783 [05:39<1:00:06, 24.08pos/s]hedging:  11%|#1        | 10931/97783 [05:39<1:00:46, 23.82pos/s]hedging:  11%|#1        | 10934/97783 [05:40<1:04:37, 22.40pos/s]hedging:  11%|#1        | 10937/97783 [05:40<1:05:38, 22.05pos/s]hedging:  11%|#1        | 10940/97783 [05:40<1:06:08, 21.88pos/s]hedging:  11%|#1        | 10943/97783 [05:40<1:07:29, 21.44pos/s]hedging:  11%|#1        | 10946/97783 [05:40<1:07:33, 21.42pos/s]hedging:  11%|#1        | 10950/97783 [05:40<57:38, 25.11pos/s]  hedging:  11%|#1        | 10953/97783 [05:40<1:01:05, 23.69pos/s]hedging:  11%|#1        | 10957/97783 [05:41<55:05, 26.27pos/s]  hedging:  11%|#1        | 10961/97783 [05:41<49:08, 29.45pos/s]hedging:  11%|#1        | 10965/97783 [05:41<54:06, 26.74pos/s]hedging:  11%|#1        | 10968/97783 [05:41<54:03, 26.76pos/s]hedging:  11%|#1        | 10971/97783 [05:41<1:00:58, 23.73pos/s]hedging:  11%|#1        | 10974/97783 [05:41<59:09, 24.46pos/s]  hedging:  11%|#1        | 10977/97783 [05:41<57:45, 25.05pos/s]hedging:  11%|#1        | 10982/97783 [05:41<48:47, 29.65pos/s]hedging:  11%|#1        | 10986/97783 [05:42<45:25, 31.85pos/s]hedging:  11%|#1        | 10990/97783 [05:42<49:00, 29.51pos/s]hedging:  11%|#1        | 10994/97783 [05:42<56:58, 25.39pos/s]hedging:  11%|#1        | 10998/97783 [05:42<52:07, 27.75pos/s]hedging:  11%|#1        | 11002/97783 [05:42<50:13, 28.80pos/s]hedging:  11%|#1        | 11006/97783 [05:42<50:38, 28.56pos/s]hedging:  11%|#1        | 11009/97783 [05:42<50:06, 28.86pos/s]hedging:  11%|#1        | 11013/97783 [05:42<47:13, 30.62pos/s]hedging:  11%|#1        | 11017/97783 [05:43<44:41, 32.36pos/s]hedging:  11%|#1        | 11021/97783 [05:43<42:16, 34.21pos/s]hedging:  11%|#1        | 11025/97783 [05:43<42:37, 33.92pos/s]hedging:  11%|#1        | 11029/97783 [05:43<41:13, 35.07pos/s]hedging:  11%|#1        | 11033/97783 [05:43<40:03, 36.09pos/s]hedging:  11%|#1        | 11037/97783 [05:43<39:25, 36.67pos/s]hedging:  11%|#1        | 11041/97783 [05:43<39:08, 36.94pos/s]hedging:  11%|#1        | 11046/97783 [05:43<37:56, 38.11pos/s]hedging:  11%|#1        | 11051/97783 [05:44<37:40, 38.37pos/s]hedging:  11%|#1        | 11055/97783 [05:44<39:24, 36.67pos/s]hedging:  11%|#1        | 11059/97783 [05:44<41:51, 34.53pos/s]hedging:  11%|#1        | 11063/97783 [05:44<41:08, 35.13pos/s]hedging:  11%|#1        | 11067/97783 [05:44<40:10, 35.97pos/s]hedging:  11%|#1        | 11072/97783 [05:44<38:29, 37.55pos/s]hedging:  11%|#1        | 11076/97783 [05:44<46:34, 31.02pos/s]hedging:  11%|#1        | 11080/97783 [05:44<55:06, 26.22pos/s]hedging:  11%|#1        | 11083/97783 [05:45<56:00, 25.80pos/s]hedging:  11%|#1        | 11086/97783 [05:45<59:50, 24.15pos/s]hedging:  11%|#1        | 11089/97783 [05:45<1:00:51, 23.74pos/s]hedging:  11%|#1        | 11092/97783 [05:45<1:01:41, 23.42pos/s]hedging:  11%|#1        | 11095/97783 [05:45<1:03:59, 22.58pos/s]hedging:  11%|#1        | 11098/97783 [05:45<1:00:42, 23.80pos/s]hedging:  11%|#1        | 11101/97783 [05:45<1:04:02, 22.56pos/s]hedging:  11%|#1        | 11105/97783 [05:46<57:00, 25.34pos/s]  hedging:  11%|#1        | 11108/97783 [05:46<1:00:07, 24.03pos/s]hedging:  11%|#1        | 11111/97783 [05:46<1:05:05, 22.20pos/s]hedging:  11%|#1        | 11114/97783 [05:46<1:00:30, 23.87pos/s]hedging:  11%|#1        | 11118/97783 [05:46<56:12, 25.70pos/s]  hedging:  11%|#1        | 11121/97783 [05:46<56:32, 25.54pos/s]hedging:  11%|#1        | 11125/97783 [05:46<50:42, 28.48pos/s]hedging:  11%|#1        | 11129/97783 [05:46<45:57, 31.43pos/s]hedging:  11%|#1        | 11133/97783 [05:47<43:16, 33.37pos/s]hedging:  11%|#1        | 11137/97783 [05:47<53:26, 27.02pos/s]hedging:  11%|#1        | 11141/97783 [05:47<49:09, 29.38pos/s]hedging:  11%|#1        | 11145/97783 [05:47<53:22, 27.05pos/s]hedging:  11%|#1        | 11148/97783 [05:47<58:34, 24.65pos/s]hedging:  11%|#1        | 11151/97783 [05:47<1:01:30, 23.47pos/s]hedging:  11%|#1        | 11154/97783 [05:47<1:05:35, 22.01pos/s]hedging:  11%|#1        | 11157/97783 [05:48<1:06:08, 21.83pos/s]hedging:  11%|#1        | 11160/97783 [05:48<1:05:02, 22.20pos/s]hedging:  11%|#1        | 11163/97783 [05:48<1:04:49, 22.27pos/s]hedging:  11%|#1        | 11166/97783 [05:48<1:03:45, 22.64pos/s]hedging:  11%|#1        | 11169/97783 [05:48<1:07:42, 21.32pos/s]hedging:  11%|#1        | 11172/97783 [05:48<1:05:14, 22.13pos/s]hedging:  11%|#1        | 11175/97783 [05:48<1:09:03, 20.90pos/s]hedging:  11%|#1        | 11178/97783 [05:49<1:07:37, 21.35pos/s]hedging:  11%|#1        | 11181/97783 [05:49<1:03:08, 22.86pos/s]hedging:  11%|#1        | 11185/97783 [05:49<57:50, 24.95pos/s]  hedging:  11%|#1        | 11188/97783 [05:49<57:57, 24.90pos/s]hedging:  11%|#1        | 11191/97783 [05:49<59:19, 24.33pos/s]hedging:  11%|#1        | 11194/97783 [05:49<1:02:41, 23.02pos/s]hedging:  11%|#1        | 11197/97783 [05:49<58:43, 24.57pos/s]  hedging:  11%|#1        | 11200/97783 [05:49<1:03:14, 22.82pos/s]hedging:  11%|#1        | 11203/97783 [05:50<1:03:40, 22.66pos/s]hedging:  11%|#1        | 11206/97783 [05:50<1:04:30, 22.37pos/s]hedging:  11%|#1        | 11209/97783 [05:50<1:06:10, 21.80pos/s]hedging:  11%|#1        | 11212/97783 [05:50<1:02:44, 22.99pos/s]hedging:  11%|#1        | 11215/97783 [05:50<1:00:00, 24.04pos/s]hedging:  11%|#1        | 11219/97783 [05:50<54:26, 26.50pos/s]  hedging:  11%|#1        | 11223/97783 [05:50<48:52, 29.52pos/s]hedging:  11%|#1        | 11227/97783 [05:50<45:49, 31.48pos/s]hedging:  11%|#1        | 11231/97783 [05:51<42:44, 33.75pos/s]hedging:  11%|#1        | 11235/97783 [05:51<40:41, 35.45pos/s]hedging:  11%|#1        | 11239/97783 [05:51<48:38, 29.65pos/s]hedging:  11%|#1        | 11243/97783 [05:51<46:02, 31.32pos/s]hedging:  12%|#1        | 11247/97783 [05:51<43:46, 32.95pos/s]hedging:  12%|#1        | 11252/97783 [05:51<43:02, 33.50pos/s]hedging:  12%|#1        | 11256/97783 [05:51<48:55, 29.47pos/s]hedging:  12%|#1        | 11260/97783 [05:52<54:31, 26.45pos/s]hedging:  12%|#1        | 11263/97783 [05:52<58:25, 24.68pos/s]hedging:  12%|#1        | 11266/97783 [05:52<59:11, 24.36pos/s]hedging:  12%|#1        | 11269/97783 [05:52<1:00:05, 23.99pos/s]hedging:  12%|#1        | 11272/97783 [05:52<1:00:41, 23.76pos/s]hedging:  12%|#1        | 11275/97783 [05:52<58:59, 24.44pos/s]  hedging:  12%|#1        | 11278/97783 [05:52<1:03:06, 22.84pos/s]hedging:  12%|#1        | 11281/97783 [05:53<1:05:26, 22.03pos/s]hedging:  12%|#1        | 11284/97783 [05:53<1:06:09, 21.79pos/s]hedging:  12%|#1        | 11287/97783 [05:53<1:03:54, 22.56pos/s]hedging:  12%|#1        | 11290/97783 [05:53<1:01:57, 23.27pos/s]hedging:  12%|#1        | 11293/97783 [05:53<1:03:45, 22.61pos/s]hedging:  12%|#1        | 11296/97783 [05:53<1:04:46, 22.25pos/s]hedging:  12%|#1        | 11299/97783 [05:53<1:03:34, 22.67pos/s]hedging:  12%|#1        | 11302/97783 [05:53<59:53, 24.07pos/s]  hedging:  12%|#1        | 11305/97783 [05:54<1:00:02, 24.00pos/s]hedging:  12%|#1        | 11309/97783 [05:54<58:53, 24.47pos/s]  hedging:  12%|#1        | 11312/97783 [05:54<1:00:49, 23.70pos/s]hedging:  12%|#1        | 11315/97783 [05:54<1:01:50, 23.30pos/s]hedging:  12%|#1        | 11318/97783 [05:54<1:01:15, 23.53pos/s]hedging:  12%|#1        | 11321/97783 [05:54<1:04:12, 22.44pos/s]hedging:  12%|#1        | 11325/97783 [05:54<56:47, 25.37pos/s]  hedging:  12%|#1        | 11328/97783 [05:55<1:00:59, 23.63pos/s]hedging:  12%|#1        | 11331/97783 [05:55<1:00:49, 23.69pos/s]hedging:  12%|#1        | 11334/97783 [05:55<1:03:09, 22.82pos/s]hedging:  12%|#1        | 11337/97783 [05:55<1:04:08, 22.46pos/s]hedging:  12%|#1        | 11340/97783 [05:55<1:04:35, 22.31pos/s]hedging:  12%|#1        | 11343/97783 [05:55<1:06:46, 21.58pos/s]hedging:  12%|#1        | 11346/97783 [05:55<1:08:54, 20.90pos/s]hedging:  12%|#1        | 11349/97783 [05:55<1:05:03, 22.14pos/s]hedging:  12%|#1        | 11352/97783 [05:56<1:07:05, 21.47pos/s]hedging:  12%|#1        | 11355/97783 [05:56<1:02:40, 22.98pos/s]hedging:  12%|#1        | 11358/97783 [05:56<1:03:53, 22.55pos/s]hedging:  12%|#1        | 11361/97783 [05:56<1:08:08, 21.14pos/s]hedging:  12%|#1        | 11364/97783 [05:56<1:06:32, 21.65pos/s]hedging:  12%|#1        | 11367/97783 [05:56<1:05:29, 21.99pos/s]hedging:  12%|#1        | 11370/97783 [05:56<1:00:51, 23.66pos/s]hedging:  12%|#1        | 11373/97783 [05:57<1:01:27, 23.44pos/s]hedging:  12%|#1        | 11377/97783 [05:57<52:27, 27.45pos/s]  hedging:  12%|#1        | 11381/97783 [05:57<47:02, 30.62pos/s]hedging:  12%|#1        | 11385/97783 [05:57<50:30, 28.51pos/s]hedging:  12%|#1        | 11388/97783 [05:57<51:00, 28.23pos/s]hedging:  12%|#1        | 11391/97783 [05:57<54:00, 26.66pos/s]hedging:  12%|#1        | 11394/97783 [05:57<57:25, 25.07pos/s]hedging:  12%|#1        | 11397/97783 [05:57<1:00:20, 23.86pos/s]hedging:  12%|#1        | 11400/97783 [05:58<1:02:49, 22.91pos/s]hedging:  12%|#1        | 11403/97783 [05:58<1:03:00, 22.85pos/s]hedging:  12%|#1        | 11406/97783 [05:58<1:04:57, 22.16pos/s]hedging:  12%|#1        | 11409/97783 [05:58<1:04:28, 22.33pos/s]hedging:  12%|#1        | 11412/97783 [05:58<1:05:05, 22.12pos/s]hedging:  12%|#1        | 11415/97783 [05:58<1:01:58, 23.23pos/s]hedging:  12%|#1        | 11419/97783 [05:58<52:54, 27.20pos/s]  hedging:  12%|#1        | 11423/97783 [05:58<47:11, 30.50pos/s]hedging:  12%|#1        | 11427/97783 [05:59<44:01, 32.69pos/s]hedging:  12%|#1        | 11431/97783 [05:59<41:51, 34.38pos/s]hedging:  12%|#1        | 11435/97783 [05:59<40:08, 35.86pos/s]hedging:  12%|#1        | 11439/97783 [05:59<46:00, 31.28pos/s]hedging:  12%|#1        | 11443/97783 [05:59<50:43, 28.37pos/s]hedging:  12%|#1        | 11447/97783 [05:59<57:03, 25.22pos/s]hedging:  12%|#1        | 11450/97783 [05:59<58:54, 24.42pos/s]hedging:  12%|#1        | 11453/97783 [06:00<58:54, 24.42pos/s]hedging:  12%|#1        | 11456/97783 [06:00<58:48, 24.46pos/s]hedging:  12%|#1        | 11459/97783 [06:00<1:00:09, 23.92pos/s]hedging:  12%|#1        | 11462/97783 [06:00<1:03:50, 22.53pos/s]hedging:  12%|#1        | 11465/97783 [06:00<1:02:42, 22.94pos/s]hedging:  12%|#1        | 11468/97783 [06:00<1:04:00, 22.48pos/s]hedging:  12%|#1        | 11471/97783 [06:00<1:05:27, 21.98pos/s]hedging:  12%|#1        | 11474/97783 [06:00<1:05:24, 21.99pos/s]hedging:  12%|#1        | 11477/97783 [06:01<1:05:58, 21.80pos/s]hedging:  12%|#1        | 11480/97783 [06:01<1:04:18, 22.37pos/s]hedging:  12%|#1        | 11483/97783 [06:01<1:05:31, 21.95pos/s]hedging:  12%|#1        | 11486/97783 [06:01<1:06:10, 21.73pos/s]hedging:  12%|#1        | 11489/97783 [06:01<1:02:22, 23.06pos/s]hedging:  12%|#1        | 11492/97783 [06:01<1:00:49, 23.65pos/s]hedging:  12%|#1        | 11495/97783 [06:01<1:04:04, 22.45pos/s]hedging:  12%|#1        | 11498/97783 [06:02<1:00:33, 23.74pos/s]hedging:  12%|#1        | 11501/97783 [06:02<1:01:25, 23.41pos/s]hedging:  12%|#1        | 11504/97783 [06:02<1:04:46, 22.20pos/s]hedging:  12%|#1        | 11507/97783 [06:02<1:01:37, 23.33pos/s]hedging:  12%|#1        | 11511/97783 [06:02<52:26, 27.41pos/s]  hedging:  12%|#1        | 11514/97783 [06:02<52:12, 27.54pos/s]hedging:  12%|#1        | 11517/97783 [06:02<55:13, 26.03pos/s]hedging:  12%|#1        | 11520/97783 [06:02<57:49, 24.86pos/s]hedging:  12%|#1        | 11524/97783 [06:03<52:04, 27.61pos/s]hedging:  12%|#1        | 11527/97783 [06:03<52:27, 27.41pos/s]hedging:  12%|#1        | 11531/97783 [06:03<48:52, 29.41pos/s]hedging:  12%|#1        | 11535/97783 [06:03<45:02, 31.92pos/s]hedging:  12%|#1        | 11539/97783 [06:03<42:15, 34.02pos/s]hedging:  12%|#1        | 11543/97783 [06:03<49:43, 28.91pos/s]hedging:  12%|#1        | 11547/97783 [06:03<46:35, 30.85pos/s]hedging:  12%|#1        | 11552/97783 [06:03<42:40, 33.68pos/s]hedging:  12%|#1        | 11556/97783 [06:04<48:22, 29.71pos/s]hedging:  12%|#1        | 11560/97783 [06:04<46:45, 30.74pos/s]hedging:  12%|#1        | 11564/97783 [06:04<43:43, 32.87pos/s]hedging:  12%|#1        | 11568/97783 [06:04<41:30, 34.62pos/s]hedging:  12%|#1        | 11572/97783 [06:04<46:51, 30.67pos/s]hedging:  12%|#1        | 11576/97783 [06:04<50:04, 28.69pos/s]hedging:  12%|#1        | 11580/97783 [06:04<46:59, 30.57pos/s]hedging:  12%|#1        | 11585/97783 [06:04<43:25, 33.09pos/s]hedging:  12%|#1        | 11589/97783 [06:05<41:36, 34.53pos/s]hedging:  12%|#1        | 11593/97783 [06:05<44:39, 32.17pos/s]hedging:  12%|#1        | 11597/97783 [06:05<49:46, 28.86pos/s]hedging:  12%|#1        | 11601/97783 [06:05<54:48, 26.21pos/s]hedging:  12%|#1        | 11604/97783 [06:05<57:01, 25.19pos/s]hedging:  12%|#1        | 11608/97783 [06:05<52:15, 27.48pos/s]hedging:  12%|#1        | 11611/97783 [06:05<55:18, 25.97pos/s]hedging:  12%|#1        | 11614/97783 [06:06<1:00:37, 23.69pos/s]hedging:  12%|#1        | 11618/97783 [06:06<54:51, 26.18pos/s]  hedging:  12%|#1        | 11623/97783 [06:06<47:34, 30.18pos/s]hedging:  12%|#1        | 11627/97783 [06:06<44:56, 31.95pos/s]hedging:  12%|#1        | 11631/97783 [06:06<43:05, 33.32pos/s]hedging:  12%|#1        | 11636/97783 [06:06<40:08, 35.77pos/s]hedging:  12%|#1        | 11640/97783 [06:06<44:52, 31.99pos/s]hedging:  12%|#1        | 11644/97783 [06:07<50:34, 28.39pos/s]hedging:  12%|#1        | 11647/97783 [06:07<55:01, 26.09pos/s]hedging:  12%|#1        | 11650/97783 [06:07<56:50, 25.26pos/s]hedging:  12%|#1        | 11653/97783 [06:07<56:55, 25.22pos/s]hedging:  12%|#1        | 11656/97783 [06:07<1:01:53, 23.20pos/s]hedging:  12%|#1        | 11659/97783 [06:07<1:01:10, 23.46pos/s]hedging:  12%|#1        | 11662/97783 [06:07<1:03:41, 22.53pos/s]hedging:  12%|#1        | 11665/97783 [06:07<1:04:24, 22.29pos/s]hedging:  12%|#1        | 11668/97783 [06:08<1:02:41, 22.89pos/s]hedging:  12%|#1        | 11671/97783 [06:08<1:01:06, 23.49pos/s]hedging:  12%|#1        | 11674/97783 [06:08<58:14, 24.64pos/s]  hedging:  12%|#1        | 11677/97783 [06:08<1:03:46, 22.50pos/s]hedging:  12%|#1        | 11680/97783 [06:08<1:02:39, 22.91pos/s]hedging:  12%|#1        | 11683/97783 [06:08<1:00:21, 23.78pos/s]hedging:  12%|#1        | 11686/97783 [06:08<1:00:18, 23.80pos/s]hedging:  12%|#1        | 11689/97783 [06:08<1:04:05, 22.39pos/s]hedging:  12%|#1        | 11692/97783 [06:09<1:04:54, 22.11pos/s]hedging:  12%|#1        | 11695/97783 [06:09<1:00:26, 23.74pos/s]hedging:  12%|#1        | 11698/97783 [06:09<1:04:31, 22.23pos/s]hedging:  12%|#1        | 11701/97783 [06:09<1:02:25, 22.99pos/s]hedging:  12%|#1        | 11704/97783 [06:09<1:05:28, 21.91pos/s]hedging:  12%|#1        | 11708/97783 [06:09<58:19, 24.60pos/s]  hedging:  12%|#1        | 11711/97783 [06:09<1:00:00, 23.91pos/s]hedging:  12%|#1        | 11714/97783 [06:10<57:45, 24.84pos/s]  hedging:  12%|#1        | 11717/97783 [06:10<58:43, 24.43pos/s]hedging:  12%|#1        | 11721/97783 [06:10<51:17, 27.96pos/s]hedging:  12%|#1        | 11725/97783 [06:10<47:56, 29.92pos/s]hedging:  12%|#1        | 11729/97783 [06:10<51:21, 27.92pos/s]hedging:  12%|#1        | 11732/97783 [06:10<53:35, 26.76pos/s]hedging:  12%|#2        | 11735/97783 [06:10<53:22, 26.87pos/s]hedging:  12%|#2        | 11739/97783 [06:10<48:31, 29.55pos/s]hedging:  12%|#2        | 11744/97783 [06:11<43:11, 33.21pos/s]hedging:  12%|#2        | 11748/97783 [06:11<48:18, 29.68pos/s]hedging:  12%|#2        | 11752/97783 [06:11<52:11, 27.47pos/s]hedging:  12%|#2        | 11755/97783 [06:11<56:28, 25.39pos/s]hedging:  12%|#2        | 11758/97783 [06:11<59:12, 24.22pos/s]hedging:  12%|#2        | 11761/97783 [06:11<56:54, 25.19pos/s]hedging:  12%|#2        | 11764/97783 [06:11<1:01:41, 23.24pos/s]hedging:  12%|#2        | 11767/97783 [06:12<1:01:24, 23.35pos/s]hedging:  12%|#2        | 11770/97783 [06:12<1:03:14, 22.67pos/s]hedging:  12%|#2        | 11773/97783 [06:12<1:06:59, 21.40pos/s]hedging:  12%|#2        | 11776/97783 [06:12<1:06:40, 21.50pos/s]hedging:  12%|#2        | 11779/97783 [06:12<1:06:36, 21.52pos/s]hedging:  12%|#2        | 11782/97783 [06:12<1:07:38, 21.19pos/s]hedging:  12%|#2        | 11785/97783 [06:12<1:08:04, 21.06pos/s]hedging:  12%|#2        | 11788/97783 [06:13<1:11:52, 19.94pos/s]hedging:  12%|#2        | 11791/97783 [06:13<1:09:40, 20.57pos/s]hedging:  12%|#2        | 11794/97783 [06:13<1:07:02, 21.37pos/s]hedging:  12%|#2        | 11798/97783 [06:13<55:50, 25.66pos/s]  hedging:  12%|#2        | 11802/97783 [06:13<52:03, 27.53pos/s]hedging:  12%|#2        | 11805/97783 [06:13<56:56, 25.16pos/s]hedging:  12%|#2        | 11808/97783 [06:13<58:34, 24.46pos/s]hedging:  12%|#2        | 11811/97783 [06:13<59:21, 24.14pos/s]hedging:  12%|#2        | 11815/97783 [06:14<51:25, 27.87pos/s]hedging:  12%|#2        | 11819/97783 [06:14<47:10, 30.37pos/s]hedging:  12%|#2        | 11823/97783 [06:14<44:04, 32.50pos/s]hedging:  12%|#2        | 11827/97783 [06:14<41:51, 34.22pos/s]hedging:  12%|#2        | 11831/97783 [06:14<40:16, 35.58pos/s]hedging:  12%|#2        | 11835/97783 [06:14<39:41, 36.10pos/s]hedging:  12%|#2        | 11839/97783 [06:14<41:07, 34.82pos/s]hedging:  12%|#2        | 11843/97783 [06:14<48:21, 29.62pos/s]hedging:  12%|#2        | 11847/97783 [06:15<55:35, 25.77pos/s]hedging:  12%|#2        | 11850/97783 [06:15<59:03, 24.25pos/s]hedging:  12%|#2        | 11853/97783 [06:15<57:18, 24.99pos/s]hedging:  12%|#2        | 11856/97783 [06:15<58:32, 24.46pos/s]hedging:  12%|#2        | 11859/97783 [06:15<1:00:00, 23.87pos/s]hedging:  12%|#2        | 11862/97783 [06:15<1:01:26, 23.31pos/s]hedging:  12%|#2        | 11865/97783 [06:15<1:04:14, 22.29pos/s]hedging:  12%|#2        | 11869/97783 [06:16<55:17, 25.90pos/s]  hedging:  12%|#2        | 11873/97783 [06:16<51:28, 27.82pos/s]hedging:  12%|#2        | 11876/97783 [06:16<50:47, 28.19pos/s]hedging:  12%|#2        | 11879/97783 [06:16<50:12, 28.51pos/s]hedging:  12%|#2        | 11883/97783 [06:16<46:40, 30.68pos/s]hedging:  12%|#2        | 11888/97783 [06:16<42:25, 33.75pos/s]hedging:  12%|#2        | 11892/97783 [06:16<44:06, 32.45pos/s]hedging:  12%|#2        | 11896/97783 [06:16<45:01, 31.79pos/s]hedging:  12%|#2        | 11900/97783 [06:16<43:34, 32.84pos/s]hedging:  12%|#2        | 11904/97783 [06:17<43:01, 33.27pos/s]hedging:  12%|#2        | 11908/97783 [06:17<42:50, 33.41pos/s]hedging:  12%|#2        | 11912/97783 [06:17<42:59, 33.29pos/s]hedging:  12%|#2        | 11916/97783 [06:17<46:13, 30.96pos/s]hedging:  12%|#2        | 11920/97783 [06:17<48:18, 29.62pos/s]hedging:  12%|#2        | 11924/97783 [06:17<48:14, 29.66pos/s]hedging:  12%|#2        | 11927/97783 [06:17<56:37, 25.27pos/s]hedging:  12%|#2        | 11930/97783 [06:18<1:04:19, 22.24pos/s]hedging:  12%|#2        | 11933/97783 [06:18<1:07:18, 21.26pos/s]hedging:  12%|#2        | 11936/97783 [06:18<1:07:00, 21.35pos/s]hedging:  12%|#2        | 11939/97783 [06:18<1:08:22, 20.93pos/s]hedging:  12%|#2        | 11942/97783 [06:18<1:15:16, 19.00pos/s]hedging:  12%|#2        | 11944/97783 [06:18<1:15:45, 18.88pos/s]hedging:  12%|#2        | 11946/97783 [06:18<1:15:12, 19.02pos/s]hedging:  12%|#2        | 11949/97783 [06:19<1:10:14, 20.37pos/s]hedging:  12%|#2        | 11952/97783 [06:19<1:04:20, 22.23pos/s]hedging:  12%|#2        | 11956/97783 [06:19<58:55, 24.28pos/s]  hedging:  12%|#2        | 11959/97783 [06:19<1:04:10, 22.29pos/s]hedging:  12%|#2        | 11962/97783 [06:19<1:06:22, 21.55pos/s]hedging:  12%|#2        | 11966/97783 [06:19<59:24, 24.08pos/s]  hedging:  12%|#2        | 11969/97783 [06:19<58:12, 24.57pos/s]hedging:  12%|#2        | 11972/97783 [06:20<1:04:31, 22.16pos/s]hedging:  12%|#2        | 11976/97783 [06:20<57:41, 24.79pos/s]  hedging:  12%|#2        | 11979/97783 [06:20<1:03:10, 22.64pos/s]hedging:  12%|#2        | 11982/97783 [06:20<1:05:33, 21.81pos/s]hedging:  12%|#2        | 11985/97783 [06:20<1:07:16, 21.26pos/s]hedging:  12%|#2        | 11989/97783 [06:20<59:16, 24.12pos/s]  hedging:  12%|#2        | 11993/97783 [06:20<52:48, 27.07pos/s]hedging:  12%|#2        | 11996/97783 [06:20<53:56, 26.50pos/s]hedging:  12%|#2        | 11999/97783 [06:21<52:31, 27.22pos/s]hedging:  12%|#2        | 12003/97783 [06:21<49:41, 28.77pos/s]hedging:  12%|#2        | 12007/97783 [06:21<47:06, 30.35pos/s]hedging:  12%|#2        | 12011/97783 [06:21<46:32, 30.71pos/s]hedging:  12%|#2        | 12015/97783 [06:21<45:15, 31.58pos/s]hedging:  12%|#2        | 12019/97783 [06:21<44:45, 31.94pos/s]hedging:  12%|#2        | 12023/97783 [06:21<43:18, 33.01pos/s]hedging:  12%|#2        | 12027/97783 [06:21<43:01, 33.22pos/s]hedging:  12%|#2        | 12031/97783 [06:22<42:03, 33.98pos/s]hedging:  12%|#2        | 12035/97783 [06:22<41:19, 34.58pos/s]hedging:  12%|#2        | 12039/97783 [06:22<40:37, 35.18pos/s]hedging:  12%|#2        | 12043/97783 [06:22<41:08, 34.73pos/s]hedging:  12%|#2        | 12047/97783 [06:22<40:22, 35.39pos/s]hedging:  12%|#2        | 12051/97783 [06:22<39:40, 36.02pos/s]hedging:  12%|#2        | 12055/97783 [06:22<41:15, 34.63pos/s]hedging:  12%|#2        | 12059/97783 [06:22<42:41, 33.47pos/s]hedging:  12%|#2        | 12063/97783 [06:22<42:01, 34.00pos/s]hedging:  12%|#2        | 12067/97783 [06:23<47:40, 29.97pos/s]hedging:  12%|#2        | 12071/97783 [06:23<46:39, 30.61pos/s]hedging:  12%|#2        | 12075/97783 [06:23<46:07, 30.96pos/s]hedging:  12%|#2        | 12079/97783 [06:23<46:32, 30.69pos/s]hedging:  12%|#2        | 12083/97783 [06:23<44:26, 32.14pos/s]hedging:  12%|#2        | 12087/97783 [06:23<42:30, 33.60pos/s]hedging:  12%|#2        | 12091/97783 [06:23<40:59, 34.84pos/s]hedging:  12%|#2        | 12096/97783 [06:23<38:40, 36.93pos/s]hedging:  12%|#2        | 12100/97783 [06:24<37:59, 37.59pos/s]hedging:  12%|#2        | 12104/97783 [06:24<41:43, 34.23pos/s]hedging:  12%|#2        | 12108/97783 [06:24<45:02, 31.70pos/s]hedging:  12%|#2        | 12112/97783 [06:24<43:03, 33.16pos/s]hedging:  12%|#2        | 12116/97783 [06:24<41:36, 34.31pos/s]hedging:  12%|#2        | 12120/97783 [06:24<41:03, 34.77pos/s]hedging:  12%|#2        | 12124/97783 [06:24<43:30, 32.82pos/s]hedging:  12%|#2        | 12128/97783 [06:24<43:19, 32.95pos/s]hedging:  12%|#2        | 12132/97783 [06:25<41:25, 34.46pos/s]hedging:  12%|#2        | 12137/97783 [06:25<39:07, 36.48pos/s]hedging:  12%|#2        | 12141/97783 [06:25<41:23, 34.48pos/s]hedging:  12%|#2        | 12145/97783 [06:25<40:23, 35.34pos/s]hedging:  12%|#2        | 12149/97783 [06:25<39:05, 36.51pos/s]hedging:  12%|#2        | 12154/97783 [06:25<38:36, 36.96pos/s]hedging:  12%|#2        | 12158/97783 [06:25<39:51, 35.80pos/s]hedging:  12%|#2        | 12162/97783 [06:25<40:42, 35.06pos/s]hedging:  12%|#2        | 12166/97783 [06:25<40:25, 35.31pos/s]hedging:  12%|#2        | 12170/97783 [06:26<40:27, 35.27pos/s]hedging:  12%|#2        | 12174/97783 [06:26<41:01, 34.78pos/s]hedging:  12%|#2        | 12178/97783 [06:26<41:08, 34.68pos/s]hedging:  12%|#2        | 12182/97783 [06:26<41:23, 34.47pos/s]hedging:  12%|#2        | 12186/97783 [06:26<40:55, 34.86pos/s]hedging:  12%|#2        | 12190/97783 [06:26<40:44, 35.01pos/s]hedging:  12%|#2        | 12194/97783 [06:26<39:34, 36.04pos/s]hedging:  12%|#2        | 12198/97783 [06:26<38:53, 36.68pos/s]hedging:  12%|#2        | 12202/97783 [06:27<41:02, 34.75pos/s]hedging:  12%|#2        | 12206/97783 [06:27<42:17, 33.73pos/s]hedging:  12%|#2        | 12210/97783 [06:27<43:16, 32.96pos/s]hedging:  12%|#2        | 12214/97783 [06:27<42:22, 33.65pos/s]hedging:  12%|#2        | 12218/97783 [06:27<41:38, 34.25pos/s]hedging:  12%|#2        | 12222/97783 [06:27<44:07, 32.32pos/s]hedging:  13%|#2        | 12226/97783 [06:27<43:43, 32.61pos/s]hedging:  13%|#2        | 12230/97783 [06:27<44:04, 32.35pos/s]hedging:  13%|#2        | 12234/97783 [06:28<45:01, 31.67pos/s]hedging:  13%|#2        | 12238/97783 [06:28<45:17, 31.47pos/s]hedging:  13%|#2        | 12242/97783 [06:28<45:01, 31.67pos/s]hedging:  13%|#2        | 12246/97783 [06:28<44:41, 31.89pos/s]hedging:  13%|#2        | 12250/97783 [06:28<44:14, 32.22pos/s]hedging:  13%|#2        | 12254/97783 [06:28<43:33, 32.73pos/s]hedging:  13%|#2        | 12258/97783 [06:28<42:56, 33.20pos/s]hedging:  13%|#2        | 12262/97783 [06:28<41:09, 34.63pos/s]hedging:  13%|#2        | 12266/97783 [06:28<39:39, 35.94pos/s]hedging:  13%|#2        | 12270/97783 [06:29<38:58, 36.57pos/s]hedging:  13%|#2        | 12274/97783 [06:29<38:30, 37.01pos/s]hedging:  13%|#2        | 12278/97783 [06:29<39:36, 35.98pos/s]hedging:  13%|#2        | 12282/97783 [06:29<40:32, 35.15pos/s]hedging:  13%|#2        | 12286/97783 [06:29<41:00, 34.74pos/s]hedging:  13%|#2        | 12290/97783 [06:29<42:15, 33.72pos/s]hedging:  13%|#2        | 12294/97783 [06:29<41:31, 34.31pos/s]hedging:  13%|#2        | 12298/97783 [06:29<39:57, 35.65pos/s]hedging:  13%|#2        | 12302/97783 [06:29<39:06, 36.43pos/s]hedging:  13%|#2        | 12307/97783 [06:30<37:29, 38.01pos/s]hedging:  13%|#2        | 12311/97783 [06:30<39:11, 36.34pos/s]hedging:  13%|#2        | 12315/97783 [06:30<39:57, 35.65pos/s]hedging:  13%|#2        | 12319/97783 [06:30<39:48, 35.78pos/s]hedging:  13%|#2        | 12323/97783 [06:30<38:38, 36.86pos/s]hedging:  13%|#2        | 12327/97783 [06:30<39:04, 36.44pos/s]hedging:  13%|#2        | 12331/97783 [06:30<39:00, 36.51pos/s]hedging:  13%|#2        | 12335/97783 [06:30<39:16, 36.26pos/s]hedging:  13%|#2        | 12339/97783 [06:30<40:59, 34.74pos/s]hedging:  13%|#2        | 12343/97783 [06:31<41:56, 33.96pos/s]hedging:  13%|#2        | 12347/97783 [06:31<42:12, 33.74pos/s]hedging:  13%|#2        | 12351/97783 [06:31<43:57, 32.40pos/s]hedging:  13%|#2        | 12355/97783 [06:31<43:36, 32.65pos/s]hedging:  13%|#2        | 12359/97783 [06:31<42:08, 33.78pos/s]hedging:  13%|#2        | 12363/97783 [06:31<42:23, 33.59pos/s]hedging:  13%|#2        | 12367/97783 [06:31<40:35, 35.07pos/s]hedging:  13%|#2        | 12371/97783 [06:31<42:37, 33.39pos/s]hedging:  13%|#2        | 12375/97783 [06:32<43:54, 32.42pos/s]hedging:  13%|#2        | 12379/97783 [06:32<43:59, 32.36pos/s]hedging:  13%|#2        | 12383/97783 [06:32<44:12, 32.20pos/s]hedging:  13%|#2        | 12387/97783 [06:32<43:39, 32.60pos/s]hedging:  13%|#2        | 12391/97783 [06:32<43:59, 32.35pos/s]hedging:  13%|#2        | 12395/97783 [06:32<45:54, 31.00pos/s]hedging:  13%|#2        | 12399/97783 [06:32<45:55, 30.99pos/s]hedging:  13%|#2        | 12403/97783 [06:32<44:19, 32.10pos/s]hedging:  13%|#2        | 12407/97783 [06:33<43:27, 32.74pos/s]hedging:  13%|#2        | 12411/97783 [06:33<44:06, 32.26pos/s]hedging:  13%|#2        | 12415/97783 [06:33<42:28, 33.50pos/s]hedging:  13%|#2        | 12419/97783 [06:33<41:53, 33.96pos/s]hedging:  13%|#2        | 12423/97783 [06:33<41:38, 34.16pos/s]hedging:  13%|#2        | 12427/97783 [06:33<41:05, 34.62pos/s]hedging:  13%|#2        | 12431/97783 [06:33<42:24, 33.54pos/s]hedging:  13%|#2        | 12435/97783 [06:33<43:37, 32.61pos/s]hedging:  13%|#2        | 12439/97783 [06:34<44:04, 32.27pos/s]hedging:  13%|#2        | 12443/97783 [06:34<42:55, 33.14pos/s]hedging:  13%|#2        | 12447/97783 [06:34<42:37, 33.37pos/s]hedging:  13%|#2        | 12451/97783 [06:34<44:21, 32.06pos/s]hedging:  13%|#2        | 12455/97783 [06:34<44:51, 31.70pos/s]hedging:  13%|#2        | 12459/97783 [06:34<45:08, 31.50pos/s]hedging:  13%|#2        | 12463/97783 [06:34<44:25, 32.01pos/s]hedging:  13%|#2        | 12467/97783 [06:34<42:54, 33.14pos/s]hedging:  13%|#2        | 12471/97783 [06:35<42:35, 33.39pos/s]hedging:  13%|#2        | 12475/97783 [06:35<43:37, 32.60pos/s]hedging:  13%|#2        | 12479/97783 [06:35<41:49, 33.99pos/s]hedging:  13%|#2        | 12483/97783 [06:35<42:26, 33.49pos/s]hedging:  13%|#2        | 12487/97783 [06:35<45:23, 31.31pos/s]hedging:  13%|#2        | 12491/97783 [06:35<44:22, 32.03pos/s]hedging:  13%|#2        | 12495/97783 [06:35<43:26, 32.72pos/s]hedging:  13%|#2        | 12499/97783 [06:35<43:32, 32.64pos/s]hedging:  13%|#2        | 12503/97783 [06:36<44:25, 31.99pos/s]hedging:  13%|#2        | 12507/97783 [06:36<44:33, 31.90pos/s]hedging:  13%|#2        | 12511/97783 [06:36<43:51, 32.40pos/s]hedging:  13%|#2        | 12515/97783 [06:36<42:55, 33.11pos/s]hedging:  13%|#2        | 12519/97783 [06:36<41:56, 33.88pos/s]hedging:  13%|#2        | 12523/97783 [06:36<42:19, 33.58pos/s]hedging:  13%|#2        | 12527/97783 [06:36<42:38, 33.32pos/s]hedging:  13%|#2        | 12531/97783 [06:36<42:24, 33.51pos/s]hedging:  13%|#2        | 12535/97783 [06:36<43:20, 32.78pos/s]hedging:  13%|#2        | 12539/97783 [06:37<41:46, 34.02pos/s]hedging:  13%|#2        | 12543/97783 [06:37<41:02, 34.62pos/s]hedging:  13%|#2        | 12547/97783 [06:37<42:08, 33.71pos/s]hedging:  13%|#2        | 12551/97783 [06:37<40:50, 34.78pos/s]hedging:  13%|#2        | 12555/97783 [06:37<39:22, 36.07pos/s]hedging:  13%|#2        | 12559/97783 [06:37<39:02, 36.38pos/s]hedging:  13%|#2        | 12564/97783 [06:37<37:45, 37.62pos/s]hedging:  13%|#2        | 12568/97783 [06:37<37:21, 38.01pos/s]hedging:  13%|#2        | 12572/97783 [06:38<40:26, 35.11pos/s]hedging:  13%|#2        | 12576/97783 [06:38<47:36, 29.83pos/s]hedging:  13%|#2        | 12580/97783 [06:38<53:44, 26.42pos/s]hedging:  13%|#2        | 12583/97783 [06:38<55:09, 25.74pos/s]hedging:  13%|#2        | 12586/97783 [06:38<59:26, 23.89pos/s]hedging:  13%|#2        | 12589/97783 [06:38<57:02, 24.89pos/s]hedging:  13%|#2        | 12593/97783 [06:38<53:25, 26.58pos/s]hedging:  13%|#2        | 12598/97783 [06:39<46:22, 30.61pos/s]hedging:  13%|#2        | 12603/97783 [06:39<42:37, 33.31pos/s]hedging:  13%|#2        | 12607/97783 [06:39<41:09, 34.49pos/s]hedging:  13%|#2        | 12611/97783 [06:39<42:08, 33.68pos/s]hedging:  13%|#2        | 12615/97783 [06:39<43:17, 32.78pos/s]hedging:  13%|#2        | 12619/97783 [06:39<43:13, 32.84pos/s]hedging:  13%|#2        | 12623/97783 [06:39<43:10, 32.87pos/s]hedging:  13%|#2        | 12627/97783 [06:39<42:16, 33.58pos/s]hedging:  13%|#2        | 12631/97783 [06:39<41:57, 33.83pos/s]hedging:  13%|#2        | 12635/97783 [06:40<42:44, 33.20pos/s]hedging:  13%|#2        | 12639/97783 [06:40<44:16, 32.05pos/s]hedging:  13%|#2        | 12643/97783 [06:40<45:54, 30.91pos/s]hedging:  13%|#2        | 12647/97783 [06:40<45:39, 31.08pos/s]hedging:  13%|#2        | 12651/97783 [06:40<51:54, 27.33pos/s]hedging:  13%|#2        | 12654/97783 [06:40<51:23, 27.61pos/s]hedging:  13%|#2        | 12658/97783 [06:40<47:14, 30.04pos/s]hedging:  13%|#2        | 12662/97783 [06:41<44:01, 32.22pos/s]hedging:  13%|#2        | 12666/97783 [06:41<43:05, 32.92pos/s]hedging:  13%|#2        | 12670/97783 [06:41<42:31, 33.36pos/s]hedging:  13%|#2        | 12675/97783 [06:41<40:15, 35.23pos/s]hedging:  13%|#2        | 12680/97783 [06:41<38:23, 36.94pos/s]hedging:  13%|#2        | 12685/97783 [06:41<37:36, 37.71pos/s]hedging:  13%|#2        | 12689/97783 [06:41<37:06, 38.22pos/s]hedging:  13%|#2        | 12694/97783 [06:41<36:16, 39.10pos/s]hedging:  13%|#2        | 12698/97783 [06:41<39:00, 36.35pos/s]hedging:  13%|#2        | 12702/97783 [06:42<47:13, 30.03pos/s]hedging:  13%|#2        | 12706/97783 [06:42<52:21, 27.08pos/s]hedging:  13%|#2        | 12709/97783 [06:42<51:27, 27.55pos/s]hedging:  13%|#3        | 12712/97783 [06:42<55:43, 25.44pos/s]hedging:  13%|#3        | 12715/97783 [06:42<59:09, 23.96pos/s]hedging:  13%|#3        | 12718/97783 [06:42<59:15, 23.92pos/s]hedging:  13%|#3        | 12721/97783 [06:43<1:01:01, 23.23pos/s]hedging:  13%|#3        | 12724/97783 [06:43<1:03:05, 22.47pos/s]hedging:  13%|#3        | 12728/97783 [06:43<53:51, 26.32pos/s]  hedging:  13%|#3        | 12732/97783 [06:43<48:06, 29.47pos/s]hedging:  13%|#3        | 12736/97783 [06:43<49:34, 28.59pos/s]hedging:  13%|#3        | 12740/97783 [06:43<46:01, 30.79pos/s]hedging:  13%|#3        | 12744/97783 [06:43<43:27, 32.62pos/s]hedging:  13%|#3        | 12749/97783 [06:43<41:38, 34.04pos/s]hedging:  13%|#3        | 12753/97783 [06:43<43:22, 32.67pos/s]hedging:  13%|#3        | 12757/97783 [06:44<43:19, 32.71pos/s]hedging:  13%|#3        | 12761/97783 [06:44<41:10, 34.41pos/s]hedging:  13%|#3        | 12765/97783 [06:44<43:15, 32.75pos/s]hedging:  13%|#3        | 12769/97783 [06:44<49:07, 28.84pos/s]hedging:  13%|#3        | 12773/97783 [06:44<51:56, 27.27pos/s]hedging:  13%|#3        | 12776/97783 [06:44<54:46, 25.87pos/s]hedging:  13%|#3        | 12779/97783 [06:44<54:01, 26.22pos/s]hedging:  13%|#3        | 12782/97783 [06:45<56:25, 25.11pos/s]hedging:  13%|#3        | 12786/97783 [06:45<50:43, 27.93pos/s]hedging:  13%|#3        | 12789/97783 [06:45<54:35, 25.95pos/s]hedging:  13%|#3        | 12792/97783 [06:45<57:08, 24.79pos/s]hedging:  13%|#3        | 12795/97783 [06:45<1:00:17, 23.49pos/s]hedging:  13%|#3        | 12798/97783 [06:45<57:11, 24.77pos/s]  hedging:  13%|#3        | 12801/97783 [06:45<54:42, 25.89pos/s]hedging:  13%|#3        | 12804/97783 [06:45<52:39, 26.90pos/s]hedging:  13%|#3        | 12808/97783 [06:46<49:52, 28.39pos/s]hedging:  13%|#3        | 12812/97783 [06:46<45:34, 31.07pos/s]hedging:  13%|#3        | 12816/97783 [06:46<43:58, 32.20pos/s]hedging:  13%|#3        | 12820/97783 [06:46<45:00, 31.46pos/s]hedging:  13%|#3        | 12824/97783 [06:46<43:55, 32.24pos/s]hedging:  13%|#3        | 12828/97783 [06:46<44:37, 31.73pos/s]hedging:  13%|#3        | 12832/97783 [06:46<44:06, 32.10pos/s]hedging:  13%|#3        | 12836/97783 [06:46<45:18, 31.24pos/s]hedging:  13%|#3        | 12840/97783 [06:47<43:51, 32.28pos/s]hedging:  13%|#3        | 12844/97783 [06:47<42:09, 33.58pos/s]hedging:  13%|#3        | 12848/97783 [06:47<44:17, 31.97pos/s]hedging:  13%|#3        | 12852/97783 [06:47<42:31, 33.29pos/s]hedging:  13%|#3        | 12856/97783 [06:47<41:31, 34.09pos/s]hedging:  13%|#3        | 12860/97783 [06:47<40:54, 34.60pos/s]hedging:  13%|#3        | 12864/97783 [06:47<43:30, 32.53pos/s]hedging:  13%|#3        | 12868/97783 [06:47<46:03, 30.72pos/s]hedging:  13%|#3        | 12872/97783 [06:48<48:36, 29.11pos/s]hedging:  13%|#3        | 12875/97783 [06:48<49:59, 28.31pos/s]hedging:  13%|#3        | 12879/97783 [06:48<47:07, 30.03pos/s]hedging:  13%|#3        | 12883/97783 [06:48<45:35, 31.04pos/s]hedging:  13%|#3        | 12887/97783 [06:48<45:59, 30.76pos/s]hedging:  13%|#3        | 12891/97783 [06:48<45:04, 31.39pos/s]hedging:  13%|#3        | 12895/97783 [06:48<45:21, 31.19pos/s]hedging:  13%|#3        | 12899/97783 [06:48<44:11, 32.02pos/s]hedging:  13%|#3        | 12903/97783 [06:48<42:45, 33.08pos/s]hedging:  13%|#3        | 12907/97783 [06:49<42:38, 33.17pos/s]hedging:  13%|#3        | 12911/97783 [06:49<42:02, 33.65pos/s]hedging:  13%|#3        | 12915/97783 [06:49<43:22, 32.61pos/s]hedging:  13%|#3        | 12919/97783 [06:49<44:14, 31.96pos/s]hedging:  13%|#3        | 12923/97783 [06:49<43:29, 32.52pos/s]hedging:  13%|#3        | 12927/97783 [06:49<42:15, 33.47pos/s]hedging:  13%|#3        | 12931/97783 [06:49<43:43, 32.34pos/s]hedging:  13%|#3        | 12935/97783 [06:49<43:54, 32.21pos/s]hedging:  13%|#3        | 12939/97783 [06:50<44:44, 31.60pos/s]hedging:  13%|#3        | 12943/97783 [06:50<44:06, 32.05pos/s]hedging:  13%|#3        | 12947/97783 [06:50<43:12, 32.72pos/s]hedging:  13%|#3        | 12951/97783 [06:50<41:31, 34.04pos/s]hedging:  13%|#3        | 12955/97783 [06:50<41:14, 34.28pos/s]hedging:  13%|#3        | 12959/97783 [06:50<42:44, 33.08pos/s]hedging:  13%|#3        | 12963/97783 [06:50<46:55, 30.13pos/s]hedging:  13%|#3        | 12967/97783 [06:50<45:55, 30.78pos/s]hedging:  13%|#3        | 12971/97783 [06:51<43:52, 32.21pos/s]hedging:  13%|#3        | 12975/97783 [06:51<43:50, 32.24pos/s]hedging:  13%|#3        | 12979/97783 [06:51<42:52, 32.96pos/s]hedging:  13%|#3        | 12983/97783 [06:51<41:21, 34.17pos/s]hedging:  13%|#3        | 12987/97783 [06:51<39:50, 35.47pos/s]hedging:  13%|#3        | 12991/97783 [06:51<40:57, 34.50pos/s]hedging:  13%|#3        | 12995/97783 [06:51<42:02, 33.61pos/s]hedging:  13%|#3        | 12999/97783 [06:51<42:52, 32.95pos/s]hedging:  13%|#3        | 13003/97783 [06:52<48:47, 28.96pos/s]hedging:  13%|#3        | 13007/97783 [06:52<47:27, 29.77pos/s]hedging:  13%|#3        | 13011/97783 [06:52<45:39, 30.94pos/s]hedging:  13%|#3        | 13015/97783 [06:52<43:59, 32.11pos/s]hedging:  13%|#3        | 13019/97783 [06:52<42:15, 33.43pos/s]hedging:  13%|#3        | 13023/97783 [06:52<40:46, 34.64pos/s]hedging:  13%|#3        | 13027/97783 [06:52<41:49, 33.77pos/s]hedging:  13%|#3        | 13031/97783 [06:52<42:35, 33.16pos/s]hedging:  13%|#3        | 13035/97783 [06:53<41:55, 33.69pos/s]hedging:  13%|#3        | 13039/97783 [06:53<41:48, 33.79pos/s]hedging:  13%|#3        | 13043/97783 [06:53<41:10, 34.30pos/s]hedging:  13%|#3        | 13047/97783 [06:53<41:26, 34.08pos/s]hedging:  13%|#3        | 13051/97783 [06:53<42:13, 33.45pos/s]hedging:  13%|#3        | 13055/97783 [06:53<43:02, 32.81pos/s]hedging:  13%|#3        | 13059/97783 [06:53<42:30, 33.21pos/s]hedging:  13%|#3        | 13063/97783 [06:53<43:50, 32.21pos/s]hedging:  13%|#3        | 13067/97783 [06:53<43:00, 32.83pos/s]hedging:  13%|#3        | 13071/97783 [06:54<42:12, 33.45pos/s]hedging:  13%|#3        | 13075/97783 [06:54<42:04, 33.55pos/s]hedging:  13%|#3        | 13079/97783 [06:54<42:16, 33.39pos/s]hedging:  13%|#3        | 13083/97783 [06:54<41:04, 34.37pos/s]hedging:  13%|#3        | 13087/97783 [06:54<41:10, 34.28pos/s]hedging:  13%|#3        | 13091/97783 [06:54<40:40, 34.71pos/s]hedging:  13%|#3        | 13095/97783 [06:54<43:51, 32.18pos/s]hedging:  13%|#3        | 13099/97783 [06:54<43:47, 32.23pos/s]hedging:  13%|#3        | 13103/97783 [06:55<42:26, 33.26pos/s]hedging:  13%|#3        | 13107/97783 [06:55<42:30, 33.20pos/s]hedging:  13%|#3        | 13111/97783 [06:55<40:36, 34.75pos/s]hedging:  13%|#3        | 13115/97783 [06:55<40:36, 34.75pos/s]hedging:  13%|#3        | 13119/97783 [06:55<44:12, 31.92pos/s]hedging:  13%|#3        | 13123/97783 [06:55<44:09, 31.95pos/s]hedging:  13%|#3        | 13127/97783 [06:55<44:24, 31.77pos/s]hedging:  13%|#3        | 13131/97783 [06:55<44:30, 31.70pos/s]hedging:  13%|#3        | 13135/97783 [06:56<44:47, 31.50pos/s]hedging:  13%|#3        | 13139/97783 [06:56<44:21, 31.80pos/s]hedging:  13%|#3        | 13143/97783 [06:56<45:36, 30.93pos/s]hedging:  13%|#3        | 13147/97783 [06:56<45:24, 31.07pos/s]hedging:  13%|#3        | 13151/97783 [06:56<45:02, 31.31pos/s]hedging:  13%|#3        | 13155/97783 [06:56<45:16, 31.15pos/s]hedging:  13%|#3        | 13159/97783 [06:56<45:27, 31.02pos/s]hedging:  13%|#3        | 13163/97783 [06:56<45:03, 31.30pos/s]hedging:  13%|#3        | 13167/97783 [06:57<45:18, 31.12pos/s]hedging:  13%|#3        | 13171/97783 [06:57<44:53, 31.42pos/s]hedging:  13%|#3        | 13175/97783 [06:57<44:36, 31.62pos/s]hedging:  13%|#3        | 13179/97783 [06:57<44:26, 31.73pos/s]hedging:  13%|#3        | 13183/97783 [06:57<44:49, 31.45pos/s]hedging:  13%|#3        | 13187/97783 [06:57<43:45, 32.22pos/s]hedging:  13%|#3        | 13191/97783 [06:57<46:53, 30.07pos/s]hedging:  13%|#3        | 13195/97783 [06:57<45:46, 30.80pos/s]hedging:  13%|#3        | 13199/97783 [06:58<46:46, 30.14pos/s]hedging:  14%|#3        | 13203/97783 [06:58<46:54, 30.05pos/s]hedging:  14%|#3        | 13207/97783 [06:58<43:33, 32.37pos/s]hedging:  14%|#3        | 13211/97783 [06:58<45:31, 30.97pos/s]hedging:  14%|#3        | 13215/97783 [06:58<45:00, 31.31pos/s]hedging:  14%|#3        | 13220/97783 [06:58<41:36, 33.87pos/s]hedging:  14%|#3        | 13224/97783 [06:58<41:59, 33.56pos/s]hedging:  14%|#3        | 13228/97783 [06:59<44:07, 31.93pos/s]hedging:  14%|#3        | 13232/97783 [06:59<43:37, 32.30pos/s]hedging:  14%|#3        | 13236/97783 [06:59<44:26, 31.70pos/s]hedging:  14%|#3        | 13240/97783 [06:59<44:23, 31.75pos/s]hedging:  14%|#3        | 13244/97783 [06:59<44:35, 31.60pos/s]hedging:  14%|#3        | 13248/97783 [06:59<45:26, 31.00pos/s]hedging:  14%|#3        | 13252/97783 [06:59<47:34, 29.61pos/s]hedging:  14%|#3        | 13256/97783 [06:59<47:19, 29.77pos/s]hedging:  14%|#3        | 13260/97783 [07:00<46:10, 30.50pos/s]hedging:  14%|#3        | 13264/97783 [07:00<45:29, 30.97pos/s]hedging:  14%|#3        | 13268/97783 [07:00<44:51, 31.41pos/s]hedging:  14%|#3        | 13272/97783 [07:00<44:31, 31.63pos/s]hedging:  14%|#3        | 13276/97783 [07:00<43:46, 32.18pos/s]hedging:  14%|#3        | 13280/97783 [07:00<42:05, 33.46pos/s]hedging:  14%|#3        | 13284/97783 [07:00<41:03, 34.29pos/s]hedging:  14%|#3        | 13288/97783 [07:00<40:31, 34.75pos/s]hedging:  14%|#3        | 13292/97783 [07:00<39:42, 35.46pos/s]hedging:  14%|#3        | 13296/97783 [07:01<42:46, 32.92pos/s]hedging:  14%|#3        | 13300/97783 [07:01<42:42, 32.97pos/s]hedging:  14%|#3        | 13304/97783 [07:01<45:07, 31.21pos/s]hedging:  14%|#3        | 13308/97783 [07:01<42:59, 32.75pos/s]hedging:  14%|#3        | 13312/97783 [07:01<41:43, 33.74pos/s]hedging:  14%|#3        | 13316/97783 [07:01<39:48, 35.36pos/s]hedging:  14%|#3        | 13320/97783 [07:01<40:53, 34.43pos/s]hedging:  14%|#3        | 13324/97783 [07:02<48:35, 28.97pos/s]hedging:  14%|#3        | 13328/97783 [07:02<54:10, 25.98pos/s]hedging:  14%|#3        | 13332/97783 [07:02<53:20, 26.39pos/s]hedging:  14%|#3        | 13335/97783 [07:02<52:46, 26.67pos/s]hedging:  14%|#3        | 13338/97783 [07:02<57:12, 24.60pos/s]hedging:  14%|#3        | 13341/97783 [07:02<58:09, 24.20pos/s]hedging:  14%|#3        | 13344/97783 [07:02<59:53, 23.50pos/s]hedging:  14%|#3        | 13347/97783 [07:02<56:43, 24.81pos/s]hedging:  14%|#3        | 13351/97783 [07:03<49:32, 28.41pos/s]hedging:  14%|#3        | 13356/97783 [07:03<44:00, 31.97pos/s]hedging:  14%|#3        | 13360/97783 [07:03<41:22, 34.01pos/s]hedging:  14%|#3        | 13364/97783 [07:03<44:52, 31.35pos/s]hedging:  14%|#3        | 13368/97783 [07:03<48:26, 29.04pos/s]hedging:  14%|#3        | 13372/97783 [07:03<49:09, 28.62pos/s]hedging:  14%|#3        | 13376/97783 [07:03<45:11, 31.12pos/s]hedging:  14%|#3        | 13380/97783 [07:03<42:42, 32.93pos/s]hedging:  14%|#3        | 13384/97783 [07:04<40:29, 34.74pos/s]hedging:  14%|#3        | 13388/97783 [07:04<41:57, 33.52pos/s]hedging:  14%|#3        | 13392/97783 [07:04<45:25, 30.97pos/s]hedging:  14%|#3        | 13396/97783 [07:04<43:26, 32.37pos/s]hedging:  14%|#3        | 13400/97783 [07:04<41:04, 34.24pos/s]hedging:  14%|#3        | 13404/97783 [07:04<39:57, 35.20pos/s]hedging:  14%|#3        | 13408/97783 [07:04<38:47, 36.25pos/s]hedging:  14%|#3        | 13412/97783 [07:04<38:01, 36.98pos/s]hedging:  14%|#3        | 13416/97783 [07:05<40:32, 34.68pos/s]hedging:  14%|#3        | 13420/97783 [07:05<45:17, 31.04pos/s]hedging:  14%|#3        | 13424/97783 [07:05<51:32, 27.28pos/s]hedging:  14%|#3        | 13427/97783 [07:05<53:56, 26.06pos/s]hedging:  14%|#3        | 13430/97783 [07:05<57:25, 24.49pos/s]hedging:  14%|#3        | 13433/97783 [07:05<57:26, 24.47pos/s]hedging:  14%|#3        | 13436/97783 [07:05<1:00:52, 23.10pos/s]hedging:  14%|#3        | 13440/97783 [07:06<55:20, 25.40pos/s]  hedging:  14%|#3        | 13443/97783 [07:06<54:09, 25.95pos/s]hedging:  14%|#3        | 13446/97783 [07:06<52:10, 26.94pos/s]hedging:  14%|#3        | 13450/97783 [07:06<47:35, 29.54pos/s]hedging:  14%|#3        | 13454/97783 [07:06<44:14, 31.77pos/s]hedging:  14%|#3        | 13458/97783 [07:06<44:15, 31.76pos/s]hedging:  14%|#3        | 13462/97783 [07:06<44:31, 31.56pos/s]hedging:  14%|#3        | 13466/97783 [07:06<43:15, 32.49pos/s]hedging:  14%|#3        | 13470/97783 [07:06<42:39, 32.94pos/s]hedging:  14%|#3        | 13474/97783 [07:07<49:38, 28.31pos/s]hedging:  14%|#3        | 13477/97783 [07:07<49:41, 28.28pos/s]hedging:  14%|#3        | 13482/97783 [07:07<43:53, 32.01pos/s]hedging:  14%|#3        | 13486/97783 [07:07<41:51, 33.57pos/s]hedging:  14%|#3        | 13490/97783 [07:07<43:06, 32.59pos/s]hedging:  14%|#3        | 13494/97783 [07:07<44:00, 31.92pos/s]hedging:  14%|#3        | 13498/97783 [07:07<43:21, 32.40pos/s]hedging:  14%|#3        | 13502/97783 [07:07<43:10, 32.54pos/s]hedging:  14%|#3        | 13506/97783 [07:08<42:49, 32.79pos/s]hedging:  14%|#3        | 13510/97783 [07:08<41:38, 33.73pos/s]hedging:  14%|#3        | 13514/97783 [07:08<42:21, 33.16pos/s]hedging:  14%|#3        | 13518/97783 [07:08<42:53, 32.75pos/s]hedging:  14%|#3        | 13522/97783 [07:08<41:06, 34.16pos/s]hedging:  14%|#3        | 13526/97783 [07:08<40:47, 34.42pos/s]hedging:  14%|#3        | 13530/97783 [07:08<39:43, 35.35pos/s]hedging:  14%|#3        | 13534/97783 [07:08<45:02, 31.17pos/s]hedging:  14%|#3        | 13538/97783 [07:09<44:17, 31.70pos/s]hedging:  14%|#3        | 13542/97783 [07:09<42:23, 33.12pos/s]hedging:  14%|#3        | 13546/97783 [07:09<41:19, 33.97pos/s]hedging:  14%|#3        | 13550/97783 [07:09<41:09, 34.12pos/s]hedging:  14%|#3        | 13554/97783 [07:09<41:48, 33.58pos/s]hedging:  14%|#3        | 13558/97783 [07:09<40:51, 34.36pos/s]hedging:  14%|#3        | 13562/97783 [07:09<40:30, 34.64pos/s]hedging:  14%|#3        | 13566/97783 [07:09<41:31, 33.80pos/s]hedging:  14%|#3        | 13570/97783 [07:10<41:11, 34.07pos/s]hedging:  14%|#3        | 13574/97783 [07:10<41:29, 33.82pos/s]hedging:  14%|#3        | 13578/97783 [07:10<39:36, 35.43pos/s]hedging:  14%|#3        | 13582/97783 [07:10<39:43, 35.33pos/s]hedging:  14%|#3        | 13586/97783 [07:10<38:33, 36.40pos/s]hedging:  14%|#3        | 13590/97783 [07:10<39:14, 35.76pos/s]hedging:  14%|#3        | 13594/97783 [07:10<40:19, 34.80pos/s]hedging:  14%|#3        | 13598/97783 [07:10<38:48, 36.16pos/s]hedging:  14%|#3        | 13602/97783 [07:10<39:43, 35.33pos/s]hedging:  14%|#3        | 13606/97783 [07:11<41:06, 34.13pos/s]hedging:  14%|#3        | 13610/97783 [07:11<41:45, 33.59pos/s]hedging:  14%|#3        | 13614/97783 [07:11<40:40, 34.48pos/s]hedging:  14%|#3        | 13618/97783 [07:11<39:53, 35.16pos/s]hedging:  14%|#3        | 13622/97783 [07:11<41:17, 33.97pos/s]hedging:  14%|#3        | 13626/97783 [07:11<43:03, 32.58pos/s]hedging:  14%|#3        | 13630/97783 [07:11<42:53, 32.69pos/s]hedging:  14%|#3        | 13634/97783 [07:11<40:56, 34.25pos/s]hedging:  14%|#3        | 13638/97783 [07:11<41:18, 33.95pos/s]hedging:  14%|#3        | 13642/97783 [07:12<42:43, 32.83pos/s]hedging:  14%|#3        | 13646/97783 [07:12<41:02, 34.16pos/s]hedging:  14%|#3        | 13650/97783 [07:12<42:08, 33.27pos/s]hedging:  14%|#3        | 13654/97783 [07:12<41:58, 33.40pos/s]hedging:  14%|#3        | 13658/97783 [07:12<42:23, 33.07pos/s]hedging:  14%|#3        | 13662/97783 [07:12<40:54, 34.27pos/s]hedging:  14%|#3        | 13666/97783 [07:12<41:05, 34.12pos/s]hedging:  14%|#3        | 13670/97783 [07:12<42:15, 33.18pos/s]hedging:  14%|#3        | 13674/97783 [07:13<41:52, 33.48pos/s]hedging:  14%|#3        | 13678/97783 [07:13<45:12, 31.00pos/s]hedging:  14%|#3        | 13682/97783 [07:13<46:21, 30.23pos/s]hedging:  14%|#3        | 13686/97783 [07:13<44:34, 31.45pos/s]hedging:  14%|#4        | 13690/97783 [07:13<43:48, 31.99pos/s]hedging:  14%|#4        | 13694/97783 [07:13<45:15, 30.96pos/s]hedging:  14%|#4        | 13698/97783 [07:13<44:36, 31.42pos/s]hedging:  14%|#4        | 13702/97783 [07:13<43:09, 32.47pos/s]hedging:  14%|#4        | 13706/97783 [07:14<41:31, 33.74pos/s]hedging:  14%|#4        | 13710/97783 [07:14<40:11, 34.86pos/s]hedging:  14%|#4        | 13714/97783 [07:14<44:33, 31.45pos/s]hedging:  14%|#4        | 13718/97783 [07:14<45:56, 30.49pos/s]hedging:  14%|#4        | 13722/97783 [07:14<43:38, 32.10pos/s]hedging:  14%|#4        | 13726/97783 [07:14<42:07, 33.25pos/s]hedging:  14%|#4        | 13730/97783 [07:14<40:32, 34.56pos/s]hedging:  14%|#4        | 13734/97783 [07:14<42:18, 33.11pos/s]hedging:  14%|#4        | 13738/97783 [07:15<46:11, 30.32pos/s]hedging:  14%|#4        | 13742/97783 [07:15<48:23, 28.94pos/s]hedging:  14%|#4        | 13746/97783 [07:15<46:43, 29.98pos/s]hedging:  14%|#4        | 13750/97783 [07:15<47:05, 29.74pos/s]hedging:  14%|#4        | 13754/97783 [07:15<47:52, 29.25pos/s]hedging:  14%|#4        | 13758/97783 [07:15<46:36, 30.04pos/s]hedging:  14%|#4        | 13762/97783 [07:15<47:07, 29.71pos/s]hedging:  14%|#4        | 13766/97783 [07:16<46:28, 30.13pos/s]hedging:  14%|#4        | 13770/97783 [07:16<44:46, 31.28pos/s]hedging:  14%|#4        | 13774/97783 [07:16<42:45, 32.75pos/s]hedging:  14%|#4        | 13778/97783 [07:16<41:37, 33.63pos/s]hedging:  14%|#4        | 13782/97783 [07:16<41:23, 33.83pos/s]hedging:  14%|#4        | 13786/97783 [07:16<40:26, 34.62pos/s]hedging:  14%|#4        | 13790/97783 [07:16<42:06, 33.24pos/s]hedging:  14%|#4        | 13794/97783 [07:16<45:04, 31.05pos/s]hedging:  14%|#4        | 13798/97783 [07:16<44:26, 31.50pos/s]hedging:  14%|#4        | 13802/97783 [07:17<43:55, 31.87pos/s]hedging:  14%|#4        | 13806/97783 [07:17<42:54, 32.62pos/s]hedging:  14%|#4        | 13810/97783 [07:17<41:56, 33.36pos/s]hedging:  14%|#4        | 13814/97783 [07:17<40:35, 34.48pos/s]hedging:  14%|#4        | 13818/97783 [07:17<40:33, 34.50pos/s]hedging:  14%|#4        | 13822/97783 [07:17<43:10, 32.41pos/s]hedging:  14%|#4        | 13826/97783 [07:17<40:55, 34.20pos/s]hedging:  14%|#4        | 13831/97783 [07:17<38:47, 36.08pos/s]hedging:  14%|#4        | 13835/97783 [07:18<38:31, 36.31pos/s]hedging:  14%|#4        | 13839/97783 [07:18<40:42, 34.37pos/s]hedging:  14%|#4        | 13843/97783 [07:18<42:52, 32.63pos/s]hedging:  14%|#4        | 13847/97783 [07:18<47:26, 29.49pos/s]hedging:  14%|#4        | 13851/97783 [07:18<50:46, 27.55pos/s]hedging:  14%|#4        | 13854/97783 [07:18<49:59, 27.98pos/s]hedging:  14%|#4        | 13858/97783 [07:18<48:19, 28.95pos/s]hedging:  14%|#4        | 13862/97783 [07:18<46:44, 29.92pos/s]hedging:  14%|#4        | 13866/97783 [07:19<48:43, 28.70pos/s]hedging:  14%|#4        | 13869/97783 [07:19<51:34, 27.11pos/s]hedging:  14%|#4        | 13872/97783 [07:19<50:28, 27.71pos/s]hedging:  14%|#4        | 13876/97783 [07:19<49:35, 28.20pos/s]hedging:  14%|#4        | 13879/97783 [07:19<48:55, 28.58pos/s]hedging:  14%|#4        | 13883/97783 [07:19<46:58, 29.77pos/s]hedging:  14%|#4        | 13886/97783 [07:19<48:34, 28.79pos/s]hedging:  14%|#4        | 13890/97783 [07:19<44:58, 31.09pos/s]hedging:  14%|#4        | 13894/97783 [07:20<43:52, 31.86pos/s]hedging:  14%|#4        | 13898/97783 [07:20<45:27, 30.75pos/s]hedging:  14%|#4        | 13902/97783 [07:20<43:39, 32.02pos/s]hedging:  14%|#4        | 13906/97783 [07:20<45:20, 30.83pos/s]hedging:  14%|#4        | 13910/97783 [07:20<44:31, 31.40pos/s]hedging:  14%|#4        | 13915/97783 [07:20<41:10, 33.94pos/s]hedging:  14%|#4        | 13919/97783 [07:20<39:51, 35.07pos/s]hedging:  14%|#4        | 13923/97783 [07:20<40:53, 34.17pos/s]hedging:  14%|#4        | 13927/97783 [07:21<39:12, 35.65pos/s]hedging:  14%|#4        | 13931/97783 [07:21<38:36, 36.19pos/s]hedging:  14%|#4        | 13936/97783 [07:21<36:32, 38.24pos/s]hedging:  14%|#4        | 13940/97783 [07:21<36:36, 38.18pos/s]hedging:  14%|#4        | 13944/97783 [07:21<37:01, 37.74pos/s]hedging:  14%|#4        | 13948/97783 [07:21<36:51, 37.90pos/s]hedging:  14%|#4        | 13953/97783 [07:21<35:46, 39.05pos/s]hedging:  14%|#4        | 13957/97783 [07:21<36:11, 38.60pos/s]hedging:  14%|#4        | 13962/97783 [07:21<35:20, 39.53pos/s]hedging:  14%|#4        | 13966/97783 [07:22<36:41, 38.07pos/s]hedging:  14%|#4        | 13970/97783 [07:22<36:11, 38.60pos/s]hedging:  14%|#4        | 13975/97783 [07:22<35:37, 39.21pos/s]hedging:  14%|#4        | 13980/97783 [07:22<35:04, 39.82pos/s]hedging:  14%|#4        | 13984/97783 [07:22<36:04, 38.72pos/s]hedging:  14%|#4        | 13988/97783 [07:22<36:12, 38.57pos/s]hedging:  14%|#4        | 13992/97783 [07:22<35:53, 38.91pos/s]hedging:  14%|#4        | 13997/97783 [07:22<34:52, 40.04pos/s]hedging:  14%|#4        | 14001/97783 [07:22<34:54, 40.00pos/s]hedging:  14%|#4        | 14005/97783 [07:23<35:32, 39.29pos/s]hedging:  14%|#4        | 14009/97783 [07:23<35:50, 38.95pos/s]hedging:  14%|#4        | 14014/97783 [07:23<35:35, 39.23pos/s]hedging:  14%|#4        | 14018/97783 [07:23<35:34, 39.24pos/s]hedging:  14%|#4        | 14022/97783 [07:23<35:43, 39.08pos/s]hedging:  14%|#4        | 14026/97783 [07:23<35:58, 38.81pos/s]hedging:  14%|#4        | 14030/97783 [07:23<36:11, 38.57pos/s]hedging:  14%|#4        | 14035/97783 [07:23<35:29, 39.33pos/s]hedging:  14%|#4        | 14040/97783 [07:23<34:14, 40.76pos/s]hedging:  14%|#4        | 14045/97783 [07:24<34:17, 40.70pos/s]hedging:  14%|#4        | 14050/97783 [07:24<35:12, 39.64pos/s]hedging:  14%|#4        | 14054/97783 [07:24<35:13, 39.62pos/s]hedging:  14%|#4        | 14058/97783 [07:24<35:31, 39.28pos/s]hedging:  14%|#4        | 14062/97783 [07:24<38:09, 36.56pos/s]hedging:  14%|#4        | 14066/97783 [07:24<37:18, 37.39pos/s]hedging:  14%|#4        | 14070/97783 [07:24<37:15, 37.45pos/s]hedging:  14%|#4        | 14074/97783 [07:24<36:53, 37.82pos/s]hedging:  14%|#4        | 14078/97783 [07:24<36:45, 37.96pos/s]hedging:  14%|#4        | 14083/97783 [07:25<36:06, 38.64pos/s]hedging:  14%|#4        | 14087/97783 [07:25<36:19, 38.39pos/s]hedging:  14%|#4        | 14091/97783 [07:25<36:04, 38.66pos/s]hedging:  14%|#4        | 14096/97783 [07:25<35:33, 39.22pos/s]hedging:  14%|#4        | 14100/97783 [07:25<35:58, 38.77pos/s]hedging:  14%|#4        | 14105/97783 [07:25<35:25, 39.36pos/s]hedging:  14%|#4        | 14109/97783 [07:25<36:46, 37.92pos/s]hedging:  14%|#4        | 14113/97783 [07:25<36:39, 38.04pos/s]hedging:  14%|#4        | 14117/97783 [07:25<42:17, 32.97pos/s]hedging:  14%|#4        | 14121/97783 [07:26<42:30, 32.80pos/s]hedging:  14%|#4        | 14125/97783 [07:26<43:08, 32.31pos/s]hedging:  14%|#4        | 14129/97783 [07:26<42:33, 32.76pos/s]hedging:  14%|#4        | 14133/97783 [07:26<41:10, 33.86pos/s]hedging:  14%|#4        | 14137/97783 [07:26<39:58, 34.88pos/s]hedging:  14%|#4        | 14141/97783 [07:26<38:54, 35.82pos/s]hedging:  14%|#4        | 14145/97783 [07:26<38:56, 35.79pos/s]hedging:  14%|#4        | 14149/97783 [07:26<39:44, 35.07pos/s]hedging:  14%|#4        | 14153/97783 [07:27<38:20, 36.35pos/s]hedging:  14%|#4        | 14157/97783 [07:27<38:12, 36.48pos/s]hedging:  14%|#4        | 14162/97783 [07:27<36:50, 37.83pos/s]hedging:  14%|#4        | 14166/97783 [07:27<36:51, 37.82pos/s]hedging:  14%|#4        | 14170/97783 [07:27<36:56, 37.73pos/s]hedging:  14%|#4        | 14174/97783 [07:27<36:48, 37.86pos/s]hedging:  15%|#4        | 14179/97783 [07:27<35:30, 39.25pos/s]hedging:  15%|#4        | 14183/97783 [07:27<37:16, 37.38pos/s]hedging:  15%|#4        | 14187/97783 [07:27<36:37, 38.05pos/s]hedging:  15%|#4        | 14191/97783 [07:28<37:07, 37.53pos/s]hedging:  15%|#4        | 14196/97783 [07:28<36:15, 38.42pos/s]hedging:  15%|#4        | 14200/97783 [07:28<37:34, 37.07pos/s]hedging:  15%|#4        | 14204/97783 [07:28<37:36, 37.04pos/s]hedging:  15%|#4        | 14208/97783 [07:28<37:34, 37.08pos/s]hedging:  15%|#4        | 14212/97783 [07:28<37:15, 37.38pos/s]hedging:  15%|#4        | 14216/97783 [07:28<37:14, 37.40pos/s]hedging:  15%|#4        | 14221/97783 [07:28<35:37, 39.09pos/s]hedging:  15%|#4        | 14225/97783 [07:28<36:06, 38.57pos/s]hedging:  15%|#4        | 14230/97783 [07:29<35:10, 39.59pos/s]hedging:  15%|#4        | 14234/97783 [07:29<35:08, 39.62pos/s]hedging:  15%|#4        | 14238/97783 [07:29<35:21, 39.38pos/s]hedging:  15%|#4        | 14242/97783 [07:29<35:13, 39.53pos/s]hedging:  15%|#4        | 14246/97783 [07:29<35:40, 39.02pos/s]hedging:  15%|#4        | 14250/97783 [07:29<36:04, 38.59pos/s]hedging:  15%|#4        | 14255/97783 [07:29<35:02, 39.72pos/s]hedging:  15%|#4        | 14259/97783 [07:29<35:22, 39.34pos/s]hedging:  15%|#4        | 14264/97783 [07:29<34:39, 40.16pos/s]hedging:  15%|#4        | 14269/97783 [07:30<35:27, 39.25pos/s]hedging:  15%|#4        | 14274/97783 [07:30<35:18, 39.41pos/s]hedging:  15%|#4        | 14278/97783 [07:30<35:17, 39.43pos/s]hedging:  15%|#4        | 14282/97783 [07:30<36:26, 38.19pos/s]hedging:  15%|#4        | 14286/97783 [07:30<36:41, 37.92pos/s]hedging:  15%|#4        | 14291/97783 [07:30<35:33, 39.14pos/s]hedging:  15%|#4        | 14295/97783 [07:30<35:29, 39.21pos/s]hedging:  15%|#4        | 14299/97783 [07:30<35:38, 39.03pos/s]hedging:  15%|#4        | 14304/97783 [07:30<34:27, 40.38pos/s]hedging:  15%|#4        | 14309/97783 [07:31<35:07, 39.61pos/s]hedging:  15%|#4        | 14314/97783 [07:31<34:49, 39.95pos/s]hedging:  15%|#4        | 14319/97783 [07:31<34:23, 40.45pos/s]hedging:  15%|#4        | 14324/97783 [07:31<33:46, 41.19pos/s]hedging:  15%|#4        | 14329/97783 [07:31<34:27, 40.37pos/s]hedging:  15%|#4        | 14334/97783 [07:31<34:39, 40.13pos/s]hedging:  15%|#4        | 14339/97783 [07:31<35:32, 39.12pos/s]hedging:  15%|#4        | 14343/97783 [07:31<35:21, 39.33pos/s]hedging:  15%|#4        | 14348/97783 [07:32<34:39, 40.13pos/s]hedging:  15%|#4        | 14353/97783 [07:32<36:14, 38.36pos/s]hedging:  15%|#4        | 14358/97783 [07:32<35:29, 39.17pos/s]hedging:  15%|#4        | 14363/97783 [07:32<35:06, 39.60pos/s]hedging:  15%|#4        | 14368/97783 [07:32<34:34, 40.20pos/s]hedging:  15%|#4        | 14373/97783 [07:32<34:25, 40.39pos/s]hedging:  15%|#4        | 14378/97783 [07:32<34:09, 40.69pos/s]hedging:  15%|#4        | 14383/97783 [07:32<33:57, 40.93pos/s]hedging:  15%|#4        | 14388/97783 [07:33<33:42, 41.23pos/s]hedging:  15%|#4        | 14393/97783 [07:33<33:41, 41.25pos/s]hedging:  15%|#4        | 14398/97783 [07:33<33:19, 41.69pos/s]hedging:  15%|#4        | 14403/97783 [07:33<33:00, 42.09pos/s]hedging:  15%|#4        | 14408/97783 [07:33<34:53, 39.82pos/s]hedging:  15%|#4        | 14413/97783 [07:33<34:01, 40.84pos/s]hedging:  15%|#4        | 14418/97783 [07:33<34:27, 40.33pos/s]hedging:  15%|#4        | 14423/97783 [07:33<35:11, 39.48pos/s]hedging:  15%|#4        | 14427/97783 [07:33<36:42, 37.84pos/s]hedging:  15%|#4        | 14431/97783 [07:34<37:28, 37.07pos/s]hedging:  15%|#4        | 14436/97783 [07:34<36:19, 38.25pos/s]hedging:  15%|#4        | 14440/97783 [07:34<37:53, 36.66pos/s]hedging:  15%|#4        | 14445/97783 [07:34<36:32, 38.02pos/s]hedging:  15%|#4        | 14450/97783 [07:34<35:03, 39.61pos/s]hedging:  15%|#4        | 14455/97783 [07:34<35:13, 39.42pos/s]hedging:  15%|#4        | 14460/97783 [07:34<34:42, 40.01pos/s]hedging:  15%|#4        | 14465/97783 [07:34<34:29, 40.26pos/s]hedging:  15%|#4        | 14470/97783 [07:35<34:28, 40.27pos/s]hedging:  15%|#4        | 14475/97783 [07:35<35:58, 38.59pos/s]hedging:  15%|#4        | 14480/97783 [07:35<35:03, 39.60pos/s]hedging:  15%|#4        | 14484/97783 [07:35<37:16, 37.24pos/s]hedging:  15%|#4        | 14488/97783 [07:35<39:36, 35.05pos/s]hedging:  15%|#4        | 14492/97783 [07:35<40:16, 34.47pos/s]hedging:  15%|#4        | 14496/97783 [07:35<41:03, 33.81pos/s]hedging:  15%|#4        | 14500/97783 [07:35<41:27, 33.48pos/s]hedging:  15%|#4        | 14504/97783 [07:36<43:43, 31.74pos/s]hedging:  15%|#4        | 14508/97783 [07:36<43:04, 32.23pos/s]hedging:  15%|#4        | 14512/97783 [07:36<43:00, 32.27pos/s]hedging:  15%|#4        | 14516/97783 [07:36<42:29, 32.66pos/s]hedging:  15%|#4        | 14520/97783 [07:36<41:32, 33.41pos/s]hedging:  15%|#4        | 14524/97783 [07:36<41:23, 33.53pos/s]hedging:  15%|#4        | 14528/97783 [07:36<42:30, 32.64pos/s]hedging:  15%|#4        | 14532/97783 [07:36<41:27, 33.47pos/s]hedging:  15%|#4        | 14536/97783 [07:37<42:49, 32.40pos/s]hedging:  15%|#4        | 14540/97783 [07:37<44:28, 31.20pos/s]hedging:  15%|#4        | 14544/97783 [07:37<43:37, 31.81pos/s]hedging:  15%|#4        | 14549/97783 [07:37<40:29, 34.26pos/s]hedging:  15%|#4        | 14553/97783 [07:37<42:24, 32.71pos/s]hedging:  15%|#4        | 14557/97783 [07:37<43:47, 31.68pos/s]hedging:  15%|#4        | 14561/97783 [07:37<45:04, 30.77pos/s]hedging:  15%|#4        | 14565/97783 [07:37<44:40, 31.05pos/s]hedging:  15%|#4        | 14569/97783 [07:38<43:26, 31.93pos/s]hedging:  15%|#4        | 14574/97783 [07:38<40:02, 34.64pos/s]hedging:  15%|#4        | 14579/97783 [07:38<38:00, 36.49pos/s]hedging:  15%|#4        | 14584/97783 [07:38<36:14, 38.25pos/s]hedging:  15%|#4        | 14589/97783 [07:38<34:56, 39.68pos/s]hedging:  15%|#4        | 14594/97783 [07:38<34:09, 40.60pos/s]hedging:  15%|#4        | 14599/97783 [07:38<33:54, 40.88pos/s]hedging:  15%|#4        | 14604/97783 [07:38<33:27, 41.44pos/s]hedging:  15%|#4        | 14609/97783 [07:39<34:07, 40.63pos/s]hedging:  15%|#4        | 14614/97783 [07:39<33:51, 40.94pos/s]hedging:  15%|#4        | 14619/97783 [07:39<33:31, 41.34pos/s]hedging:  15%|#4        | 14624/97783 [07:39<32:45, 42.31pos/s]hedging:  15%|#4        | 14629/97783 [07:39<33:42, 41.12pos/s]hedging:  15%|#4        | 14634/97783 [07:39<34:04, 40.68pos/s]hedging:  15%|#4        | 14639/97783 [07:39<34:22, 40.31pos/s]hedging:  15%|#4        | 14644/97783 [07:39<33:50, 40.95pos/s]hedging:  15%|#4        | 14649/97783 [07:40<34:08, 40.58pos/s]hedging:  15%|#4        | 14654/97783 [07:40<34:33, 40.09pos/s]hedging:  15%|#4        | 14659/97783 [07:40<35:54, 38.58pos/s]hedging:  15%|#4        | 14663/97783 [07:40<41:49, 33.12pos/s]hedging:  15%|#4        | 14667/97783 [07:40<46:31, 29.77pos/s]hedging:  15%|#5        | 14671/97783 [07:40<56:27, 24.53pos/s]hedging:  15%|#5        | 14674/97783 [07:41<56:29, 24.52pos/s]hedging:  15%|#5        | 14678/97783 [07:41<56:10, 24.66pos/s]hedging:  15%|#5        | 14682/97783 [07:41<50:34, 27.39pos/s]hedging:  15%|#5        | 14685/97783 [07:41<49:42, 27.86pos/s]hedging:  15%|#5        | 14688/97783 [07:41<56:49, 24.37pos/s]hedging:  15%|#5        | 14691/97783 [07:41<58:41, 23.59pos/s]hedging:  15%|#5        | 14695/97783 [07:41<52:07, 26.57pos/s]hedging:  15%|#5        | 14698/97783 [07:41<56:20, 24.58pos/s]hedging:  15%|#5        | 14701/97783 [07:42<58:58, 23.48pos/s]hedging:  15%|#5        | 14704/97783 [07:42<1:03:48, 21.70pos/s]hedging:  15%|#5        | 14707/97783 [07:42<1:03:42, 21.73pos/s]hedging:  15%|#5        | 14711/97783 [07:42<55:38, 24.88pos/s]  hedging:  15%|#5        | 14714/97783 [07:42<55:39, 24.88pos/s]hedging:  15%|#5        | 14717/97783 [07:42<57:44, 23.98pos/s]hedging:  15%|#5        | 14720/97783 [07:42<54:24, 25.44pos/s]hedging:  15%|#5        | 14724/97783 [07:42<48:37, 28.47pos/s]hedging:  15%|#5        | 14728/97783 [07:43<44:18, 31.24pos/s]hedging:  15%|#5        | 14732/97783 [07:43<41:57, 32.98pos/s]hedging:  15%|#5        | 14736/97783 [07:43<42:21, 32.68pos/s]hedging:  15%|#5        | 14740/97783 [07:43<49:22, 28.03pos/s]hedging:  15%|#5        | 14743/97783 [07:43<50:49, 27.23pos/s]hedging:  15%|#5        | 14746/97783 [07:43<52:09, 26.53pos/s]hedging:  15%|#5        | 14750/97783 [07:43<49:17, 28.08pos/s]hedging:  15%|#5        | 14754/97783 [07:43<45:55, 30.13pos/s]hedging:  15%|#5        | 14758/97783 [07:44<46:05, 30.03pos/s]hedging:  15%|#5        | 14762/97783 [07:44<1:04:25, 21.48pos/s]hedging:  15%|#5        | 14765/97783 [07:44<1:44:34, 13.23pos/s]hedging:  15%|#5        | 14767/97783 [07:45<2:00:33, 11.48pos/s]hedging:  15%|#5        | 14769/97783 [07:45<1:56:57, 11.83pos/s]hedging:  15%|#5        | 14772/97783 [07:45<1:36:49, 14.29pos/s]hedging:  15%|#5        | 14776/97783 [07:45<1:15:03, 18.43pos/s]hedging:  15%|#5        | 14780/97783 [07:45<1:02:58, 21.96pos/s]hedging:  15%|#5        | 14784/97783 [07:45<54:43, 25.28pos/s]  hedging:  15%|#5        | 14788/97783 [07:45<49:54, 27.71pos/s]hedging:  15%|#5        | 14792/97783 [07:46<48:14, 28.67pos/s]hedging:  15%|#5        | 14796/97783 [07:46<46:03, 30.02pos/s]hedging:  15%|#5        | 14800/97783 [07:46<42:56, 32.21pos/s]hedging:  15%|#5        | 14804/97783 [07:46<42:02, 32.89pos/s]hedging:  15%|#5        | 14808/97783 [07:46<40:47, 33.91pos/s]hedging:  15%|#5        | 14813/97783 [07:46<38:29, 35.92pos/s]hedging:  15%|#5        | 14817/97783 [07:46<37:37, 36.75pos/s]hedging:  15%|#5        | 14821/97783 [07:46<37:40, 36.70pos/s]hedging:  15%|#5        | 14825/97783 [07:46<37:34, 36.79pos/s]hedging:  15%|#5        | 14829/97783 [07:47<36:48, 37.55pos/s]hedging:  15%|#5        | 14833/97783 [07:47<38:17, 36.10pos/s]hedging:  15%|#5        | 14837/97783 [07:47<38:45, 35.68pos/s]hedging:  15%|#5        | 14841/97783 [07:47<41:22, 33.41pos/s]hedging:  15%|#5        | 14845/97783 [07:47<43:40, 31.66pos/s]hedging:  15%|#5        | 14849/97783 [07:47<44:35, 30.99pos/s]hedging:  15%|#5        | 14853/97783 [07:47<43:13, 31.98pos/s]hedging:  15%|#5        | 14857/97783 [07:47<44:45, 30.88pos/s]hedging:  15%|#5        | 14861/97783 [07:48<47:39, 29.00pos/s]hedging:  15%|#5        | 14864/97783 [07:48<47:54, 28.84pos/s]hedging:  15%|#5        | 14867/97783 [07:48<49:46, 27.76pos/s]hedging:  15%|#5        | 14870/97783 [07:48<49:14, 28.07pos/s]hedging:  15%|#5        | 14874/97783 [07:48<44:48, 30.84pos/s]hedging:  15%|#5        | 14878/97783 [07:48<43:11, 31.99pos/s]hedging:  15%|#5        | 14883/97783 [07:48<40:30, 34.11pos/s]hedging:  15%|#5        | 14887/97783 [07:48<39:29, 34.98pos/s]hedging:  15%|#5        | 14891/97783 [07:49<41:10, 33.55pos/s]hedging:  15%|#5        | 14895/97783 [07:49<42:02, 32.86pos/s]hedging:  15%|#5        | 14899/97783 [07:49<44:27, 31.07pos/s]hedging:  15%|#5        | 14903/97783 [07:49<43:02, 32.09pos/s]hedging:  15%|#5        | 14907/97783 [07:49<42:38, 32.40pos/s]hedging:  15%|#5        | 14911/97783 [07:49<40:36, 34.01pos/s]hedging:  15%|#5        | 14915/97783 [07:49<40:15, 34.31pos/s]hedging:  15%|#5        | 14919/97783 [07:49<39:48, 34.69pos/s]hedging:  15%|#5        | 14923/97783 [07:49<38:31, 35.84pos/s]hedging:  15%|#5        | 14927/97783 [07:50<42:20, 32.62pos/s]hedging:  15%|#5        | 14931/97783 [07:50<45:35, 30.29pos/s]hedging:  15%|#5        | 14935/97783 [07:50<42:26, 32.53pos/s]hedging:  15%|#5        | 14939/97783 [07:50<40:48, 33.83pos/s]hedging:  15%|#5        | 14944/97783 [07:50<38:49, 35.56pos/s]hedging:  15%|#5        | 14948/97783 [07:50<39:09, 35.26pos/s]hedging:  15%|#5        | 14953/97783 [07:50<37:48, 36.51pos/s]hedging:  15%|#5        | 14957/97783 [07:50<37:21, 36.95pos/s]hedging:  15%|#5        | 14961/97783 [07:51<41:23, 33.35pos/s]hedging:  15%|#5        | 14965/97783 [07:51<42:15, 32.66pos/s]hedging:  15%|#5        | 14969/97783 [07:51<40:44, 33.88pos/s]hedging:  15%|#5        | 14973/97783 [07:51<40:17, 34.25pos/s]hedging:  15%|#5        | 14977/97783 [07:51<40:26, 34.12pos/s]hedging:  15%|#5        | 14981/97783 [07:51<39:45, 34.70pos/s]hedging:  15%|#5        | 14985/97783 [07:51<39:38, 34.81pos/s]hedging:  15%|#5        | 14989/97783 [07:51<38:54, 35.46pos/s]hedging:  15%|#5        | 14993/97783 [07:51<37:56, 36.36pos/s]hedging:  15%|#5        | 14997/97783 [07:52<37:59, 36.32pos/s]hedging:  15%|#5        | 15001/97783 [07:52<37:57, 36.34pos/s]hedging:  15%|#5        | 15005/97783 [07:52<37:30, 36.78pos/s]hedging:  15%|#5        | 15009/97783 [07:52<36:41, 37.59pos/s]hedging:  15%|#5        | 15013/97783 [07:52<36:15, 38.04pos/s]hedging:  15%|#5        | 15017/97783 [07:52<35:51, 38.47pos/s]hedging:  15%|#5        | 15022/97783 [07:52<35:26, 38.93pos/s]hedging:  15%|#5        | 15026/97783 [07:52<35:58, 38.34pos/s]hedging:  15%|#5        | 15031/97783 [07:52<34:49, 39.60pos/s]hedging:  15%|#5        | 15035/97783 [07:53<35:13, 39.15pos/s]hedging:  15%|#5        | 15039/97783 [07:53<35:20, 39.02pos/s]hedging:  15%|#5        | 15043/97783 [07:53<35:25, 38.93pos/s]hedging:  15%|#5        | 15047/97783 [07:53<36:04, 38.23pos/s]hedging:  15%|#5        | 15051/97783 [07:53<35:51, 38.46pos/s]hedging:  15%|#5        | 15055/97783 [07:53<36:27, 37.82pos/s]hedging:  15%|#5        | 15059/97783 [07:53<36:00, 38.29pos/s]hedging:  15%|#5        | 15063/97783 [07:53<35:54, 38.39pos/s]hedging:  15%|#5        | 15067/97783 [07:53<35:30, 38.83pos/s]hedging:  15%|#5        | 15071/97783 [07:54<40:40, 33.89pos/s]hedging:  15%|#5        | 15075/97783 [07:54<49:05, 28.08pos/s]hedging:  15%|#5        | 15079/97783 [07:54<52:38, 26.19pos/s]hedging:  15%|#5        | 15082/97783 [07:54<51:37, 26.70pos/s]hedging:  15%|#5        | 15085/97783 [07:54<53:37, 25.70pos/s]hedging:  15%|#5        | 15088/97783 [07:54<59:58, 22.98pos/s]hedging:  15%|#5        | 15091/97783 [07:54<57:04, 24.15pos/s]hedging:  15%|#5        | 15094/97783 [07:55<59:43, 23.08pos/s]hedging:  15%|#5        | 15097/97783 [07:55<1:02:42, 21.98pos/s]hedging:  15%|#5        | 15100/97783 [07:55<1:08:07, 20.23pos/s]hedging:  15%|#5        | 15104/97783 [07:55<59:21, 23.21pos/s]  hedging:  15%|#5        | 15107/97783 [07:55<56:23, 24.43pos/s]hedging:  15%|#5        | 15110/97783 [07:55<1:00:00, 22.96pos/s]hedging:  15%|#5        | 15113/97783 [07:55<1:00:37, 22.73pos/s]hedging:  15%|#5        | 15117/97783 [07:56<57:35, 23.92pos/s]  hedging:  15%|#5        | 15120/97783 [07:56<59:22, 23.21pos/s]hedging:  15%|#5        | 15123/97783 [07:56<58:50, 23.41pos/s]hedging:  15%|#5        | 15126/97783 [07:56<1:00:46, 22.66pos/s]hedging:  15%|#5        | 15129/97783 [07:56<1:01:31, 22.39pos/s]hedging:  15%|#5        | 15132/97783 [07:56<1:01:18, 22.47pos/s]hedging:  15%|#5        | 15135/97783 [07:56<1:03:28, 21.70pos/s]hedging:  15%|#5        | 15138/97783 [07:57<1:04:25, 21.38pos/s]hedging:  15%|#5        | 15142/97783 [07:57<55:15, 24.92pos/s]  hedging:  15%|#5        | 15146/97783 [07:57<48:30, 28.39pos/s]hedging:  15%|#5        | 15150/97783 [07:57<49:39, 27.73pos/s]hedging:  15%|#5        | 15154/97783 [07:57<49:02, 28.08pos/s]hedging:  16%|#5        | 15158/97783 [07:57<45:44, 30.10pos/s]hedging:  16%|#5        | 15162/97783 [07:57<42:32, 32.37pos/s]hedging:  16%|#5        | 15167/97783 [07:57<39:27, 34.89pos/s]hedging:  16%|#5        | 15171/97783 [07:58<39:03, 35.25pos/s]hedging:  16%|#5        | 15175/97783 [07:58<38:31, 35.73pos/s]hedging:  16%|#5        | 15180/97783 [07:58<36:42, 37.50pos/s]hedging:  16%|#5        | 15184/97783 [07:58<36:21, 37.86pos/s]hedging:  16%|#5        | 15188/97783 [07:58<40:32, 33.96pos/s]hedging:  16%|#5        | 15192/97783 [07:58<48:58, 28.10pos/s]hedging:  16%|#5        | 15196/97783 [07:58<52:12, 26.36pos/s]hedging:  16%|#5        | 15199/97783 [07:59<54:08, 25.42pos/s]hedging:  16%|#5        | 15203/97783 [07:59<54:51, 25.09pos/s]hedging:  16%|#5        | 15207/97783 [07:59<49:59, 27.53pos/s]hedging:  16%|#5        | 15210/97783 [07:59<49:29, 27.81pos/s]hedging:  16%|#5        | 15213/97783 [07:59<56:51, 24.20pos/s]hedging:  16%|#5        | 15217/97783 [07:59<51:31, 26.71pos/s]hedging:  16%|#5        | 15221/97783 [07:59<47:34, 28.92pos/s]hedging:  16%|#5        | 15225/97783 [07:59<45:12, 30.44pos/s]hedging:  16%|#5        | 15229/97783 [08:00<43:12, 31.85pos/s]hedging:  16%|#5        | 15233/97783 [08:00<47:28, 28.98pos/s]hedging:  16%|#5        | 15237/97783 [08:00<47:03, 29.23pos/s]hedging:  16%|#5        | 15240/97783 [08:00<46:55, 29.32pos/s]hedging:  16%|#5        | 15244/97783 [08:00<45:16, 30.38pos/s]hedging:  16%|#5        | 15248/97783 [08:00<43:22, 31.71pos/s]hedging:  16%|#5        | 15252/97783 [08:00<42:09, 32.63pos/s]hedging:  16%|#5        | 15256/97783 [08:00<41:13, 33.37pos/s]hedging:  16%|#5        | 15260/97783 [08:01<41:37, 33.05pos/s]hedging:  16%|#5        | 15264/97783 [08:01<39:26, 34.87pos/s]hedging:  16%|#5        | 15268/97783 [08:01<44:22, 31.00pos/s]hedging:  16%|#5        | 15272/97783 [08:01<46:46, 29.40pos/s]hedging:  16%|#5        | 15276/97783 [08:01<45:03, 30.52pos/s]hedging:  16%|#5        | 15280/97783 [08:01<44:55, 30.61pos/s]hedging:  16%|#5        | 15284/97783 [08:01<46:02, 29.86pos/s]hedging:  16%|#5        | 15288/97783 [08:01<46:22, 29.65pos/s]hedging:  16%|#5        | 15291/97783 [08:02<46:22, 29.64pos/s]hedging:  16%|#5        | 15295/97783 [08:02<45:48, 30.02pos/s]hedging:  16%|#5        | 15299/97783 [08:02<45:14, 30.39pos/s]hedging:  16%|#5        | 15303/97783 [08:02<43:38, 31.50pos/s]hedging:  16%|#5        | 15307/97783 [08:02<42:52, 32.05pos/s]hedging:  16%|#5        | 15311/97783 [08:02<40:38, 33.82pos/s]hedging:  16%|#5        | 15315/97783 [08:02<42:51, 32.07pos/s]hedging:  16%|#5        | 15319/97783 [08:02<41:38, 33.01pos/s]hedging:  16%|#5        | 15323/97783 [08:03<40:46, 33.70pos/s]hedging:  16%|#5        | 15327/97783 [08:03<42:30, 32.33pos/s]hedging:  16%|#5        | 15331/97783 [08:03<42:40, 32.21pos/s]hedging:  16%|#5        | 15335/97783 [08:03<40:35, 33.85pos/s]hedging:  16%|#5        | 15339/97783 [08:03<39:04, 35.17pos/s]hedging:  16%|#5        | 15343/97783 [08:03<48:01, 28.61pos/s]hedging:  16%|#5        | 15347/97783 [08:03<48:53, 28.10pos/s]hedging:  16%|#5        | 15351/97783 [08:03<47:22, 29.00pos/s]hedging:  16%|#5        | 15355/97783 [08:04<44:54, 30.59pos/s]hedging:  16%|#5        | 15359/97783 [08:04<42:15, 32.51pos/s]hedging:  16%|#5        | 15363/97783 [08:04<44:06, 31.15pos/s]hedging:  16%|#5        | 15367/97783 [08:04<50:16, 27.32pos/s]hedging:  16%|#5        | 15371/97783 [08:04<45:54, 29.92pos/s]hedging:  16%|#5        | 15375/97783 [08:04<43:51, 31.32pos/s]hedging:  16%|#5        | 15379/97783 [08:04<46:15, 29.69pos/s]hedging:  16%|#5        | 15383/97783 [08:05<45:59, 29.86pos/s]hedging:  16%|#5        | 15387/97783 [08:05<48:03, 28.57pos/s]hedging:  16%|#5        | 15390/97783 [08:05<54:15, 25.31pos/s]hedging:  16%|#5        | 15394/97783 [08:05<49:41, 27.63pos/s]hedging:  16%|#5        | 15398/97783 [08:05<45:29, 30.18pos/s]hedging:  16%|#5        | 15402/97783 [08:05<43:22, 31.65pos/s]hedging:  16%|#5        | 15406/97783 [08:05<42:54, 31.99pos/s]hedging:  16%|#5        | 15410/97783 [08:05<40:42, 33.72pos/s]hedging:  16%|#5        | 15414/97783 [08:06<39:56, 34.37pos/s]hedging:  16%|#5        | 15418/97783 [08:06<47:19, 29.01pos/s]hedging:  16%|#5        | 15422/97783 [08:06<43:27, 31.58pos/s]hedging:  16%|#5        | 15426/97783 [08:06<45:27, 30.19pos/s]hedging:  16%|#5        | 15430/97783 [08:06<44:36, 30.77pos/s]hedging:  16%|#5        | 15434/97783 [08:06<45:01, 30.49pos/s]hedging:  16%|#5        | 15438/97783 [08:06<47:00, 29.20pos/s]hedging:  16%|#5        | 15442/97783 [08:06<45:45, 30.00pos/s]hedging:  16%|#5        | 15446/97783 [08:07<45:29, 30.16pos/s]hedging:  16%|#5        | 15450/97783 [08:07<47:30, 28.89pos/s]hedging:  16%|#5        | 15453/97783 [08:07<50:07, 27.37pos/s]hedging:  16%|#5        | 15456/97783 [08:07<51:34, 26.60pos/s]hedging:  16%|#5        | 15460/97783 [08:07<52:01, 26.37pos/s]hedging:  16%|#5        | 15464/97783 [08:07<47:29, 28.89pos/s]hedging:  16%|#5        | 15467/97783 [08:07<51:59, 26.39pos/s]hedging:  16%|#5        | 15470/97783 [08:08<59:21, 23.11pos/s]hedging:  16%|#5        | 15473/97783 [08:08<1:01:23, 22.34pos/s]hedging:  16%|#5        | 15477/97783 [08:08<53:19, 25.73pos/s]  hedging:  16%|#5        | 15481/97783 [08:08<49:24, 27.76pos/s]hedging:  16%|#5        | 15485/97783 [08:08<45:03, 30.44pos/s]hedging:  16%|#5        | 15489/97783 [08:08<48:30, 28.28pos/s]hedging:  16%|#5        | 15492/97783 [08:08<51:49, 26.46pos/s]hedging:  16%|#5        | 15495/97783 [08:08<51:29, 26.64pos/s]hedging:  16%|#5        | 15498/97783 [08:09<52:33, 26.10pos/s]hedging:  16%|#5        | 15501/97783 [08:09<56:49, 24.13pos/s]hedging:  16%|#5        | 15504/97783 [08:09<56:52, 24.11pos/s]hedging:  16%|#5        | 15507/97783 [08:09<56:24, 24.31pos/s]hedging:  16%|#5        | 15510/97783 [08:09<55:08, 24.87pos/s]hedging:  16%|#5        | 15513/97783 [08:09<56:48, 24.14pos/s]hedging:  16%|#5        | 15516/97783 [08:09<59:28, 23.05pos/s]hedging:  16%|#5        | 15520/97783 [08:09<50:57, 26.90pos/s]hedging:  16%|#5        | 15524/97783 [08:10<48:32, 28.24pos/s]hedging:  16%|#5        | 15528/97783 [08:10<45:07, 30.38pos/s]hedging:  16%|#5        | 15532/97783 [08:10<43:35, 31.44pos/s]hedging:  16%|#5        | 15536/97783 [08:10<43:36, 31.44pos/s]hedging:  16%|#5        | 15540/97783 [08:10<41:20, 33.16pos/s]hedging:  16%|#5        | 15544/97783 [08:10<41:08, 33.31pos/s]hedging:  16%|#5        | 15548/97783 [08:10<41:26, 33.07pos/s]hedging:  16%|#5        | 15552/97783 [08:10<41:22, 33.13pos/s]hedging:  16%|#5        | 15556/97783 [08:11<42:18, 32.39pos/s]hedging:  16%|#5        | 15560/97783 [08:11<42:22, 32.34pos/s]hedging:  16%|#5        | 15564/97783 [08:11<41:49, 32.76pos/s]hedging:  16%|#5        | 15568/97783 [08:11<43:38, 31.39pos/s]hedging:  16%|#5        | 15572/97783 [08:11<43:27, 31.52pos/s]hedging:  16%|#5        | 15576/97783 [08:11<43:50, 31.25pos/s]hedging:  16%|#5        | 15580/97783 [08:11<42:54, 31.93pos/s]hedging:  16%|#5        | 15584/97783 [08:11<41:47, 32.78pos/s]hedging:  16%|#5        | 15588/97783 [08:12<40:06, 34.16pos/s]hedging:  16%|#5        | 15592/97783 [08:12<39:56, 34.29pos/s]hedging:  16%|#5        | 15596/97783 [08:12<41:12, 33.24pos/s]hedging:  16%|#5        | 15600/97783 [08:12<43:22, 31.57pos/s]hedging:  16%|#5        | 15604/97783 [08:12<43:28, 31.50pos/s]hedging:  16%|#5        | 15608/97783 [08:12<42:47, 32.00pos/s]hedging:  16%|#5        | 15612/97783 [08:12<42:00, 32.60pos/s]hedging:  16%|#5        | 15616/97783 [08:12<40:01, 34.21pos/s]hedging:  16%|#5        | 15620/97783 [08:13<39:57, 34.27pos/s]hedging:  16%|#5        | 15624/97783 [08:13<39:33, 34.62pos/s]hedging:  16%|#5        | 15628/97783 [08:13<38:37, 35.45pos/s]hedging:  16%|#5        | 15632/97783 [08:13<37:39, 36.36pos/s]hedging:  16%|#5        | 15636/97783 [08:13<40:16, 33.99pos/s]hedging:  16%|#5        | 15640/97783 [08:13<40:40, 33.66pos/s]hedging:  16%|#5        | 15644/97783 [08:13<39:42, 34.48pos/s]hedging:  16%|#6        | 15648/97783 [08:13<40:09, 34.08pos/s]hedging:  16%|#6        | 15652/97783 [08:13<40:28, 33.82pos/s]hedging:  16%|#6        | 15656/97783 [08:14<39:44, 34.45pos/s]hedging:  16%|#6        | 15660/97783 [08:14<41:04, 33.32pos/s]hedging:  16%|#6        | 15664/97783 [08:14<40:18, 33.95pos/s]hedging:  16%|#6        | 15668/97783 [08:14<42:13, 32.42pos/s]hedging:  16%|#6        | 15672/97783 [08:14<41:53, 32.67pos/s]hedging:  16%|#6        | 15676/97783 [08:14<40:12, 34.03pos/s]hedging:  16%|#6        | 15680/97783 [08:14<39:25, 34.71pos/s]hedging:  16%|#6        | 15684/97783 [08:14<39:11, 34.91pos/s]hedging:  16%|#6        | 15688/97783 [08:15<39:10, 34.93pos/s]hedging:  16%|#6        | 15692/97783 [08:15<39:30, 34.63pos/s]hedging:  16%|#6        | 15696/97783 [08:15<39:19, 34.79pos/s]hedging:  16%|#6        | 15700/97783 [08:15<38:13, 35.79pos/s]hedging:  16%|#6        | 15704/97783 [08:15<38:53, 35.17pos/s]hedging:  16%|#6        | 15708/97783 [08:15<38:25, 35.60pos/s]hedging:  16%|#6        | 15712/97783 [08:15<38:29, 35.54pos/s]hedging:  16%|#6        | 15716/97783 [08:15<38:46, 35.27pos/s]hedging:  16%|#6        | 15720/97783 [08:15<38:35, 35.45pos/s]hedging:  16%|#6        | 15724/97783 [08:16<39:55, 34.25pos/s]hedging:  16%|#6        | 15728/97783 [08:16<39:38, 34.50pos/s]hedging:  16%|#6        | 15732/97783 [08:16<41:37, 32.86pos/s]hedging:  16%|#6        | 15736/97783 [08:16<40:28, 33.78pos/s]hedging:  16%|#6        | 15740/97783 [08:16<42:46, 31.97pos/s]hedging:  16%|#6        | 15744/97783 [08:16<43:37, 31.34pos/s]hedging:  16%|#6        | 15748/97783 [08:16<48:09, 28.39pos/s]hedging:  16%|#6        | 15751/97783 [08:16<47:35, 28.73pos/s]hedging:  16%|#6        | 15755/97783 [08:17<46:43, 29.26pos/s]hedging:  16%|#6        | 15759/97783 [08:17<45:57, 29.75pos/s]hedging:  16%|#6        | 15763/97783 [08:17<44:59, 30.38pos/s]hedging:  16%|#6        | 15767/97783 [08:17<44:23, 30.79pos/s]hedging:  16%|#6        | 15771/97783 [08:17<44:36, 30.64pos/s]hedging:  16%|#6        | 15775/97783 [08:17<45:06, 30.31pos/s]hedging:  16%|#6        | 15779/97783 [08:17<45:06, 30.30pos/s]hedging:  16%|#6        | 15783/97783 [08:17<43:24, 31.48pos/s]hedging:  16%|#6        | 15787/97783 [08:18<43:28, 31.43pos/s]hedging:  16%|#6        | 15791/97783 [08:18<44:32, 30.67pos/s]hedging:  16%|#6        | 15795/97783 [08:18<42:09, 32.42pos/s]hedging:  16%|#6        | 15799/97783 [08:18<41:26, 32.97pos/s]hedging:  16%|#6        | 15803/97783 [08:18<40:59, 33.33pos/s]hedging:  16%|#6        | 15808/97783 [08:18<38:51, 35.16pos/s]hedging:  16%|#6        | 15812/97783 [08:18<37:53, 36.06pos/s]hedging:  16%|#6        | 15816/97783 [08:18<38:03, 35.89pos/s]hedging:  16%|#6        | 15820/97783 [08:19<38:20, 35.63pos/s]hedging:  16%|#6        | 15824/97783 [08:19<38:09, 35.80pos/s]hedging:  16%|#6        | 15828/97783 [08:19<38:24, 35.56pos/s]hedging:  16%|#6        | 15832/97783 [08:19<37:30, 36.42pos/s]hedging:  16%|#6        | 15836/97783 [08:19<37:18, 36.61pos/s]hedging:  16%|#6        | 15840/97783 [08:19<36:51, 37.05pos/s]hedging:  16%|#6        | 15844/97783 [08:19<38:26, 35.52pos/s]hedging:  16%|#6        | 15848/97783 [08:19<38:47, 35.21pos/s]hedging:  16%|#6        | 15852/97783 [08:19<38:44, 35.24pos/s]hedging:  16%|#6        | 15856/97783 [08:20<37:34, 36.33pos/s]hedging:  16%|#6        | 15860/97783 [08:20<36:39, 37.24pos/s]hedging:  16%|#6        | 15864/97783 [08:20<37:46, 36.15pos/s]hedging:  16%|#6        | 15868/97783 [08:20<37:24, 36.50pos/s]hedging:  16%|#6        | 15872/97783 [08:20<37:06, 36.80pos/s]hedging:  16%|#6        | 15876/97783 [08:20<36:31, 37.38pos/s]hedging:  16%|#6        | 15880/97783 [08:20<36:19, 37.59pos/s]hedging:  16%|#6        | 15884/97783 [08:20<36:36, 37.28pos/s]hedging:  16%|#6        | 15888/97783 [08:20<36:30, 37.38pos/s]hedging:  16%|#6        | 15892/97783 [08:20<36:45, 37.13pos/s]hedging:  16%|#6        | 15896/97783 [08:21<36:26, 37.45pos/s]hedging:  16%|#6        | 15901/97783 [08:21<35:21, 38.60pos/s]hedging:  16%|#6        | 15905/97783 [08:21<35:58, 37.94pos/s]hedging:  16%|#6        | 15909/97783 [08:21<36:19, 37.56pos/s]hedging:  16%|#6        | 15913/97783 [08:21<37:05, 36.79pos/s]hedging:  16%|#6        | 15918/97783 [08:21<35:40, 38.24pos/s]hedging:  16%|#6        | 15922/97783 [08:21<35:33, 38.37pos/s]hedging:  16%|#6        | 15926/97783 [08:21<35:44, 38.17pos/s]hedging:  16%|#6        | 15930/97783 [08:21<35:36, 38.31pos/s]hedging:  16%|#6        | 15935/97783 [08:22<34:48, 39.18pos/s]hedging:  16%|#6        | 15940/97783 [08:22<33:51, 40.28pos/s]hedging:  16%|#6        | 15945/97783 [08:22<33:45, 40.41pos/s]hedging:  16%|#6        | 15950/97783 [08:22<35:02, 38.92pos/s]hedging:  16%|#6        | 15954/97783 [08:22<35:30, 38.42pos/s]hedging:  16%|#6        | 15958/97783 [08:22<35:17, 38.65pos/s]hedging:  16%|#6        | 15963/97783 [08:22<34:49, 39.16pos/s]hedging:  16%|#6        | 15967/97783 [08:22<36:52, 36.98pos/s]hedging:  16%|#6        | 15971/97783 [08:23<37:13, 36.63pos/s]hedging:  16%|#6        | 15975/97783 [08:23<37:31, 36.33pos/s]hedging:  16%|#6        | 15979/97783 [08:23<37:30, 36.36pos/s]hedging:  16%|#6        | 15983/97783 [08:23<37:33, 36.31pos/s]hedging:  16%|#6        | 15987/97783 [08:23<37:47, 36.07pos/s]hedging:  16%|#6        | 15991/97783 [08:23<38:22, 35.52pos/s]hedging:  16%|#6        | 15995/97783 [08:23<37:59, 35.87pos/s]hedging:  16%|#6        | 15999/97783 [08:23<38:06, 35.76pos/s]hedging:  16%|#6        | 16003/97783 [08:23<37:50, 36.02pos/s]hedging:  16%|#6        | 16007/97783 [08:24<37:39, 36.19pos/s]hedging:  16%|#6        | 16011/97783 [08:24<36:59, 36.84pos/s]hedging:  16%|#6        | 16015/97783 [08:24<36:37, 37.21pos/s]hedging:  16%|#6        | 16019/97783 [08:24<36:34, 37.25pos/s]hedging:  16%|#6        | 16023/97783 [08:24<37:22, 36.46pos/s]hedging:  16%|#6        | 16027/97783 [08:24<38:02, 35.82pos/s]hedging:  16%|#6        | 16032/97783 [08:24<35:58, 37.87pos/s]hedging:  16%|#6        | 16037/97783 [08:24<34:48, 39.14pos/s]hedging:  16%|#6        | 16042/97783 [08:24<33:43, 40.41pos/s]hedging:  16%|#6        | 16047/97783 [08:25<34:13, 39.80pos/s]hedging:  16%|#6        | 16051/97783 [08:25<34:11, 39.83pos/s]hedging:  16%|#6        | 16056/97783 [08:25<33:39, 40.48pos/s]hedging:  16%|#6        | 16061/97783 [08:25<33:04, 41.18pos/s]hedging:  16%|#6        | 16066/97783 [08:25<33:05, 41.15pos/s]hedging:  16%|#6        | 16071/97783 [08:25<33:10, 41.05pos/s]hedging:  16%|#6        | 16076/97783 [08:25<34:23, 39.60pos/s]hedging:  16%|#6        | 16080/97783 [08:25<34:37, 39.32pos/s]hedging:  16%|#6        | 16085/97783 [08:26<34:29, 39.49pos/s]hedging:  16%|#6        | 16090/97783 [08:26<34:24, 39.57pos/s]hedging:  16%|#6        | 16094/97783 [08:26<34:40, 39.26pos/s]hedging:  16%|#6        | 16098/97783 [08:26<35:11, 38.69pos/s]hedging:  16%|#6        | 16103/97783 [08:26<34:29, 39.47pos/s]hedging:  16%|#6        | 16108/97783 [08:26<33:31, 40.60pos/s]hedging:  16%|#6        | 16113/97783 [08:26<35:38, 38.20pos/s]hedging:  16%|#6        | 16117/97783 [08:26<37:07, 36.66pos/s]hedging:  16%|#6        | 16121/97783 [08:26<38:07, 35.70pos/s]hedging:  16%|#6        | 16125/97783 [08:27<37:25, 36.37pos/s]hedging:  16%|#6        | 16129/97783 [08:27<40:46, 33.38pos/s]hedging:  16%|#6        | 16133/97783 [08:27<41:44, 32.60pos/s]hedging:  17%|#6        | 16137/97783 [08:27<40:01, 33.99pos/s]hedging:  17%|#6        | 16141/97783 [08:27<38:29, 35.34pos/s]hedging:  17%|#6        | 16145/97783 [08:27<38:37, 35.23pos/s]hedging:  17%|#6        | 16149/97783 [08:27<49:56, 27.25pos/s]hedging:  17%|#6        | 16153/97783 [08:28<47:59, 28.35pos/s]hedging:  17%|#6        | 16157/97783 [08:28<46:32, 29.23pos/s]hedging:  17%|#6        | 16161/97783 [08:28<45:29, 29.91pos/s]hedging:  17%|#6        | 16165/97783 [08:28<43:52, 31.00pos/s]hedging:  17%|#6        | 16169/97783 [08:28<42:52, 31.72pos/s]hedging:  17%|#6        | 16173/97783 [08:28<42:13, 32.22pos/s]hedging:  17%|#6        | 16177/97783 [08:28<40:11, 33.84pos/s]hedging:  17%|#6        | 16181/97783 [08:28<39:37, 34.33pos/s]hedging:  17%|#6        | 16185/97783 [08:28<38:39, 35.18pos/s]hedging:  17%|#6        | 16189/97783 [08:29<37:51, 35.92pos/s]hedging:  17%|#6        | 16194/97783 [08:29<37:05, 36.67pos/s]hedging:  17%|#6        | 16198/97783 [08:29<37:58, 35.80pos/s]hedging:  17%|#6        | 16202/97783 [08:29<38:57, 34.90pos/s]hedging:  17%|#6        | 16206/97783 [08:29<39:31, 34.39pos/s]hedging:  17%|#6        | 16210/97783 [08:29<39:42, 34.24pos/s]hedging:  17%|#6        | 16214/97783 [08:29<39:59, 34.00pos/s]hedging:  17%|#6        | 16218/97783 [08:29<39:03, 34.80pos/s]hedging:  17%|#6        | 16222/97783 [08:30<38:11, 35.59pos/s]hedging:  17%|#6        | 16226/97783 [08:30<37:57, 35.81pos/s]hedging:  17%|#6        | 16230/97783 [08:30<38:58, 34.87pos/s]hedging:  17%|#6        | 16234/97783 [08:30<37:53, 35.87pos/s]hedging:  17%|#6        | 16239/97783 [08:30<36:30, 37.23pos/s]hedging:  17%|#6        | 16243/97783 [08:30<36:51, 36.87pos/s]hedging:  17%|#6        | 16247/97783 [08:30<37:01, 36.71pos/s]hedging:  17%|#6        | 16251/97783 [08:30<37:49, 35.93pos/s]hedging:  17%|#6        | 16255/97783 [08:30<37:53, 35.86pos/s]hedging:  17%|#6        | 16259/97783 [08:31<37:07, 36.60pos/s]hedging:  17%|#6        | 16263/97783 [08:31<37:26, 36.28pos/s]hedging:  17%|#6        | 16267/97783 [08:31<38:21, 35.42pos/s]hedging:  17%|#6        | 16271/97783 [08:31<38:35, 35.20pos/s]hedging:  17%|#6        | 16275/97783 [08:31<40:04, 33.90pos/s]hedging:  17%|#6        | 16279/97783 [08:31<40:46, 33.32pos/s]hedging:  17%|#6        | 16283/97783 [08:31<39:29, 34.40pos/s]hedging:  17%|#6        | 16287/97783 [08:31<38:49, 34.98pos/s]hedging:  17%|#6        | 16291/97783 [08:31<39:07, 34.71pos/s]hedging:  17%|#6        | 16295/97783 [08:32<38:21, 35.41pos/s]hedging:  17%|#6        | 16300/97783 [08:32<36:06, 37.61pos/s]hedging:  17%|#6        | 16304/97783 [08:32<37:12, 36.50pos/s]hedging:  17%|#6        | 16309/97783 [08:32<36:53, 36.81pos/s]hedging:  17%|#6        | 16313/97783 [08:32<36:50, 36.85pos/s]hedging:  17%|#6        | 16317/97783 [08:32<36:36, 37.09pos/s]hedging:  17%|#6        | 16321/97783 [08:32<36:39, 37.03pos/s]hedging:  17%|#6        | 16325/97783 [08:32<36:36, 37.08pos/s]hedging:  17%|#6        | 16329/97783 [08:33<36:34, 37.11pos/s]hedging:  17%|#6        | 16334/97783 [08:33<35:32, 38.19pos/s]hedging:  17%|#6        | 16338/97783 [08:33<35:22, 38.38pos/s]hedging:  17%|#6        | 16342/97783 [08:33<35:49, 37.89pos/s]hedging:  17%|#6        | 16347/97783 [08:33<35:32, 38.19pos/s]hedging:  17%|#6        | 16351/97783 [08:33<36:49, 36.85pos/s]hedging:  17%|#6        | 16355/97783 [08:33<36:50, 36.83pos/s]hedging:  17%|#6        | 16359/97783 [08:33<37:06, 36.57pos/s]hedging:  17%|#6        | 16364/97783 [08:33<35:52, 37.83pos/s]hedging:  17%|#6        | 16368/97783 [08:34<36:53, 36.78pos/s]hedging:  17%|#6        | 16372/97783 [08:34<37:25, 36.26pos/s]hedging:  17%|#6        | 16376/97783 [08:34<38:20, 35.38pos/s]hedging:  17%|#6        | 16380/97783 [08:34<37:47, 35.91pos/s]hedging:  17%|#6        | 16384/97783 [08:34<37:53, 35.81pos/s]hedging:  17%|#6        | 16388/97783 [08:34<37:09, 36.51pos/s]hedging:  17%|#6        | 16392/97783 [08:34<37:03, 36.61pos/s]hedging:  17%|#6        | 16396/97783 [08:34<36:59, 36.66pos/s]hedging:  17%|#6        | 16400/97783 [08:34<37:43, 35.96pos/s]hedging:  17%|#6        | 16404/97783 [08:35<37:52, 35.81pos/s]hedging:  17%|#6        | 16408/97783 [08:35<38:16, 35.43pos/s]hedging:  17%|#6        | 16412/97783 [08:35<38:37, 35.11pos/s]hedging:  17%|#6        | 16416/97783 [08:35<38:17, 35.42pos/s]hedging:  17%|#6        | 16420/97783 [08:35<37:47, 35.88pos/s]hedging:  17%|#6        | 16424/97783 [08:35<37:02, 36.60pos/s]hedging:  17%|#6        | 16428/97783 [08:35<36:58, 36.67pos/s]hedging:  17%|#6        | 16432/97783 [08:35<37:33, 36.09pos/s]hedging:  17%|#6        | 16436/97783 [08:35<37:56, 35.73pos/s]hedging:  17%|#6        | 16440/97783 [08:36<37:28, 36.17pos/s]hedging:  17%|#6        | 16444/97783 [08:36<38:41, 35.03pos/s]hedging:  17%|#6        | 16448/97783 [08:36<38:09, 35.52pos/s]hedging:  17%|#6        | 16452/97783 [08:36<39:06, 34.66pos/s]hedging:  17%|#6        | 16456/97783 [08:36<39:12, 34.58pos/s]hedging:  17%|#6        | 16460/97783 [08:36<38:16, 35.41pos/s]hedging:  17%|#6        | 16464/97783 [08:36<37:47, 35.87pos/s]hedging:  17%|#6        | 16468/97783 [08:36<36:43, 36.90pos/s]hedging:  17%|#6        | 16473/97783 [08:36<34:52, 38.86pos/s]hedging:  17%|#6        | 16477/97783 [08:37<35:20, 38.34pos/s]hedging:  17%|#6        | 16481/97783 [08:37<35:17, 38.40pos/s]hedging:  17%|#6        | 16485/97783 [08:37<35:57, 37.68pos/s]hedging:  17%|#6        | 16490/97783 [08:37<34:49, 38.90pos/s]hedging:  17%|#6        | 16494/97783 [08:37<35:03, 38.65pos/s]hedging:  17%|#6        | 16498/97783 [08:37<37:03, 36.56pos/s]hedging:  17%|#6        | 16502/97783 [08:37<37:07, 36.49pos/s]hedging:  17%|#6        | 16506/97783 [08:37<41:56, 32.29pos/s]hedging:  17%|#6        | 16510/97783 [08:38<41:32, 32.61pos/s]hedging:  17%|#6        | 16514/97783 [08:38<41:04, 32.98pos/s]hedging:  17%|#6        | 16518/97783 [08:38<40:59, 33.04pos/s]hedging:  17%|#6        | 16522/97783 [08:38<46:50, 28.92pos/s]hedging:  17%|#6        | 16526/97783 [08:38<47:34, 28.46pos/s]hedging:  17%|#6        | 16530/97783 [08:38<45:39, 29.66pos/s]hedging:  17%|#6        | 16534/97783 [08:38<44:03, 30.74pos/s]hedging:  17%|#6        | 16538/97783 [08:38<42:48, 31.64pos/s]hedging:  17%|#6        | 16542/97783 [08:39<42:51, 31.60pos/s]hedging:  17%|#6        | 16546/97783 [08:39<42:14, 32.05pos/s]hedging:  17%|#6        | 16550/97783 [08:39<41:19, 32.76pos/s]hedging:  17%|#6        | 16554/97783 [08:39<40:17, 33.61pos/s]hedging:  17%|#6        | 16558/97783 [08:39<39:29, 34.29pos/s]hedging:  17%|#6        | 16562/97783 [08:39<39:27, 34.30pos/s]hedging:  17%|#6        | 16566/97783 [08:39<38:50, 34.85pos/s]hedging:  17%|#6        | 16570/97783 [08:39<40:22, 33.52pos/s]hedging:  17%|#6        | 16574/97783 [08:40<41:55, 32.28pos/s]hedging:  17%|#6        | 16578/97783 [08:40<43:39, 31.00pos/s]hedging:  17%|#6        | 16582/97783 [08:40<44:02, 30.73pos/s]hedging:  17%|#6        | 16586/97783 [08:40<43:36, 31.03pos/s]hedging:  17%|#6        | 16590/97783 [08:40<43:42, 30.96pos/s]hedging:  17%|#6        | 16594/97783 [08:40<43:08, 31.37pos/s]hedging:  17%|#6        | 16598/97783 [08:40<44:03, 30.71pos/s]hedging:  17%|#6        | 16602/97783 [08:40<44:54, 30.13pos/s]hedging:  17%|#6        | 16606/97783 [08:41<44:21, 30.50pos/s]hedging:  17%|#6        | 16610/97783 [08:41<42:01, 32.19pos/s]hedging:  17%|#6        | 16614/97783 [08:41<40:52, 33.10pos/s]hedging:  17%|#6        | 16618/97783 [08:41<39:16, 34.45pos/s]hedging:  17%|#6        | 16622/97783 [08:41<38:53, 34.78pos/s]hedging:  17%|#7        | 16626/97783 [08:41<39:28, 34.27pos/s]hedging:  17%|#7        | 16630/97783 [08:41<39:58, 33.84pos/s]hedging:  17%|#7        | 16634/97783 [08:41<39:55, 33.87pos/s]hedging:  17%|#7        | 16638/97783 [08:41<40:21, 33.51pos/s]hedging:  17%|#7        | 16642/97783 [08:42<41:44, 32.39pos/s]hedging:  17%|#7        | 16646/97783 [08:42<41:56, 32.24pos/s]hedging:  17%|#7        | 16650/97783 [08:42<41:15, 32.77pos/s]hedging:  17%|#7        | 16654/97783 [08:42<39:50, 33.94pos/s]hedging:  17%|#7        | 16658/97783 [08:42<38:41, 34.95pos/s]hedging:  17%|#7        | 16662/97783 [08:42<38:31, 35.09pos/s]hedging:  17%|#7        | 16666/97783 [08:42<37:36, 35.94pos/s]hedging:  17%|#7        | 16670/97783 [08:42<37:36, 35.94pos/s]hedging:  17%|#7        | 16674/97783 [08:43<37:14, 36.31pos/s]hedging:  17%|#7        | 16678/97783 [08:43<36:53, 36.64pos/s]hedging:  17%|#7        | 16682/97783 [08:43<36:05, 37.45pos/s]hedging:  17%|#7        | 16686/97783 [08:43<36:13, 37.31pos/s]hedging:  17%|#7        | 16690/97783 [08:43<36:49, 36.70pos/s]hedging:  17%|#7        | 16694/97783 [08:43<36:43, 36.80pos/s]hedging:  17%|#7        | 16698/97783 [08:43<37:40, 35.87pos/s]hedging:  17%|#7        | 16703/97783 [08:43<34:28, 39.19pos/s]hedging:  17%|#7        | 16710/97783 [08:43<29:22, 46.00pos/s]hedging:  17%|#7        | 16715/97783 [08:44<32:16, 41.86pos/s]hedging:  17%|#7        | 16720/97783 [08:44<33:47, 39.99pos/s]hedging:  17%|#7        | 16725/97783 [08:44<36:03, 37.47pos/s]hedging:  17%|#7        | 16729/97783 [08:44<38:37, 34.97pos/s]hedging:  17%|#7        | 16733/97783 [08:44<40:47, 33.12pos/s]hedging:  17%|#7        | 16737/97783 [08:44<41:16, 32.73pos/s]hedging:  17%|#7        | 16741/97783 [08:44<42:08, 32.06pos/s]hedging:  17%|#7        | 16745/97783 [08:44<41:38, 32.43pos/s]hedging:  17%|#7        | 16749/97783 [08:45<40:49, 33.09pos/s]hedging:  17%|#7        | 16753/97783 [08:45<40:12, 33.59pos/s]hedging:  17%|#7        | 16757/97783 [08:45<40:23, 33.43pos/s]hedging:  17%|#7        | 16761/97783 [08:45<40:35, 33.26pos/s]hedging:  17%|#7        | 16765/97783 [08:45<39:43, 33.99pos/s]hedging:  17%|#7        | 16769/97783 [08:45<39:45, 33.97pos/s]hedging:  17%|#7        | 16773/97783 [08:45<39:16, 34.38pos/s]hedging:  17%|#7        | 16777/97783 [08:45<38:40, 34.91pos/s]hedging:  17%|#7        | 16781/97783 [08:46<38:44, 34.84pos/s]hedging:  17%|#7        | 16785/97783 [08:46<39:07, 34.50pos/s]hedging:  17%|#7        | 16789/97783 [08:46<39:11, 34.45pos/s]hedging:  17%|#7        | 16793/97783 [08:46<38:46, 34.82pos/s]hedging:  17%|#7        | 16797/97783 [08:46<38:31, 35.03pos/s]hedging:  17%|#7        | 16801/97783 [08:46<39:55, 33.81pos/s]hedging:  17%|#7        | 16805/97783 [08:46<39:18, 34.33pos/s]hedging:  17%|#7        | 16809/97783 [08:46<38:45, 34.82pos/s]hedging:  17%|#7        | 16813/97783 [08:46<38:02, 35.48pos/s]hedging:  17%|#7        | 16817/97783 [08:47<39:25, 34.23pos/s]hedging:  17%|#7        | 16821/97783 [08:47<38:32, 35.01pos/s]hedging:  17%|#7        | 16825/97783 [08:47<38:32, 35.00pos/s]hedging:  17%|#7        | 16829/97783 [08:47<38:02, 35.47pos/s]hedging:  17%|#7        | 16833/97783 [08:47<39:20, 34.30pos/s]